Workbook

Sheet data
A1: Year | B1: Total Usage | C1: Real MYA Price | D1: Supply | E1: Elasticity | F1: -0.16565854 | H1: P | I1: P~ | J1: A | K1: S | L1: V | M1: IV | N1: K | O1: supply | P1: use | Q1: G | R1: y | S1: dy | T1: dPrice | U1: KD | V1: GD | W1: KS | X1: GS | Y1: yD | Z1: yS | AA1: U | AB1: S
A2: 2000 | B2: 2803.7648 | C2: 9.0152456 | D2: 3051.5275 | E2: inverted elasticiy | F2: =1/F1 -> -6.0365133 | G2: 2000 | H2: =C2 -> 9.0152456 | I2: =H2^$F$1 -> 0.69470401 | J2: =B2/I2 -> 4035.9127 | K2: =D2/J2 -> 0.75609354 | L2: =K2^$F$2 -> 5.4072998 | M2: =100*L2/$L$11 -> 48.033919 | N2: =100*$K$11^-$F$2 -> 8.8831619 | O2: =D2 -> 3051.5275 | P2: =B2 -> 2803.7648 | Q2: =(D2/B2)^$F$2 -> 0.59979506 | R2: =$F$3+$F$4*(N2*H2)*Q2 -> 10.372225
A3: 2001 | B3: 2932.6984 | C3: 8.4303226 | D3: 3140.778 | E3: b0 | F3: 5.7389455 | G3: 2001 | H3: =C3 -> 8.4303226 | I3: =H3^$F$1 -> 0.70246712 | J3: =B3/I3 -> 4174.8551 | K3: =D3/J3 -> 0.75230827 | L3: =K3^$F$2 -> 5.5736307 | M3: =100*L3/$L$11 -> 49.511464 | N3: =100*$K$11^-$F$2 -> 8.8831619 | O3: =D3 -> 3140.778 | P3: =B3 -> 2932.6984 | Q3: =(D3/B3)^$F$2 -> 0.66114086 | R3: =$F$3+$F$4*(N3*H3)*Q3 -> 10.514747 | S3: =R3-R2 -> 0.14252177 | T3: =H3-H2 -> -0.58492306 | U3: =100*($D$10/$J$11)^-$F$2 -> 4.9126418 | V3: =(D2/B3)^$F$2 -> 0.78681171 | W3: =100*($D$11/($B$10/$I$11))^-$F$2 -> 16.108143 | X3: =(D3/B2)^$F$2 -> 0.50399482 | Y3: =$F$3+$F$4*(N3*H3)*V3 -> 11.42254 | Z3: =$F$3+$F$4*(N3*H3)*X3 -> 9.3795903 | AA3: =0.5*((Y3-R2)+(R3-Z3)) -> 1.0927355 | AB3: =0.5*((Z3-R2)+(R3-Y3)) -> -0.95021374 | AC3: =AA3+AB3 -> 0.14252177
A4: 2002 | B4: 2790.5738 | C4: 10.451116 | D4: 2968.891 | E4: b1 | F4: 0.096458491 | G4: 2002 | H4: =C4 -> 10.451116 | I4: =H4^$F$1 -> 0.67790213 | J4: =B4/I4 -> 4116.4848 | K4: =D4/J4 -> 0.72121995 | L4: =K4^$F$2 -> 7.1907802 | M4: =100*L4/$L$11 -> 63.876865 | N4: =100*$K$11^-$F$2 -> 8.8831619 | O4: =D4 -> 2968.891 | P4: =B4 -> 2790.5738 | Q4: =(D4/B4)^$F$2 -> 0.68803945 | R4: =$F$3+$F$4*(N4*H4)*Q4 -> 11.900412 | S4: =R4-R3 -> 1.3856649 | T4: =H4-H3 -> 2.0207936 | U4: =100*($D$10/$J$11)^-$F$2 -> 4.9126418 | V4: =(D3/B4)^$F$2 -> 0.48984976 | W4: =100*($D$11/($B$10/$I$11))^-$F$2 -> 16.108143 | X4: =(D4/B3)^$F$2 -> 0.92863371 | Y4: =$F$3+$F$4*(N4*H4)*V4 -> 10.125602 | Z4: =$F$3+$F$4*(N4*H4)*X4 -> 14.054958 | AA4: =0.5*((Y4-R3)+(R4-Z4)) -> -1.2718459 | AB4: =0.5*((Z4-R3)+(R4-Y4)) -> 2.6575107 | AC4: =AA4+AB4 -> 1.3856649
A5: 2003 | B5: 2525.321 | C5: 13.584963 | D5: 2637.72 | G5: 2003 | H5: =C5 -> 13.584963 | I5: =H5^$F$1 -> 0.64908143 | J5: =B5/I5 -> 3890.6074 | K5: =D5/J5 -> 0.67797126 | L5: =K5^$F$2 -> 10.444685 | M5: =100*L5/$L$11 -> 92.781824 | N5: =100*$K$11^-$F$2 -> 8.8831619 | O5: =D5 -> 2637.72 | P5: =B5 -> 2525.321 | Q5: =(D5/B5)^$F$2 -> 0.76884159 | R5: =$F$3+$F$4*(N5*H5)*Q5 -> 14.68854 | S5: =R5-R4 -> 2.7881287 | T5: =H5-H4 -> 3.1338469 | U5: =100*($D$10/$J$11)^-$F$2 -> 4.9126418 | V5: =(D4/B5)^$F$2 -> 0.37650262 | W5: =100*($D$11/($B$10/$I$11))^-$F$2 -> 16.108143 | X5: =(D5/B4)^$F$2 -> 1.405019 | Y5: =$F$3+$F$4*(N5*H5)*V5 -> 10.121572 | Z5: =$F$3+$F$4*(N5*H5)*X5 -> 22.093876 | AA5: =0.5*((Y5-R4)+(R5-Z5)) -> -4.5920875 | AB5: =0.5*((Z5-R4)+(R5-Y5)) -> 7.3802162 | AC5: =AA5+AB5 -> 2.7881287
A6: 2004 | B6: 2986.0503 | C6: 10.2746 | D6: 3241.7864 | G6: 2004 | H6: =C6 -> 10.2746 | I6: =H6^$F$1 -> 0.67981775 | J6: =B6/I6 -> 4392.4277 | K6: =D6/J6 -> 0.7380398 | L6: =K6^$F$2 -> 6.2565966 | M6: =100*L6/$L$11 -> 55.578361 | N6: =100*$K$11^-$F$2 -> 8.8831619 | O6: =D6 -> 3241.7864 | P6: =B6 -> 2986.0503 | Q6: =(D6/B6)^$F$2 -> 0.60893822 | R6: =$F$3+$F$4*(N6*H6)*Q6 -> 11.09995 | S6: =R6-R5 -> -3.5885899 | T6: =H6-H5 -> -3.3103631 | U6: =100*($D$10/$J$11)^-$F$2 -> 4.9126418 | V6: =(D5/B6)^$F$2 -> 2.1143528 | W6: =100*($D$11/($B$10/$I$11))^-$F$2 -> 16.108143 | X6: =(D6/B5)^$F$2 -> 0.22142806 | Y6: =$F$3+$F$4*(N6*H6)*V6 -> 24.353405 | Z6: =$F$3+$F$4*(N6*H6)*X6 -> 7.6883664 | AA6: =0.5*((Y6-R5)+(R6-Z6)) -> 6.5382241 | AB6: =0.5*((Z6-R5)+(R6-Y6)) -> -10.126814 | AC6: =AA6+AB6 -> -3.5885899
A7: 2005 | B7: 2878.134 | C7: 9.8911855 | D7: 3327.4727 | G7: 2005 | H7: =C7 -> 9.8911855 | I7: =H7^$F$1 -> 0.68411421 | J7: =B7/I7 -> 4207.0958 | K7: =D7/J7 -> 0.79091917 | L7: =K7^$F$2 -> 4.1202819 | M7: =100*L7/$L$11 -> 36.601131 | N7: =100*$K$11^-$F$2 -> 8.8831619 | O7: =D7 -> 3327.4727 | P7: =B7 -> 2878.134 | Q7: =(D7/B7)^$F$2 -> 0.41656098 | R7: =$F$3+$F$4*(N7*H7)*Q7 -> 9.2694354 | S7: =R7-R6 -> -1.8305149 | T7: =H7-H6 -> -0.3834145 | U7: =100*($D$10/$J$11)^-$F$2 -> 4.9126418 | V7: =(D6/B7)^$F$2 -> 0.48761036 | W7: =100*($D$11/($B$10/$I$11))^-$F$2 -> 16.108143 | X7: =(D7/B6)^$F$2 -> 0.52021024 | Y7: =$F$3+$F$4*(N7*H7)*V7 -> 9.871602 | Z7: =$F$3+$F$4*(N7*H7)*X7 -> 10.147897 | AA7: =0.5*((Y7-R6)+(R7-Z7)) -> -1.0534048 | AB7: =0.5*((Z7-R6)+(R7-Y7)) -> -0.77711015 | AC7: =AA7+AB7 -> -1.8305149
A8: 2006 | B8: 3081.2899 | C8: 10.976553 | D8: 3655.1163 | G8: 2006 | H8: =C8 -> 10.976553 | I8: =H8^$F$1 -> 0.67241582 | J8: =B8/I8 -> 4582.4174 | K8: =D8/J8 -> 0.79763932 | L8: =K8^$F$2 -> 3.9151286 | M8: =100*L8/$L$11 -> 34.778721 | N8: =100*$K$11^-$F$2 -> 8.8831619 | O8: =D8 -> 3655.1163 | P8: =B8 -> 3081.2899 | Q8: =(D8/B8)^$F$2 -> 0.35668106 | R8: =$F$3+$F$4*(N8*H8)*Q8 -> 9.0936485 | S8: =R8-R7 -> -0.17578689 | T8: =H8-H7 -> 1.0853676 | U8: =100*($D$10/$J$11)^-$F$2 -> 4.9126418 | V8: =(D7/B8)^$F$2 -> 0.62876663 | W8: =100*($D$11/($B$10/$I$11))^-$F$2 -> 16.108143 | X8: =(D8/B7)^$F$2 -> 0.23630296 | Y8: =$F$3+$F$4*(N8*H8)*V8 -> 11.652703 | Z8: =$F$3+$F$4*(N8*H8)*X8 -> 7.9614528 | AA8: =0.5*((Y8-R7)+(R8-Z8)) -> 1.7577317 | AB8: =0.5*((Z8-R7)+(R8-Y8)) -> -1.9335186 | AC8: =AA8+AB8 -> -0.17578689
A9: 2007 | B9: 3055.7898 | C9: 16.586239 | D9: 3260.8197 | G9: 2007 | H9: =C9 -> 16.586239 | I9: =H9^$F$1 -> 0.62796919 | J9: =B9/I9 -> 4866.1461 | K9: =D9/J9 -> 0.67010312 | L9: =K9^$F$2 -> 11.20723 | M9: =100*L9/$L$11 -> 99.555642 | N9: =100*$K$11^-$F$2 -> 8.8831619 | O9: =D9 -> 3260.8197 | P9: =B9 -> 3055.7898 | Q9: =(D9/B9)^$F$2 -> 0.67569451 | R9: =$F$3+$F$4*(N9*H9)*Q9 -> 15.341933 | S9: =R9-R8 -> 6.248284 | T9: =H9-H8 -> 5.6096854 | U9: =100*($D$10/$J$11)^-$F$2 -> 4.9126418 | V9: =(D8/B9)^$F$2 -> 0.33922961 | W9: =100*($D$11/($B$10/$I$11))^-$F$2 -> 16.108143 | X9: =(D9/B8)^$F$2 -> 0.7104552 | Y9: =$F$3+$F$4*(N9*H9)*V9 -> 10.560085 | Z9: =$F$3+$F$4*(N9*H9)*X9 -> 15.835952 | AA9: =0.5*((Y9-R8)+(R9-Z9)) -> 0.48620838 | AB9: =0.5*((Z9-R8)+(R9-Y9)) -> 5.7620756 | AC9: =AA9+AB9 -> 6.248284
A10: 2008 | B10: 3047.1183 | C10: 15.537823 | D10: 3185.3114 | G10: 2008 | H10: =C10 -> 15.537823 | I10: =H10^$F$1 -> 0.63479871 | J10: =B10/I10 -> 4800.1331 | K10: =D10/J10 -> 0.66358814 | L10: =K10^$F$2 -> 11.888071 | M10: =100*L10/$L$11 -> 105.60366 | N10: =100*$K$11^-$F$2 -> 8.8831619 | O10: =D10 -> 3185.3114 | P10: =B10 -> 3047.1183 | Q10: =(D10/B10)^$F$2 -> 0.7651053 | R10: =$F$3+$F$4*(N10*H10)*Q10 -> 15.925315 | S10: =R10-R9 -> 0.58338271 | T10: =H10-H9 -> -1.0484151 | U10: =100*($D$10/$J$11)^-$F$2 -> 4.9126418 | V10: =(D9/B10)^$F$2 -> 0.66420226 | W10: =100*($D$11/($B$10/$I$11))^-$F$2 -> 16.108143 | X10: =(D10/B9)^$F$2 -> 0.77834342 | Y10: =$F$3+$F$4*(N10*H10)*V10 -> 14.581924 | Z10: =$F$3+$F$4*(N10*H10)*X10 -> 16.101563 | AA10: =0.5*((Y10-R9)+(R10-Z10)) -> -0.46812825 | AB10: =0.5*((Z10-R9)+(R10-Y10)) -> 1.051511 | AC10: =AA10+AB10 -> 0.58338271
A11: 2009 | B11: 3362.8569 | C11: 14.67188 | D11: 3513.7265 | G11: 2009 | H11: =C11 -> 14.67188 | I11: =H11^$F$1 -> 0.64085779 | J11: =B11/I11 -> 5247.4308 | K11: =D11/J11 -> 0.66960893 | L11: =K11^$F$2 -> 11.257253 | M11: =100*L11/$L$11 -> 100 | N11: =100*$K$11^-$F$2 -> 8.8831619 | O11: =D11 -> 3513.7265 | P11: =B11 -> 3362.8569 | Q11: =(D11/B11)^$F$2 -> 0.76726723 | R11: =$F$3+$F$4*(N11*H11)*Q11 -> 15.384795 | S11: =R11-R10 -> -0.54052058 | T11: =H11-H10 -> -0.86594304 | U11: =100*($D$10/$J$11)^-$F$2 -> 4.9126418 | V11: =(D10/B11)^$F$2 -> 1.3873918 | W11: =100*($D$11/($B$10/$I$11))^-$F$2 -> 16.108143 | X11: =(D11/B10)^$F$2 -> 0.42312505 | Y11: =$F$3+$F$4*(N11*H11)*V11 -> 23.180811 | Z11: =$F$3+$F$4*(N11*H11)*X11 -> 11.058344 | AA11: =0.5*((Y11-R10)+(R11-Z11)) -> 5.7909731 | AB11: =0.5*((Z11-R10)+(R11-Y11)) -> -6.3314937 | AC11: =AA11+AB11 -> -0.54052058
A12: 2010 | B12: 3281.5798 | C12: 17.162303 | D12: 3496.604 | G12: 2010 | H12: =C12 -> 17.162303 | I12: =H12^$F$1 -> 0.62442748 | J12: =B12/I12 -> 5255.3418 | K12: =D12/J12 -> 0.66534283 | L12: =K12^$F$2 -> 11.700066 | M12: =100*L12/$L$11 -> 103.93358 | N12: =100*$K$11^-$F$2 -> 8.8831619 | O12: =D12 -> 3496.604 | P12: =B12 -> 3281.5798 | Q12: =(D12/B12)^$F$2 -> 0.68173052 | R12: =$F$3+$F$4*(N12*H12)*Q12 -> 15.764222 | S12: =R12-R11 -> 0.37942702 | T12: =H12-H11 -> 2.4904227 | U12: =100*($D$10/$J$11)^-$F$2 -> 4.9126418 | V12: =(D11/B12)^$F$2 -> 0.66192106 | W12: =100*($D$11/($B$10/$I$11))^-$F$2 -> 16.108143 | X12: =(D12/B11)^$F$2 -> 0.7902294 | Y12: =$F$3+$F$4*(N12*H12)*V12 -> 15.472911 | Z12: =$F$3+$F$4*(N12*H12)*X12 -> 17.359766 | AA12: =0.5*((Y12-R11)+(R12-Z12)) -> -0.75371386 | AB12: =0.5*((Z12-R11)+(R12-Y12)) -> 1.1331409 | AC12: =AA12+AB12 -> 0.37942702
A13: 2011 | B13: 3158.9294 | C13: 18.318713 | D13: 3328.3178 | G13: 2011 | H13: =C13 -> 18.318713 | I13: =H13^$F$1 -> 0.61771857 | J13: =B13/I13 -> 5113.865 | K13: =D13/J13 -> 0.65084195 | L13: =K13^$F$2 -> 13.364645 | M13: =100*L13/$L$11 -> 118.7203 | N13: =100*$K$11^-$F$2 -> 8.8831619 | O13: =D13 -> 3328.3178 | P13: =B13 -> 3158.9294 | Q13: =(D13/B13)^$F$2 -> 0.72956241 | R13: =$F$3+$F$4*(N13*H13)*Q13 -> 17.190527 | S13: =R13-R12 -> 1.4263051 | T13: =H13-H12 -> 1.1564104 | U13: =100*($D$10/$J$11)^-$F$2 -> 4.9126418 | V13: =(D12/B13)^$F$2 -> 0.5416894 | W13: =100*($D$11/($B$10/$I$11))^-$F$2 -> 16.108143 | X13: =(D13/B12)^$F$2 -> 0.91817369 | Y13: =$F$3+$F$4*(N13*H13)*V13 -> 14.241577 | Z13: =$F$3+$F$4*(N13*H13)*X13 -> 20.151065 | AA13: =0.5*((Y13-R12)+(R13-Z13)) -> -2.2415916 | AB13: =0.5*((Z13-R12)+(R13-Y13)) -> 3.6678966 | AC13: =AA13+AB13 -> 1.4263051
A14: 2012 | B14: 3111.4198 | C14: 20.59726 | D14: 3251.9644 | G14: 2012 | H14: =C14 -> 20.59726 | I14: =H14^$F$1 -> 0.60583762 | J14: =B14/I14 -> 5135.7322 | K14: =D14/J14 -> 0.63320366 | L14: =K14^$F$2 -> 15.775597 | M14: =100*L14/$L$11 -> 140.13718 | N14: =100*$K$11^-$F$2 -> 8.8831619 | O14: =D14 -> 3251.9644 | P14: =B14 -> 3111.4198 | Q14: =(D14/B14)^$F$2 -> 0.76590753 | R14: =$F$3+$F$4*(N14*H14)*Q14 -> 19.256366 | S14: =R14-R13 -> 2.0658397 | T14: =H14-H13 -> 2.2785468 | U14: =100*($D$10/$J$11)^-$F$2 -> 4.9126418 | V14: =(D13/B14)^$F$2 -> 0.66578543 | W14: =100*($D$11/($B$10/$I$11))^-$F$2 -> 16.108143 | X14: =(D14/B13)^$F$2 -> 0.83927542 | Y14: =$F$3+$F$4*(N14*H14)*V14 -> 17.489322 | Z14: =$F$3+$F$4*(N14*H14)*X14 -> 20.551228 | AA14: =0.5*((Y14-R13)+(R14-Z14)) -> -0.49803335 | AB14: =0.5*((Z14-R13)+(R14-Y14)) -> 2.5638731 | AC14: =AA14+AB14 -> 2.0658397
A15: 2013 | B15: 3477.3135 | C15: 18.322835 | D15: 3569.3198 | G15: 2013 | H15: =C15 -> 18.322835 | I15: =H15^$F$1 -> 0.61769555 | J15: =B15/I15 -> 5629.4942 | K15: =D15/J15 -> 0.63403916 | L15: =K15^$F$2 -> 15.650525 | M15: =100*L15/$L$11 -> 139.02615 | N15: =100*$K$11^-$F$2 -> 8.8831619 | O15: =D15 -> 3569.3198 | P15: =B15 -> 3477.3135 | Q15: =(D15/B15)^$F$2 -> 0.85415414 | R15: =$F$3+$F$4*(N15*H15)*Q15 -> 19.149198 | S15: =R15-R14 -> -0.10716853 | T15: =H15-H14 -> -2.2744256 | U15: =100*($D$10/$J$11)^-$F$2 -> 4.9126418 | V15: =(D14/B15)^$F$2 -> 1.4984797 | W15: =100*($D$11/($B$10/$I$11))^-$F$2 -> 16.108143 | X15: =(D15/B14)^$F$2 -> 0.43657788 | Y15: =$F$3+$F$4*(N15*H15)*V15 -> 29.265133 | Z15: =$F$3+$F$4*(N15*H15)*X15 -> 12.593235 | AA15: =0.5*((Y15-R14)+(R15-Z15)) -> 8.282365 | AB15: =0.5*((Z15-R14)+(R15-Y15)) -> -8.3895335 | AC15: =AA15+AB15 -> -0.10716853
A16: 2014 | B16: 3862.6815 | C16: 13.922222 | D16: 4053.3078 | G16: 2014 | H16: =C16 -> 13.922222 | I16: =H16^$F$1 -> 0.64644995 | J16: =B16/I16 -> 5975.2212 | K16: =D16/J16 -> 0.67835275 | L16: =K16^$F$2 -> 10.409277 | M16: =100*L16/$L$11 -> 92.467291 | N16: =100*$K$11^-$F$2 -> 8.8831619 | O16: =D16 -> 4053.3078 | P16: =B16 -> 3862.6815 | Q16: =(D16/B16)^$F$2 -> 0.74767351 | R16: =$F$3+$F$4*(N16*H16)*Q16 -> 14.658201 | S16: =R16-R15 -> -4.490997 | T16: =H16-H15 -> -4.4006124 | U16: =100*($D$10/$J$11)^-$F$2 -> 4.9126418 | V16: =(D15/B16)^$F$2 -> 1.610917 | W16: =100*($D$11/($B$10/$I$11))^-$F$2 -> 16.108143 | X16: =(D16/B15)^$F$2 -> 0.39643782 | Y16: =$F$3+$F$4*(N16*H16)*V16 -> 24.95613 | Z16: =$F$3+$F$4*(N16*H16)*X16 -> 10.468189 | AA16: =0.5*((Y16-R15)+(R16-Z16)) -> 4.9984721 | AB16: =0.5*((Z16-R15)+(R16-Y16)) -> -9.4894691 | AC16: =AA16+AB16 -> -4.490997
... A27: 2025 | B27: 4256.9781 | C27: 10.2 | D27: 4606.6679 | G27: 2025 | H27: =C27 -> 10.2 | I27: =H27^$F$1 -> 0.6806389 | J27: =B27/I27 -> 6254.3856 | K27: =D27/J27 -> 0.73655003 | L27: =K27^$F$2 -> 6.3333774 | M27: =100*L27/$L$11 -> 56.260417 | N27: =100*$K$11^-$F$2 -> 8.8831619 | O27: =D27 -> 4606.6679 | P27: =B27 -> 4256.9781 | Q27: =(D27/B27)^$F$2 -> 0.62091935 | R27: =$F$3+$F$4*(N27*H27)*Q27 -> 11.16574 | S27: =R27-R26 -> -0.26742508 | T27: =H27-H26 -> 0.004719284 | U27: =100*($D$10/$J$11)^-$F$2 -> 4.9126418 | V27: =(D26/B27)^$F$2 -> 0.51894422 | W27: =100*($D$11/($B$10/$I$11))^-$F$2 -> 16.108143 | X27: =(D27/B26)^$F$2 -> 0.77990469 | Y27: =$F$3+$F$4*(N27*H27)*V27 -> 10.274484 | Z27: =$F$3+$F$4*(N27*H27)*X27 -> 12.555262 | AA27: =0.5*((Y27-R26)+(R27-Z27)) -> -1.2741013 | AB27: =0.5*((Z27-R26)+(R27-Y27)) -> 1.0066763 | AC27: =AA27+AB27 -> -0.26742508

Sheet ggggg
A1: Year | B1: Total Usage | C1: Real MYA Price | D1: Supply | E1: Elasticity | F1: -0.16565854 | H1: P | I1: P~ | J1: A | K1: S | L1: V | M1: IV | N1: K | O1: G | P1: y | Q1: dp | R1: dy | S1: S1 | T1: U1 | U1: S0 | V1: U0 | W1: const | X1: Pred_Base | Y1: Pred_S_Only | Z1: Pred_U_Only | AA1: Pred_Curr | AB1: C(S) | AC1: C(U) | AE1: lambda_S | AF1: lambda_U | AG1: E(S) | AH1: E(U)
A2: 2000 | B2: 2803.7648 | C2: 9.0152456 | D2: 3051.5275 | E2: inverted elasticiy | F2: =1/F1 -> -6.0365133 | G2: 2000 | H2: =C2 -> 9.0152456 | I2: =H2^$F$1 -> 0.69470401 | J2: =B2/I2 -> 4035.9127 | K2: =D2/J2 -> 0.75609354 | L2: =K2^$F$2 -> 5.4072998 | M2: =100*L2/$L$11 -> 48.033919 | N2: =100*$K$11^-$F$2 -> 8.8831619 | O2: =(D2/B2)^$F$2 -> 0.59979506 | P2: =$F$3+$F$4*(N2*H2)*O2 -> 10.372225 | S2: =D2 -> 3051.5275 | T2: =B2 -> 2803.7648
A3: 2001 | B3: 2932.6984 | C3: 8.4303226 | D3: 3140.778 | E3: b0 | F3: 5.7389455 | G3: 2001 | H3: =C3 -> 8.4303226 | I3: =H3^$F$1 -> 0.70246712 | J3: =B3/I3 -> 4174.8551 | K3: =D3/J3 -> 0.75230827 | L3: =K3^$F$2 -> 5.5736307 | M3: =100*L3/$L$11 -> 49.511464 | N3: =100*$K$11^-$F$2 -> 8.8831619 | O3: =(D3/B3)^$F$2 -> 0.66114086 | P3: =$F$3+$F$4*(N3*H3)*O3 -> 10.514747 | Q3: =H3-H2 -> -0.58492306 | R3: =P3-P2 -> 0.14252177 | S3: =D3 -> 3140.778 | T3: =B3 -> 2932.6984 | U3: =D2 -> 3051.5275 | V3: =B2 -> 2803.7648 | W3: =N3*H3*$F$4 -> 7.2235758 | X3: =$F$3+W3*((U3/V3)^$F$2) -> 10.071611 | Y3: =$F$3+W3*((S3/V3)^$F$2) -> 9.3795903 | Z3: =$F$3+W3*((U3/T3)^$F$2) -> 11.42254 | AA3: =$F$3+W3*((S3/T3)^$F$2) -> 10.514747 | AB3: =0.5*((Y3-X3)+(AA3-Z3)) -> -0.79990658 | AC3: =0.5*((Z3-X3)+(AA3-Y3)) -> 1.2430427 | AD3: =AC3+AB3 -> 0.44313609 | AE3: =(AB3)/(ABS(AB3)+ABS(AC3)) -> -0.39154501 | AF3: =(AC3)/(ABS(AB3)+ABS(AC3)) -> 0.60845499 | AG3: =AE3*$Q3 -> 0.2290237 | AH3: =AF3*$Q3 -> -0.35589936
A4: 2002 | B4: 2790.5738 | C4: 10.451116 | D4: 2968.891 | E4: b1 | F4: 0.096458491 | G4: 2002 | H4: =C4 -> 10.451116 | I4: =H4^$F$1 -> 0.67790213 | J4: =B4/I4 -> 4116.4848 | K4: =D4/J4 -> 0.72121995 | L4: =K4^$F$2 -> 7.1907802 | M4: =100*L4/$L$11 -> 63.876865 | N4: =100*$K$11^-$F$2 -> 8.8831619 | O4: =(D4/B4)^$F$2 -> 0.68803945 | P4: =$F$3+$F$4*(N4*H4)*O4 -> 11.900412 | Q4: =H4-H3 -> 2.0207936 | R4: =P4-P3 -> 1.3856649 | S4: =D4 -> 2968.891 | T4: =B4 -> 2790.5738 | U4: =D3 -> 3140.778 | V4: =B3 -> 2932.6984 | W4: =N4*H4*$F$4 -> 8.9551057 | X4: =$F$3+W4*((U4/V4)^$F$2) -> 11.659532 | Y4: =$F$3+W4*((S4/V4)^$F$2) -> 14.054958 | Z4: =$F$3+W4*((U4/T4)^$F$2) -> 10.125602 | AA4: =$F$3+W4*((S4/T4)^$F$2) -> 11.900412 | AB4: =0.5*((Y4-X4)+(AA4-Z4)) -> 2.0851181 | AC4: =0.5*((Z4-X4)+(AA4-Y4)) -> -1.8442385 | AD4: =AC4+AB4 -> 0.2408797 | AE4: =(AB4)/(ABS(AB4)+ABS(AC4)) -> 0.53065129 | AF4: =(AC4)/(ABS(AB4)+ABS(AC4)) -> -0.46934871 | AG4: =AE4*$Q4 -> 1.0723367 | AH4: =AF4*$Q4 -> -0.94845685
A5: 2003 | B5: 2525.321 | C5: 13.584963 | D5: 2637.72 | G5: 2003 | H5: =C5 -> 13.584963 | I5: =H5^$F$1 -> 0.64908143 | J5: =B5/I5 -> 3890.6074 | K5: =D5/J5 -> 0.67797126 | L5: =K5^$F$2 -> 10.444685 | M5: =100*L5/$L$11 -> 92.781824 | N5: =100*$K$11^-$F$2 -> 8.8831619 | O5: =(D5/B5)^$F$2 -> 0.76884159 | P5: =$F$3+$F$4*(N5*H5)*O5 -> 14.68854 | Q5: =H5-H4 -> 3.1338469 | R5: =P5-P4 -> 2.7881287 | S5: =D5 -> 2637.72 | T5: =B5 -> 2525.321 | U5: =D4 -> 2968.891 | V5: =B4 -> 2790.5738 | W5: =N5*H5*$F$4 -> 11.640362 | X5: =$F$3+W5*((U5/V5)^$F$2) -> 13.747974 | Y5: =$F$3+W5*((S5/V5)^$F$2) -> 22.093876 | Z5: =$F$3+W5*((U5/T5)^$F$2) -> 10.121572 | AA5: =$F$3+W5*((S5/T5)^$F$2) -> 14.68854 | AB5: =0.5*((Y5-X5)+(AA5-Z5)) -> 6.4564349 | AC5: =0.5*((Z5-X5)+(AA5-Y5)) -> -5.5158688 | AD5: =AC5+AB5 -> 0.94056615 | AE5: =(AB5)/(ABS(AB5)+ABS(AC5)) -> 0.53928092 | AF5: =(AC5)/(ABS(AB5)+ABS(AC5)) -> -0.46071908 | AG5: =AE5*$Q5 -> 1.6900238 | AH5: =AF5*$Q5 -> -1.4438231
A6: 2004 | B6: 2986.0503 | C6: 10.2746 | D6: 3241.7864 | G6: 2004 | H6: =C6 -> 10.2746 | I6: =H6^$F$1 -> 0.67981775 | J6: =B6/I6 -> 4392.4277 | K6: =D6/J6 -> 0.7380398 | L6: =K6^$F$2 -> 6.2565966 | M6: =100*L6/$L$11 -> 55.578361 | N6: =100*$K$11^-$F$2 -> 8.8831619 | O6: =(D6/B6)^$F$2 -> 0.60893822 | P6: =$F$3+$F$4*(N6*H6)*O6 -> 11.09995 | Q6: =H6-H5 -> -3.3103631 | R6: =P6-P5 -> -3.5885899 | S6: =D6 -> 3241.7864 | T6: =B6 -> 2986.0503 | U6: =D5 -> 2637.72 | V6: =B5 -> 2525.321 | W6: =N6*H6*$F$4 -> 8.8038567 | X6: =$F$3+W6*((U6/V6)^$F$2) -> 12.507717 | Y6: =$F$3+W6*((S6/V6)^$F$2) -> 7.6883664 | Z6: =$F$3+W6*((U6/T6)^$F$2) -> 24.353405 | AA6: =$F$3+W6*((S6/T6)^$F$2) -> 11.09995 | AB6: =0.5*((Y6-X6)+(AA6-Z6)) -> -9.0364022 | AC6: =0.5*((Z6-X6)+(AA6-Y6)) -> 7.6286359 | AD6: =AC6+AB6 -> -1.4077663 | AE6: =(AB6)/(ABS(AB6)+ABS(AC6)) -> -0.54223712 | AF6: =(AC6)/(ABS(AB6)+ABS(AC6)) -> 0.45776288 | AG6: =AE6*$Q6 -> 1.7950017 | AH6: =AF6*$Q6 -> -1.5153613
A7: 2005 | B7: 2878.134 | C7: 9.8911855 | D7: 3327.4727 | G7: 2005 | H7: =C7 -> 9.8911855 | I7: =H7^$F$1 -> 0.68411421 | J7: =B7/I7 -> 4207.0958 | K7: =D7/J7 -> 0.79091917 | L7: =K7^$F$2 -> 4.1202819 | M7: =100*L7/$L$11 -> 36.601131 | N7: =100*$K$11^-$F$2 -> 8.8831619 | O7: =(D7/B7)^$F$2 -> 0.41656098 | P7: =$F$3+$F$4*(N7*H7)*O7 -> 9.2694354 | Q7: =H7-H6 -> -0.3834145 | R7: =P7-P6 -> -1.8305149 | S7: =D7 -> 3327.4727 | T7: =B7 -> 2878.134 | U7: =D6 -> 3241.7864 | V7: =B6 -> 2986.0503 | W7: =N7*H7*$F$4 -> 8.4753255 | X7: =$F$3+W7*((U7/V7)^$F$2) -> 10.899895 | Y7: =$F$3+W7*((S7/V7)^$F$2) -> 10.147897 | Z7: =$F$3+W7*((U7/T7)^$F$2) -> 9.871602 | AA7: =$F$3+W7*((S7/T7)^$F$2) -> 9.2694354 | AB7: =0.5*((Y7-X7)+(AA7-Z7)) -> -0.67708256 | AC7: =0.5*((Z7-X7)+(AA7-Y7)) -> -0.9533772 | AD7: =AC7+AB7 -> -1.6304598 | AE7: =(AB7)/(ABS(AB7)+ABS(AC7)) -> -0.41527094 | AF7: =(AC7)/(ABS(AB7)+ABS(AC7)) -> -0.58472906 | AG7: =AE7*$Q7 -> 0.1592209 | AH7: =AF7*$Q7 -> 0.2241936
A8: 2006 | B8: 3081.2899 | C8: 10.976553 | D8: 3655.1163 | G8: 2006 | H8: =C8 -> 10.976553 | I8: =H8^$F$1 -> 0.67241582 | J8: =B8/I8 -> 4582.4174 | K8: =D8/J8 -> 0.79763932 | L8: =K8^$F$2 -> 3.9151286 | M8: =100*L8/$L$11 -> 34.778721 | N8: =100*$K$11^-$F$2 -> 8.8831619 | O8: =(D8/B8)^$F$2 -> 0.35668106 | P8: =$F$3+$F$4*(N8*H8)*O8 -> 9.0936485 | Q8: =H8-H7 -> 1.0853676 | R8: =P8-P7 -> -0.17578689 | S8: =D8 -> 3655.1163 | T8: =B8 -> 3081.2899 | U8: =D7 -> 3327.4727 | V8: =B7 -> 2878.134 | W8: =N8*H8*$F$4 -> 9.4053297 | X8: =$F$3+W8*((U8/V8)^$F$2) -> 9.6568389 | Y8: =$F$3+W8*((S8/V8)^$F$2) -> 7.9614528 | Z8: =$F$3+W8*((U8/T8)^$F$2) -> 11.652703 | AA8: =$F$3+W8*((S8/T8)^$F$2) -> 9.0936485 | AB8: =0.5*((Y8-X8)+(AA8-Z8)) -> -2.1272203 | AC8: =0.5*((Z8-X8)+(AA8-Y8)) -> 1.5640299 | AD8: =AC8+AB8 -> -0.56319035 | AE8: =(AB8)/(ABS(AB8)+ABS(AC8)) -> -0.57628721 | AF8: =(AC8)/(ABS(AB8)+ABS(AC8)) -> 0.42371279 | AG8: =AE8*$Q8 -> -0.62548349 | AH8: =AF8*$Q8 -> 0.45988415
A9: 2007 | B9: 3055.7898 | C9: 16.586239 | D9: 3260.8197 | G9: 2007 | H9: =C9 -> 16.586239 | I9: =H9^$F$1 -> 0.62796919 | J9: =B9/I9 -> 4866.1461 | K9: =D9/J9 -> 0.67010312 | L9: =K9^$F$2 -> 11.20723 | M9: =100*L9/$L$11 -> 99.555642 | N9: =100*$K$11^-$F$2 -> 8.8831619 | O9: =(D9/B9)^$F$2 -> 0.67569451 | P9: =$F$3+$F$4*(N9*H9)*O9 -> 15.341933 | Q9: =H9-H8 -> 5.6096854 | R9: =P9-P8 -> 6.248284 | S9: =D9 -> 3260.8197 | T9: =B9 -> 3055.7898 | U9: =D8 -> 3655.1163 | V9: =B8 -> 3081.2899 | W9: =N9*H9*$F$4 -> 14.212024 | X9: =$F$3+W9*((U9/V9)^$F$2) -> 10.808106 | Y9: =$F$3+W9*((S9/V9)^$F$2) -> 15.835952 | Z9: =$F$3+W9*((U9/T9)^$F$2) -> 10.560085 | AA9: =$F$3+W9*((S9/T9)^$F$2) -> 15.341933 | AB9: =0.5*((Y9-X9)+(AA9-Z9)) -> 4.9048471 | AC9: =0.5*((Z9-X9)+(AA9-Y9)) -> -0.37102012 | AD9: =AC9+AB9 -> 4.533827 | AE9: =(AB9)/(ABS(AB9)+ABS(AC9)) -> 0.92967599 | AF9: =(AC9)/(ABS(AB9)+ABS(AC9)) -> -0.070324006 | AG9: =AE9*$Q9 -> 5.2151898 | AH9: =AF9*$Q9 -> -0.39449555
A10: 2008 | B10: 3047.1183 | C10: 15.537823 | D10: 3185.3114 | G10: 2008 | H10: =C10 -> 15.537823 | I10: =H10^$F$1 -> 0.63479871 | J10: =B10/I10 -> 4800.1331 | K10: =D10/J10 -> 0.66358814 | L10: =K10^$F$2 -> 11.888071 | M10: =100*L10/$L$11 -> 105.60366 | N10: =100*$K$11^-$F$2 -> 8.8831619 | O10: =(D10/B10)^$F$2 -> 0.7651053 | P10: =$F$3+$F$4*(N10*H10)*O10 -> 15.925315 | Q10: =H10-H9 -> -1.0484151 | R10: =P10-P9 -> 0.58338271 | S10: =D10 -> 3185.3114 | T10: =B10 -> 3047.1183 | U10: =D9 -> 3260.8197 | V10: =B9 -> 3055.7898 | W10: =N10*H10*$F$4 -> 13.313683 | X10: =$F$3+W10*((U10/V10)^$F$2) -> 14.734928 | Y10: =$F$3+W10*((S10/V10)^$F$2) -> 16.101563 | Z10: =$F$3+W10*((U10/T10)^$F$2) -> 14.581924 | AA10: =$F$3+W10*((S10/T10)^$F$2) -> 15.925315 | AB10: =0.5*((Y10-X10)+(AA10-Z10)) -> 1.3550131 | AC10: =0.5*((Z10-X10)+(AA10-Y10)) -> -0.16462613 | AD10: =AC10+AB10 -> 1.1903869 | AE10: =(AB10)/(ABS(AB10)+ABS(AC10)) -> 0.89166762 | AF10: =(AC10)/(ABS(AB10)+ABS(AC10)) -> -0.10833238 | AG10: =AE10*$Q10 -> -0.93483784 | AH10: =AF10*$Q10 -> 0.11357731
A11: 2009 | B11: 3362.8569 | C11: 14.67188 | D11: 3513.7265 | G11: 2009 | H11: =C11 -> 14.67188 | I11: =H11^$F$1 -> 0.64085779 | J11: =B11/I11 -> 5247.4308 | K11: =D11/J11 -> 0.66960893 | L11: =K11^$F$2 -> 11.257253 | M11: =100*L11/$L$11 -> 100 | N11: =100*$K$11^-$F$2 -> 8.8831619 | O11: =(D11/B11)^$F$2 -> 0.76726723 | P11: =$F$3+$F$4*(N11*H11)*O11 -> 15.384795 | Q11: =H11-H10 -> -0.86594304 | R11: =P11-P10 -> -0.54052058 | S11: =D11 -> 3513.7265 | T11: =B11 -> 3362.8569 | U11: =D10 -> 3185.3114 | V11: =B10 -> 3047.1183 | W11: =N11*H11*$F$4 -> 12.571694 | X11: =$F$3+W11*((U11/V11)^$F$2) -> 15.357616 | Y11: =$F$3+W11*((S11/V11)^$F$2) -> 11.058344 | Z11: =$F$3+W11*((U11/T11)^$F$2) -> 23.180811 | AA11: =$F$3+W11*((S11/T11)^$F$2) -> 15.384795 | AB11: =0.5*((Y11-X11)+(AA11-Z11)) -> -6.0476439 | AC11: =0.5*((Z11-X11)+(AA11-Y11)) -> 6.0748229 | AD11: =AC11+AB11 -> 0.027179008 | AE11: =(AB11)/(ABS(AB11)+ABS(AC11)) -> -0.49887898 | AF11: =(AC11)/(ABS(AB11)+ABS(AC11)) -> 0.50112102 | AG11: =AE11*$Q11 -> 0.43200078 | AH11: =AF11*$Q11 -> -0.43394226
A12: 2010 | B12: 3281.5798 | C12: 17.162303 | D12: 3496.604 | G12: 2010 | H12: =C12 -> 17.162303 | I12: =H12^$F$1 -> 0.62442748 | J12: =B12/I12 -> 5255.3418 | K12: =D12/J12 -> 0.66534283 | L12: =K12^$F$2 -> 11.700066 | M12: =100*L12/$L$11 -> 103.93358 | N12: =100*$K$11^-$F$2 -> 8.8831619 | O12: =(D12/B12)^$F$2 -> 0.68173052 | P12: =$F$3+$F$4*(N12*H12)*O12 -> 15.764222 | Q12: =H12-H11 -> 2.4904227 | R12: =P12-P11 -> 0.37942702 | S12: =D12 -> 3496.604 | T12: =B12 -> 3281.5798 | U12: =D11 -> 3513.7265 | V12: =B11 -> 3362.8569 | W12: =N12*H12*$F$4 -> 14.705629 | X12: =$F$3+W12*((U12/V12)^$F$2) -> 17.022093 | Y12: =$F$3+W12*((S12/V12)^$F$2) -> 17.359766 | Z12: =$F$3+W12*((U12/T12)^$F$2) -> 15.472911 | AA12: =$F$3+W12*((S12/T12)^$F$2) -> 15.764222 | AB12: =0.5*((Y12-X12)+(AA12-Z12)) -> 0.31449185 | AC12: =0.5*((Z12-X12)+(AA12-Y12)) -> -1.5723629 | AD12: =AC12+AB12 -> -1.2578711 | AE12: =(AB12)/(ABS(AB12)+ABS(AC12)) -> 0.16667518 | AF12: =(AC12)/(ABS(AB12)+ABS(AC12)) -> -0.83332482 | AG12: =AE12*$Q12 -> 0.41509164 | AH12: =AF12*$Q12 -> -2.075331
A13: 2011 | B13: 3158.9294 | C13: 18.318713 | D13: 3328.3178 | G13: 2011 | H13: =C13 -> 18.318713 | I13: =H13^$F$1 -> 0.61771857 | J13: =B13/I13 -> 5113.865 | K13: =D13/J13 -> 0.65084195 | L13: =K13^$F$2 -> 13.364645 | M13: =100*L13/$L$11 -> 118.7203 | N13: =100*$K$11^-$F$2 -> 8.8831619 | O13: =(D13/B13)^$F$2 -> 0.72956241 | P13: =$F$3+$F$4*(N13*H13)*O13 -> 17.190527 | Q13: =H13-H12 -> 1.1564104 | R13: =P13-P12 -> 1.4263051 | S13: =D13 -> 3328.3178 | T13: =B13 -> 3158.9294 | U13: =D12 -> 3496.604 | V13: =B12 -> 3281.5798 | W13: =N13*H13*$F$4 -> 15.696507 | X13: =$F$3+W13*((U13/V13)^$F$2) -> 16.439733 | Y13: =$F$3+W13*((S13/V13)^$F$2) -> 20.151065 | Z13: =$F$3+W13*((U13/T13)^$F$2) -> 14.241577 | AA13: =$F$3+W13*((S13/T13)^$F$2) -> 17.190527 | AB13: =0.5*((Y13-X13)+(AA13-Z13)) -> 3.3301409 | AC13: =0.5*((Z13-X13)+(AA13-Y13)) -> -2.5793473 | AD13: =AC13+AB13 -> 0.75079354 | AE13: =(AB13)/(ABS(AB13)+ABS(AC13)) -> 0.56352441 | AF13: =(AC13)/(ABS(AB13)+ABS(AC13)) -> -0.43647559 | AG13: =AE13*$Q13 -> 0.6516655 | AH13: =AF13*$Q13 -> -0.50474492
A14: 2012 | B14: 3111.4198 | C14: 20.59726 | D14: 3251.9644 | G14: 2012 | H14: =C14 -> 20.59726 | I14: =H14^$F$1 -> 0.60583762 | J14: =B14/I14 -> 5135.7322 | K14: =D14/J14 -> 0.63320366 | L14: =K14^$F$2 -> 15.775597 | M14: =100*L14/$L$11 -> 140.13718 | N14: =100*$K$11^-$F$2 -> 8.8831619 | O14: =(D14/B14)^$F$2 -> 0.76590753 | P14: =$F$3+$F$4*(N14*H14)*O14 -> 19.256366 | Q14: =H14-H13 -> 2.2785468 | R14: =P14-P13 -> 2.0658397 | S14: =D14 -> 3251.9644 | T14: =B14 -> 3111.4198 | U14: =D13 -> 3328.3178 | V14: =B13 -> 3158.9294 | W14: =N14*H14*$F$4 -> 17.648894 | X14: =$F$3+W14*((U14/V14)^$F$2) -> 18.614915 | Y14: =$F$3+W14*((S14/V14)^$F$2) -> 20.551228 | Z14: =$F$3+W14*((U14/T14)^$F$2) -> 17.489322 | AA14: =$F$3+W14*((S14/T14)^$F$2) -> 19.256366 | AB14: =0.5*((Y14-X14)+(AA14-Z14)) -> 1.8516788 | AC14: =0.5*((Z14-X14)+(AA14-Y14)) -> -1.2102276 | AD14: =AC14+AB14 -> 0.64145125 | AE14: =(AB14)/(ABS(AB14)+ABS(AC14)) -> 0.60474704 | AF14: =(AC14)/(ABS(AB14)+ABS(AC14)) -> -0.39525296 | AG14: =AE14*$Q14 -> 1.3779444 | AH14: =AF14*$Q14 -> -0.90060238
A15: 2013 | B15: 3477.3135 | C15: 18.322835 | D15: 3569.3198 | G15: 2013 | H15: =C15 -> 18.322835 | I15: =H15^$F$1 -> 0.61769555 | J15: =B15/I15 -> 5629.4942 | K15: =D15/J15 -> 0.63403916 | L15: =K15^$F$2 -> 15.650525 | M15: =100*L15/$L$11 -> 139.02615 | N15: =100*$K$11^-$F$2 -> 8.8831619 | O15: =(D15/B15)^$F$2 -> 0.85415414 | P15: =$F$3+$F$4*(N15*H15)*O15 -> 19.149198 | Q15: =H15-H14 -> -2.2744256 | R15: =P15-P14 -> -0.10716853 | S15: =D15 -> 3569.3198 | T15: =B15 -> 3477.3135 | U15: =D14 -> 3251.9644 | V15: =B14 -> 3111.4198 | W15: =N15*H15*$F$4 -> 15.700038 | X15: =$F$3+W15*((U15/V15)^$F$2) -> 17.763723 | Y15: =$F$3+W15*((S15/V15)^$F$2) -> 12.593235 | Z15: =$F$3+W15*((U15/T15)^$F$2) -> 29.265133 | AA15: =$F$3+W15*((S15/T15)^$F$2) -> 19.149198 | AB15: =0.5*((Y15-X15)+(AA15-Z15)) -> -7.6432117 | AC15: =0.5*((Z15-X15)+(AA15-Y15)) -> 9.0286868 | AD15: =AC15+AB15 -> 1.3854751 | AE15: =(AB15)/(ABS(AB15)+ABS(AC15)) -> -0.45844879 | AF15: =(AC15)/(ABS(AB15)+ABS(AC15)) -> 0.54155121 | AG15: =AE15*$Q15 -> 1.0427077 | AH15: =AF15*$Q15 -> -1.2317179
A16: 2014 | B16: 3862.6815 | C16: 13.922222 | D16: 4053.3078 | G16: 2014 | H16: =C16 -> 13.922222 | I16: =H16^$F$1 -> 0.64644995 | J16: =B16/I16 -> 5975.2212 | K16: =D16/J16 -> 0.67835275 | L16: =K16^$F$2 -> 10.409277 | M16: =100*L16/$L$11 -> 92.467291 | N16: =100*$K$11^-$F$2 -> 8.8831619 | O16: =(D16/B16)^$F$2 -> 0.74767351 | P16: =$F$3+$F$4*(N16*H16)*O16 -> 14.658201 | Q16: =H16-H15 -> -4.4006124 | R16: =P16-P15 -> -4.490997 | S16: =D16 -> 4053.3078 | T16: =B16 -> 3862.6815 | U16: =D15 -> 3569.3198 | V16: =B15 -> 3477.3135 | W16: =N16*H16*$F$4 -> 11.929345 | X16: =$F$3+W16*((U16/V16)^$F$2) -> 15.928445 | Y16: =$F$3+W16*((S16/V16)^$F$2) -> 10.468189 | Z16: =$F$3+W16*((U16/T16)^$F$2) -> 24.95613 | AA16: =$F$3+W16*((S16/T16)^$F$2) -> 14.658201 | AB16: =0.5*((Y16-X16)+(AA16-Z16)) -> -7.8790927 | AC16: =0.5*((Z16-X16)+(AA16-Y16)) -> 6.6088486 | AD16: =AC16+AB16 -> -1.2702441 | AE16: =(AB16)/(ABS(AB16)+ABS(AC16)) -> -0.54383798 | AF16: =(AC16)/(ABS(AB16)+ABS(AC16)) -> 0.45616202 | AG16: =AE16*$Q16 -> 2.3932202 | AH16: =AF16*$Q16 -> -2.0073923
... A27: 2025 | B27: 4256.9781 | C27: 10.2 | D27: 4606.6679 | G27: 2025 | H27: =C27 -> 10.2 | I27: =H27^$F$1 -> 0.6806389 | J27: =B27/I27 -> 6254.3856 | K27: =D27/J27 -> 0.73655003 | L27: =K27^$F$2 -> 6.3333774 | M27: =100*L27/$L$11 -> 56.260417 | N27: =100*$K$11^-$F$2 -> 8.8831619 | O27: =(D27/B27)^$F$2 -> 0.62091935 | P27: =$F$3+$F$4*(N27*H27)*O27 -> 11.16574 | Q27: =H27-H26 -> 0.004719284 | R27: =P27-P26 -> -0.26742508 | S27: =D27 -> 4606.6679 | T27: =B27 -> 4256.9781 | U27: =D26 -> 4745.6326 | V27: =B26 -> 4420.8183 | W27: =N27*H27*$F$4 -> 8.7399352 | X27: =$F$3+W27*((U27/V27)^$F$2) -> 11.435801 | Y27: =$F$3+W27*((S27/V27)^$F$2) -> 12.555262 | Z27: =$F$3+W27*((U27/T27)^$F$2) -> 10.274484 | AA27: =$F$3+W27*((S27/T27)^$F$2) -> 11.16574 | AB27: =0.5*((Y27-X27)+(AA27-Z27)) -> 1.0053584 | AC27: =0.5*((Z27-X27)+(AA27-Y27)) -> -1.2754192 | AD27: =AC27+AB27 -> -0.27006087 | AE27: =(AB27)/(ABS(AB27)+ABS(AC27)) -> 0.44079632 | AF27: =(AC27)/(ABS(AB27)+ABS(AC27)) -> -0.55920368 | AG27: =AE27*$Q27 -> 0.002080243 | AH27: =AF27*$Q27 -> -0.002639041

Sheet chart1
A1: Year | B1: Change in Price ($/bu, MYA) | C1: Supply-Driven Price Impact | D1: Usage-Driven Price Impact
A2: 2001 | B2: =ggggg!Q3 -> -0.58492306 | C2: =ggggg!AG3 -> 0.2290237 | D2: =ggggg!AH3 -> -0.35589936
A3: 2002 | B3: =ggggg!Q4 -> 2.0207936 | C3: =ggggg!AG4 -> 1.0723367 | D3: =ggggg!AH4 -> -0.94845685
A4: 2003 | B4: =ggggg!Q5 -> 3.1338469 | C4: =ggggg!AG5 -> 1.6900238 | D4: =ggggg!AH5 -> -1.4438231
A5: 2004 | B5: =ggggg!Q6 -> -3.3103631 | C5: =ggggg!AG6 -> 1.7950017 | D5: =ggggg!AH6 -> -1.5153613
A6: 2005 | B6: =ggggg!Q7 -> -0.3834145 | C6: =ggggg!AG7 -> 0.1592209 | D6: =ggggg!AH7 -> 0.2241936
A7: 2006 | B7: =ggggg!Q8 -> 1.0853676 | C7: =ggggg!AG8 -> -0.62548349 | D7: =ggggg!AH8 -> 0.45988415
A8: 2007 | B8: =ggggg!Q9 -> 5.6096854 | C8: =ggggg!AG9 -> 5.2151898 | D8: =ggggg!AH9 -> -0.39449555
A9: 2008 | B9: =ggggg!Q10 -> -1.0484151 | C9: =ggggg!AG10 -> -0.93483784 | D9: =ggggg!AH10 -> 0.11357731
A10: 2009 | B10: =ggggg!Q11 -> -0.86594304 | C10: =ggggg!AG11 -> 0.43200078 | D10: =ggggg!AH11 -> -0.43394226
A11: 2010 | B11: =ggggg!Q12 -> 2.4904227 | C11: =ggggg!AG12 -> 0.41509164 | D11: =ggggg!AH12 -> -2.075331
A12: 2011 | B12: =ggggg!Q13 -> 1.1564104 | C12: =ggggg!AG13 -> 0.6516655 | D12: =ggggg!AH13 -> -0.50474492
A13: 2012 | B13: =ggggg!Q14 -> 2.2785468 | C13: =ggggg!AG14 -> 1.3779444 | D13: =ggggg!AH14 -> -0.90060238
... A26: 2025 | B26: =ggggg!Q27 -> 0.004719284 | C26: =ggggg!AG27 -> 0.002080243 | D26: =ggggg!AH27 -> -0.002639041

Sheet chart2
A1: Year | B1: Change in Price ($/bu, MYA) | C1: Supply-Driven Price Impact | D1: Usage-Driven Price Impact
A2: 2001 | B2: =ggggg!Q3 -> -0.58492306 | C2: =ggggg!AG3 -> 0.2290237 | D2: =ggggg!AH3 -> -0.35589936
A3: 2002 | B3: =ggggg!Q4 -> 2.0207936 | C3: =ggggg!AG4 -> 1.0723367 | D3: =ggggg!AH4 -> -0.94845685
A4: 2003 | B4: =ggggg!Q5 -> 3.1338469 | C4: =ggggg!AG5 -> 1.6900238 | D4: =ggggg!AH5 -> -1.4438231
A5: 2004 | B5: =ggggg!Q6 -> -3.3103631 | C5: =ggggg!AG6 -> 1.7950017 | D5: =ggggg!AH6 -> -1.5153613
A6: 2005 | B6: =ggggg!Q7 -> -0.3834145 | C6: =ggggg!AG7 -> 0.1592209 | D6: =ggggg!AH7 -> 0.2241936
A7: 2006 | B7: =ggggg!Q8 -> 1.0853676 | C7: =ggggg!AG8 -> -0.62548349 | D7: =ggggg!AH8 -> 0.45988415
A8: 2007 | B8: =ggggg!Q9 -> 5.6096854 | C8: =ggggg!AG9 -> 5.2151898 | D8: =ggggg!AH9 -> -0.39449555
A9: 2008 | B9: =ggggg!Q10 -> -1.0484151 | C9: =ggggg!AG10 -> -0.93483784 | D9: =ggggg!AH10 -> 0.11357731
A10: 2009 | B10: =ggggg!Q11 -> -0.86594304 | C10: =ggggg!AG11 -> 0.43200078 | D10: =ggggg!AH11 -> -0.43394226
A11: 2010 | B11: =ggggg!Q12 -> 2.4904227 | C11: =ggggg!AG12 -> 0.41509164 | D11: =ggggg!AH12 -> -2.075331
A12: 2011 | B12: =ggggg!Q13 -> 1.1564104 | C12: =ggggg!AG13 -> 0.6516655 | D12: =ggggg!AH13 -> -0.50474492
A13: 2012 | B13: =ggggg!Q14 -> 2.2785468 | C13: =ggggg!AG14 -> 1.3779444 | D13: =ggggg!AH14 -> -0.90060238
... A26: 2025 | B26: =ggggg!Q27 -> 0.004719284 | C26: =ggggg!AG27 -> 0.002080243 | D26: =ggggg!AH27 -> -0.002639041
