Workbook

Sheet old method --- not used
A1: Year | B1: Total Usage | C1: Real MYA Price | D1: Supply | E1: Elasticity | F1: -0.17 | H1: P | I1: P~ | J1: A | K1: S | L1: V | M1: IV | N1: K | O1: G | P1: y | Q1: dp | R1: dy | S1: S1 | T1: U1 | U1: S0 | V1: U0 | W1: const | X1: Pred_Base | Y1: Pred_S_Only | Z1: Pred_U_Only | AA1: Pred_Curr | AB1: C(S) | AC1: C(U) | AE1: lambda_S | AF1: lambda_U | AG1: E(S) | AH1: E(U)
A2: 2000 | B2: 247415 | C2: 3.6736133 | D2: 295655 | E2: inverted elasticiy | F2: =1/F1 -> -5.8823529 | G2: 2000 | H2: =C2 -> 3.6736133 | I2: =H2^$F$1 -> 0.80155645 | J2: =B2/I2 -> 308668.22 | K2: =D2/J2 -> 0.95784077 | L2: =K2^$F$2 -> 1.2883662 | M2: =100*L2/$L$11 -> 48.924871 | N2: =100*$K$11^-$F$2 -> 37.974352 | O2: =(D2/B2)^$F$2 -> 0.35070816 | P2: =$F$3+$F$4*(N2*H2)*O2 -> 3.5006658 | S2: =D2 -> 295655 | T2: =B2 -> 247415
A3: 2001 | B3: 249324 | C3: 3.7917204 | D3: 289875 | E3: b0 | F3: 1.9155 | G3: 2001 | H3: =C3 -> 3.7917204 | I3: =H3^$F$1 -> 0.79725606 | J3: =B3/I3 -> 312727.63 | K3: =D3/J3 -> 0.9269248 | L3: =K3^$F$2 -> 1.5626289 | M3: =100*L3/$L$11 -> 59.339822 | N3: =100*$K$11^-$F$2 -> 37.974352 | O3: =(D3/B3)^$F$2 -> 0.41211607 | P3: =$F$3+$F$4*(N3*H3)*O3 -> 3.8381102 | Q3: =H3-H2 -> 0.11810712 | R3: =P3-P2 -> 0.33744442 | S3: =D3 -> 289875 | T3: =B3 -> 249324 | U3: 295655 | V3: 247415 | W3: =N3*H3*$F$4 -> 4.6652153 | X3: =$F$3+W3*((U3/V3)^$F$2) -> 3.5516291 | Y3: =$F$3+W3*((S3/V3)^$F$2) -> 3.7531196 | Z3: =$F$3+W3*((U3/T3)^$F$2) -> 3.6273007 | AA3: =$F$3+W3*((S3/T3)^$F$2) -> 3.8381102 | AB3: =0.5*((Y3-X3)+(AA3-Z3)) -> 0.20614997 | AC3: =0.5*((Z3-X3)+(AA3-Y3)) -> 0.080331169 | AD3: =AC3+AB3 -> 0.28648114 | AE3: =(AB3)/(ABS(AB3)+ABS(AC3)) -> 0.71959352 | AF3: =(AC3)/(ABS(AB3)+ABS(AC3)) -> 0.28040648 | AG3: =AE3*$Q3 -> 0.084989117 | AH3: =AF3*$Q3 -> 0.033118001
A4: 2002 | B4: 241082 | C4: 4.3845551 | D4: 268685 | E4: b1 | F4: 0.0324 | G4: 2002 | H4: =C4 -> 4.3845551 | I4: =H4^$F$1 -> 0.77780846 | J4: =B4/I4 -> 309950.35 | K4: =D4/J4 -> 0.86686466 | L4: =K4^$F$2 -> 2.317354 | M4: =100*L4/$L$11 -> 88.000016 | N4: =100*$K$11^-$F$2 -> 37.974352 | O4: =(D4/B4)^$F$2 -> 0.5285266 | P4: =$F$3+$F$4*(N4*H4)*O4 -> 4.7667005 | Q4: =H4-H3 -> 0.59283462 | R4: =P4-P3 -> 0.92859029 | S4: =D4 -> 268685 | T4: =B4 -> 241082 | U4: 289875 | V4: 249324 | W4: =N4*H4*$F$4 -> 5.3946207 | X4: =$F$3+W4*((U4/V4)^$F$2) -> 4.1387099 | Y4: =$F$3+W4*((S4/V4)^$F$2) -> 5.3901095 | Z4: =$F$3+W4*((U4/T4)^$F$2) -> 3.7398251 | AA4: =$F$3+W4*((S4/T4)^$F$2) -> 4.7667005 | AB4: =0.5*((Y4-X4)+(AA4-Z4)) -> 1.1391375 | AC4: =0.5*((Z4-X4)+(AA4-Y4)) -> -0.51114687 | AD4: =AC4+AB4 -> 0.62799062 | AE4: =(AB4)/(ABS(AB4)+ABS(AC4)) -> 0.6902674 | AF4: =(AC4)/(ABS(AB4)+ABS(AC4)) -> -0.3097326 | AG4: =AE4*$Q4 -> 0.40921441 | AH4: =AF4*$Q4 -> -0.18362021
A5: 2003 | B5: 259853 | C5: 4.478966 | D5: 284190 | G5: 2003 | H5: =C5 -> 4.478966 | I5: =H5^$F$1 -> 0.77499657 | J5: =B5/I5 -> 335295.68 | K5: =D5/J5 -> 0.84758027 | L5: =K5^$F$2 -> 2.6452436 | M5: =100*L5/$L$11 -> 100.45141 | N5: =100*$K$11^-$F$2 -> 37.974352 | O5: =(D5/B5)^$F$2 -> 0.59059246 | P5: =$F$3+$F$4*(N5*H5)*O5 -> 5.1701257 | Q5: =H5-H4 -> 0.094410974 | R5: =P5-P4 -> 0.40342522 | S5: =D5 -> 284190 | T5: =B5 -> 259853 | U5: 268685 | V5: 241082 | W5: =N5*H5*$F$4 -> 5.510781 | X5: =$F$3+W5*((U5/V5)^$F$2) -> 4.8280943 | Y5: =$F$3+W5*((S5/V5)^$F$2) -> 4.0093921 | Z5: =$F$3+W5*((U5/T5)^$F$2) -> 6.4426696 | AA5: =$F$3+W5*((S5/T5)^$F$2) -> 5.1701257 | AB5: =0.5*((Y5-X5)+(AA5-Z5)) -> -1.0456231 | AC5: =0.5*((Z5-X5)+(AA5-Y5)) -> 1.3876545 | AD5: =AC5+AB5 -> 0.34203139 | AE5: =(AB5)/(ABS(AB5)+ABS(AC5)) -> -0.42971796 | AF5: =(AC5)/(ABS(AB5)+ABS(AC5)) -> 0.57028204 | AG5: =AE5*$Q5 -> -0.040570091 | AH5: =AF5*$Q5 -> 0.053840882
A6: 2004 | B6: 270791 | C6: 3.6874 | D6: 324488 | G6: 2004 | H6: =C6 -> 3.6874 | I6: =H6^$F$1 -> 0.80104619 | J6: =B6/I6 -> 338046.68 | K6: =D6/J6 -> 0.95989112 | L6: =K6^$F$2 -> 1.2722622 | M6: =100*L6/$L$11 -> 48.313334 | N6: =100*$K$11^-$F$2 -> 37.974352 | O6: =(D6/B6)^$F$2 -> 0.34502962 | P6: =$F$3+$F$4*(N6*H6)*O6 -> 3.480852 | Q6: =H6-H5 -> -0.79156603 | R6: =P6-P5 -> -1.6892737 | S6: =D6 -> 324488 | T6: =B6 -> 270791 | U6: 284190 | V6: 259853 | W6: =N6*H6*$F$4 -> 4.5368627 | X6: =$F$3+W6*((U6/V6)^$F$2) -> 4.5949369 | Y6: =$F$3+W6*((S6/V6)^$F$2) -> 3.1437301 | Z6: =$F$3+W6*((U6/T6)^$F$2) -> 5.3303831 | AA6: =$F$3+W6*((S6/T6)^$F$2) -> 3.480852 | AB6: =0.5*((Y6-X6)+(AA6-Z6)) -> -1.6503689 | AC6: =0.5*((Z6-X6)+(AA6-Y6)) -> 0.53628406 | AD6: =AC6+AB6 -> -1.1140849 | AE6: =(AB6)/(ABS(AB6)+ABS(AC6)) -> -0.75474661 | AF6: =(AC6)/(ABS(AB6)+ABS(AC6)) -> 0.24525339 | AG6: =AE6*$Q6 -> 0.59743178 | AH6: =AF6*$Q6 -> -0.19413425
A7: 2005 | B7: 286216 | C7: 3.4951185 | D7: 336184 | G7: 2005 | H7: =C7 -> 3.4951185 | I7: =H7^$F$1 -> 0.8083724 | J7: =B7/I7 -> 354064.54 | K7: =D7/J7 -> 0.94949921 | L7: =K7^$F$2 -> 1.3563903 | M7: =100*L7/$L$11 -> 51.508042 | N7: =100*$K$11^-$F$2 -> 37.974352 | O7: =(D7/B7)^$F$2 -> 0.38808133 | P7: =$F$3+$F$4*(N7*H7)*O7 -> 3.5843605 | Q7: =H7-H6 -> -0.19228145 | R7: =P7-P6 -> 0.10350851 | S7: =D7 -> 336184 | T7: =B7 -> 286216 | U7: 324488 | V7: 270791 | W7: =N7*H7*$F$4 -> 4.3002856 | X7: =$F$3+W7*((U7/V7)^$F$2) -> 3.3992259 | Y7: =$F$3+W7*((S7/V7)^$F$2) -> 3.1202377 | Z7: =$F$3+W7*((U7/T7)^$F$2) -> 3.9708284 | AA7: =$F$3+W7*((S7/T7)^$F$2) -> 3.5843605 | AB7: =0.5*((Y7-X7)+(AA7-Z7)) -> -0.33272802 | AC7: =0.5*((Z7-X7)+(AA7-Y7)) -> 0.51786266 | AD7: =AC7+AB7 -> 0.18513464 | AE7: =(AB7)/(ABS(AB7)+ABS(AC7)) -> -0.3911729 | AF7: =(AC7)/(ABS(AB7)+ABS(AC7)) -> 0.6088271 | AG7: =AE7*$Q7 -> 0.075215292 | AH7: =AF7*$Q7 -> -0.11706616
A8: 2006 | B8: 284661 | C8: 5.1895368 | D8: 317775 | G8: 2006 | H8: =C8 -> 5.1895368 | I8: =H8^$F$1 -> 0.75583698 | J8: =B8/I8 -> 376616.92 | K8: =D8/J8 -> 0.84376187 | L8: =K8^$F$2 -> 2.7164431 | M8: =100*L8/$L$11 -> 103.15517 | N8: =100*$K$11^-$F$2 -> 37.974352 | O8: =(D8/B8)^$F$2 -> 0.52344616 | P8: =$F$3+$F$4*(N8*H8)*O8 -> 5.2577274 | Q8: =H8-H7 -> 1.6944182 | R8: =P8-P7 -> 1.6733669 | S8: =D8 -> 317775 | T8: =B8 -> 284661 | U8: 336184 | V8: 286216 | W8: =N8*H8*$F$4 -> 6.3850453 | X8: =$F$3+W8*((U8/V8)^$F$2) -> 4.3934169 | Y8: =$F$3+W8*((S8/V8)^$F$2) -> 5.3665661 | Z8: =$F$3+W8*((U8/T8)^$F$2) -> 4.3152691 | AA8: =$F$3+W8*((S8/T8)^$F$2) -> 5.2577274 | AB8: =0.5*((Y8-X8)+(AA8-Z8)) -> 0.95780379 | AC8: =0.5*((Z8-X8)+(AA8-Y8)) -> -0.093493226 | AD8: =AC8+AB8 -> 0.86431057 | AE8: =(AB8)/(ABS(AB8)+ABS(AC8)) -> 0.91106869 | AF8: =(AC8)/(ABS(AB8)+ABS(AC8)) -> -0.088931315 | AG8: =AE8*$Q8 -> 1.5437314 | AH8: =AF8*$Q8 -> -0.15068684
A9: 2007 | B9: 323545 | C9: 6.8972477 | D9: 364800 | G9: 2007 | H9: =C9 -> 6.8972477 | I9: =H9^$F$1 -> 0.72015356 | J9: =B9/I9 -> 449272.24 | K9: =D9/J9 -> 0.81197984 | L9: =K9^$F$2 -> 3.4047622 | M9: =100*L9/$L$11 -> 129.29364 | N9: =100*$K$11^-$F$2 -> 37.974352 | O9: =(D9/B9)^$F$2 -> 0.4936407 | P9: =$F$3+$F$4*(N9*H9)*O9 -> 6.1046139 | Q9: =H9-H8 -> 1.7077109 | R9: =P9-P8 -> 0.84688646 | S9: =D9 -> 364800 | T9: =B9 -> 323545 | U9: 317775 | V9: 284661 | W9: =N9*H9*$F$4 -> 8.4861599 | X9: =$F$3+W9*((U9/V9)^$F$2) -> 6.3575478 | Y9: =$F$3+W9*((S9/V9)^$F$2) -> 3.8880308 | Z9: =$F$3+W9*((U9/T9)^$F$2) -> 11.34919 | AA9: =$F$3+W9*((S9/T9)^$F$2) -> 6.1046139 | AB9: =0.5*((Y9-X9)+(AA9-Z9)) -> -3.8570465 | AC9: =0.5*((Z9-X9)+(AA9-Y9)) -> 3.6041125 | AD9: =AC9+AB9 -> -0.25293391 | AE9: =(AB9)/(ABS(AB9)+ABS(AC9)) -> -0.51695004 | AF9: =(AC9)/(ABS(AB9)+ABS(AC9)) -> 0.48304996 | AG9: =AE9*$Q9 -> -0.88280123 | AH9: =AF9*$Q9 -> 0.82490969
A10: 2008 | B10: 305006 | C10: 6.3273383 | D10: 347510 | G10: 2008 | H10: =C10 -> 6.3273383 | I10: =H10^$F$1 -> 0.7307897 | J10: =B10/I10 -> 417364.94 | K10: =D10/J10 -> 0.83262864 | L10: =K10^$F$2 -> 2.9371983 | M10: =100*L10/$L$11 -> 111.5382 | N10: =100*$K$11^-$F$2 -> 37.974352 | O10: =(D10/B10)^$F$2 -> 0.46420757 | P10: =$F$3+$F$4*(N10*H10)*O10 -> 5.5293378 | Q10: =H10-H9 -> -0.5699094 | R10: =P10-P9 -> -0.5752761 | S10: =D10 -> 347510 | T10: =B10 -> 305006 | U10: 364800 | V10: 323545 | W10: =N10*H10*$F$4 -> 7.784961 | X10: =$F$3+W10*((U10/V10)^$F$2) -> 5.7584736 | Y10: =$F$3+W10*((S10/V10)^$F$2) -> 7.0289222 | Z10: =$F$3+W10*((U10/T10)^$F$2) -> 4.6314665 | AA10: =$F$3+W10*((S10/T10)^$F$2) -> 5.5293378 | AB10: =0.5*((Y10-X10)+(AA10-Z10)) -> 1.08416 | AC10: =0.5*((Z10-X10)+(AA10-Y10)) -> -1.3132958 | AD10: =AC10+AB10 -> -0.22913581 | AE10: =(AB10)/(ABS(AB10)+ABS(AC10)) -> 0.45221271 | AF10: =(AC10)/(ABS(AB10)+ABS(AC10)) -> -0.54778729 | AG10: =AE10*$Q10 -> -0.25772028 | AH10: =AF10*$Q10 -> 0.31218912
A11: 2009 | B11: 331257 | C11: 5.4311966 | D11: 374637 | G11: 2009 | H11: =C11 -> 5.4311966 | I11: =H11^$F$1 -> 0.75001122 | J11: =B11/I11 -> 441669.39 | K11: =D11/J11 -> 0.84822948 | L11: =K11^$F$2 -> 2.6333563 | M11: =100*L11/$L$11 -> 100 | N11: =100*$K$11^-$F$2 -> 37.974352 | O11: =(D11/B11)^$F$2 -> 0.48485748 | P11: =$F$3+$F$4*(N11*H11)*O11 -> 5.1555 | Q11: =H11-H10 -> -0.89614173 | R11: =P11-P10 -> -0.37383779 | S11: =D11 -> 374637 | T11: =B11 -> 331257 | U11: 347510 | V11: 305006 | W11: =N11*H11*$F$4 -> 6.682376 | X11: =$F$3+W11*((U11/V11)^$F$2) -> 5.0175095 | Y11: =$F$3+W11*((S11/V11)^$F$2) -> 3.9090327 | Z11: =$F$3+W11*((U11/T11)^$F$2) -> 6.9570581 | AA11: =$F$3+W11*((S11/T11)^$F$2) -> 5.1555 | AB11: =0.5*((Y11-X11)+(AA11-Z11)) -> -1.4550175 | AC11: =0.5*((Z11-X11)+(AA11-Y11)) -> 1.593008 | AD11: =AC11+AB11 -> 0.13799051 | AE11: =(AB11)/(ABS(AB11)+ABS(AC11)) -> -0.47736395 | AF11: =(AC11)/(ABS(AB11)+ABS(AC11)) -> 0.52263605 | AG11: =AE11*$Q11 -> 0.42778576 | AH11: =AF11*$Q11 -> -0.46835597
A12: 2010 | B12: 331057 | C12: 7.8673212 | D12: 359701 | G12: 2010 | H12: =C12 -> 7.8673212 | I12: =H12^$F$1 -> 0.70422174 | J12: =B12/I12 -> 470103.35 | K12: =D12/J12 -> 0.76515303 | L12: =K12^$F$2 -> 4.8287367 | M12: =100*L12/$L$11 -> 183.36815 | N12: =100*$K$11^-$F$2 -> 37.974352 | O12: =(D12/B12)^$F$2 -> 0.6137714 | P12: =$F$3+$F$4*(N12*H12)*O12 -> 7.8566281 | Q12: =H12-H11 -> 2.4361246 | R12: =P12-P11 -> 2.7011281 | S12: =D12 -> 359701 | T12: =B12 -> 331057 | U12: 374637 | V12: 331257 | W12: =N12*H12*$F$4 -> 9.6797083 | X12: =$F$3+W12*((U12/V12)^$F$2) -> 6.608779 | Y12: =$F$3+W12*((S12/V12)^$F$2) -> 7.8777721 | Z12: =$F$3+W12*((U12/T12)^$F$2) -> 6.5921352 | AA12: =$F$3+W12*((S12/T12)^$F$2) -> 7.8566281 | AB12: =0.5*((Y12-X12)+(AA12-Z12)) -> 1.266743 | AC12: =0.5*((Z12-X12)+(AA12-Y12)) -> -0.018893911 | AD12: =AC12+AB12 -> 1.2478491 | AE12: =(AB12)/(ABS(AB12)+ABS(AC12)) -> 0.98530385 | AF12: =(AC12)/(ABS(AB12)+ABS(AC12)) -> -0.014696148 | AG12: =AE12*$Q12 -> 2.400323 | AH12: =AF12*$Q12 -> -0.035801648
A13: 2011 | B13: 317057 | C13: 9.1153918 | D13: 342179 | G13: 2011 | H13: =C13 -> 9.1153918 | I13: =H13^$F$1 -> 0.6868125 | J13: =B13/I13 -> 461635.45 | K13: =D13/J13 -> 0.74123207 | L13: =K13^$F$2 -> 5.8207011 | M13: =100*L13/$L$11 -> 221.03736 | N13: =100*$K$11^-$F$2 -> 37.974352 | O13: =(D13/B13)^$F$2 -> 0.63855743 | P13: =$F$3+$F$4*(N13*H13)*O13 -> 9.0771103 | Q13: =H13-H12 -> 1.2480706 | R13: =P13-P12 -> 1.2204823 | S13: =D13 -> 342179 | T13: =B13 -> 317057 | U13: 359701 | V13: 331057 | W13: =N13*H13*$F$4 -> 11.215296 | X13: =$F$3+W13*((U13/V13)^$F$2) -> 8.7991277 | Y13: =$F$3+W13*((S13/V13)^$F$2) -> 11.149621 | Z13: =$F$3+W13*((U13/T13)^$F$2) -> 7.2541629 | AA13: =$F$3+W13*((S13/T13)^$F$2) -> 9.0771103 | AB13: =0.5*((Y13-X13)+(AA13-Z13)) -> 2.0867204 | AC13: =0.5*((Z13-X13)+(AA13-Y13)) -> -1.8087378 | AD13: =AC13+AB13 -> 0.27798262 | AE13: =(AB13)/(ABS(AB13)+ABS(AC13)) -> 0.53568035 | AF13: =(AC13)/(ABS(AB13)+ABS(AC13)) -> -0.46431965 | AG13: =AE13*$Q13 -> 0.6685669 | AH13: =AF13*$Q13 -> -0.5795037
A14: 2012 | B14: 281518 | C14: 9.8552169 | D14: 302377 | G14: 2012 | H14: =C14 -> 9.8552169 | I14: =H14^$F$1 -> 0.67776127 | J14: =B14/I14 -> 415364.54 | K14: =D14/J14 -> 0.72797981 | L14: =K14^$F$2 -> 6.4723612 | M14: =100*L14/$L$11 -> 245.78372 | N14: =100*$K$11^-$F$2 -> 37.974352 | O14: =(D14/B14)^$F$2 -> 0.65674467 | P14: =$F$3+$F$4*(N14*H14)*O14 -> 9.8788926 | Q14: =H14-H13 -> 0.73982508 | R14: =P14-P13 -> 0.8017823 | S14: =D14 -> 302377 | T14: =B14 -> 281518 | U14: 342179 | V14: 317057 | W14: =N14*H14*$F$4 -> 12.125554 | X14: =$F$3+W14*((U14/V14)^$F$2) -> 9.6583622 | Y14: =$F$3+W14*((S14/V14)^$F$2) -> 17.940976 | Z14: =$F$3+W14*((U14/T14)^$F$2) -> 5.7630894 | AA14: =$F$3+W14*((S14/T14)^$F$2) -> 9.8788926 | AB14: =0.5*((Y14-X14)+(AA14-Z14)) -> 6.1992085 | AC14: =0.5*((Z14-X14)+(AA14-Y14)) -> -5.9786781 | AD14: =AC14+AB14 -> 0.22053038 | AE14: =(AB14)/(ABS(AB14)+ABS(AC14)) -> 0.50905454 | AF14: =(AC14)/(ABS(AB14)+ABS(AC14)) -> -0.49094546 | AG14: =AE14*$Q14 -> 0.37661132 | AH14: =AF14*$Q14 -> -0.36321376
A15: 2013 | B15: 341792 | C15: 6.2861417 | D15: 373084 | G15: 2013 | H15: =C15 -> 6.2861417 | I15: =H15^$F$1 -> 0.73160168 | J15: =B15/I15 -> 467183.18 | K15: =D15/J15 -> 0.79858183 | L15: =K15^$F$2 -> 3.7548417 | M15: =100*L15/$L$11 -> 142.58768 | N15: =100*$K$11^-$F$2 -> 37.974352 | O15: =(D15/B15)^$F$2 -> 0.59732056 | P15: =$F$3+$F$4*(N15*H15)*O15 -> 6.5353409 | Q15: =H15-H14 -> -3.5690752 | R15: =P15-P14 -> -3.3435517 | S15: =D15 -> 373084 | T15: =B15 -> 341792 | U15: 302377 | V15: 281518 | W15: =N15*H15*$F$4 -> 7.734274 | X15: =$F$3+W15*((U15/V15)^$F$2) -> 6.9949432 | Y15: =$F$3+W15*((S15/V15)^$F$2) -> 3.3912239 | Z15: =$F$3+W15*((U15/T15)^$F$2) -> 17.816997 | AA15: =$F$3+W15*((S15/T15)^$F$2) -> 6.5353409 | AB15: =0.5*((Y15-X15)+(AA15-Z15)) -> -7.4426879 | AC15: =0.5*((Z15-X15)+(AA15-Y15)) -> 6.9830856 | AD15: =AC15+AB15 -> -0.45960233 | AE15: =(AB15)/(ABS(AB15)+ABS(AC15)) -> -0.5159299 | AF15: =(AC15)/(ABS(AB15)+ABS(AC15)) -> 0.4840701 | AG15: =AE15*$Q15 -> 1.8413926 | AH15: =AF15*$Q15 -> -1.7276826
A16: 2014 | B16: 349258 | C16: 5.10022 | D16: 393232 | G16: 2014 | H16: =C16 -> 5.10022 | I16: =H16^$F$1 -> 0.758071 | J16: =B16/I16 -> 460719.38 | K16: =D16/J16 -> 0.85351739 | L16: =K16^$F$2 -> 2.5388269 | M16: =100*L16/$L$11 -> 96.410307 | N16: =100*$K$11^-$F$2 -> 37.974352 | O16: =(D16/B16)^$F$2 -> 0.49778772 | P16: =$F$3+$F$4*(N16*H16)*O16 -> 5.039194 | Q16: =H16-H15 -> -1.1859217 | R16: =P16-P15 -> -1.4961469 | S16: =D16 -> 393232 | T16: =B16 -> 349258 | U16: 373084 | V16: 341792 | W16: =N16*H16*$F$4 -> 6.2751527 | X16: =$F$3+W16*((U16/V16)^$F$2) -> 5.6637777 | Y16: =$F$3+W16*((S16/V16)^$F$2) -> 4.6663424 | Z16: =$F$3+W16*((U16/T16)^$F$2) -> 6.1718225 | AA16: =$F$3+W16*((S16/T16)^$F$2) -> 5.039194 | AB16: =0.5*((Y16-X16)+(AA16-Z16)) -> -1.0650319 | AC16: =0.5*((Z16-X16)+(AA16-Y16)) -> 0.44044812 | AD16: =AC16+AB16 -> -0.62458377 | AE16: =(AB16)/(ABS(AB16)+ABS(AC16)) -> -0.70743675 | AF16: =(AC16)/(ABS(AB16)+ABS(AC16)) -> 0.29256325 | AG16: =AE16*$Q16 -> 0.8389646 | AH16: =AF16*$Q16 -> -0.34695711
... A27: 2025 | B27: 413531 | C27: 4 | D27: 465065 | G27: 2025 | H27: =C27 -> 4 | I27: =H27^$F$1 -> 0.79004131 | J27: =B27/I27 -> 523429.59 | K27: =D27/J27 -> 0.88849581 | L27: =K27^$F$2 -> 2.0045973 | M27: =100*L27/$L$11 -> 76.123284 | N27: =100*$K$11^-$F$2 -> 37.974352 | O27: =(D27/B27)^$F$2 -> 0.50114932 | P27: =$F$3+$F$4*(N27*H27)*O27 -> 4.3818944 | Q27: =H27-H26 -> -0.32279902 | R27: =P27-P26 -> -0.55141881 | S27: =D27 -> 465065 | T27: =B27 -> 413531 | U27: 423610 | V27: 384705 | W27: =N27*H27*$F$4 -> 4.9214761 | X27: =$F$3+W27*((U27/V27)^$F$2) -> 4.7079622 | Y27: =$F$3+W27*((S27/V27)^$F$2) -> 3.5279003 | Z27: =$F$3+W27*((U27/T27)^$F$2) -> 6.186966 | AA27: =$F$3+W27*((S27/T27)^$F$2) -> 4.3818944 | AB27: =0.5*((Y27-X27)+(AA27-Z27)) -> -1.4925667 | AC27: =0.5*((Z27-X27)+(AA27-Y27)) -> 1.1664989 | AD27: =AC27+AB27 -> -0.32606779 | AE27: =(AB27)/(ABS(AB27)+ABS(AC27)) -> -0.56131247 | AF27: =(AC27)/(ABS(AB27)+ABS(AC27)) -> 0.43868753 | AG27: =AE27*$Q27 -> 0.18119112 | AH27: =AF27*$Q27 -> -0.14160791

Sheet Shapley Decomposition
A1: Year | B1: Total Usage | C1: Real MYA Price | D1: Supply | E1: Elasticity | F1: -0.17 | H1: P | I1: P~ | J1: A | K1: S | L1: V | M1: IV | N1: K | O1: supply | P1: use | Q1: G | R1: y | S1: dy | T1: dPrice | U1: RESID | V1: GD | W1: GS | X1: yD | Y1: yS | Z1: U | AA1: S | AB1: TF | AC1: use impact | AD1: supply impact
A2: 2000 | B2: 9740.2337 | C2: 3.6736133 | D2: 11639.346 | E2: inverted elasticiy | F2: =1/F1 -> -5.8823529 | G2: 2000 | H2: =C2 -> 3.6736133 | I2: =H2^$F$1 -> 0.80155645 | J2: =B2/I2 -> 12151.65 | K2: =D2/J2 -> 0.95784077 | L2: =K2^$F$2 -> 1.2883662 | M2: =100*L2/$L$11 -> 48.924871 | N2: =100*$K$11^-$F$2 -> 37.974352 | O2: =D2 -> 11639.346 | P2: =B2 -> 9740.2337 | Q2: =(D2/B2)^$F$2 -> 0.35070816 | R2: =$F$3+$F$4*(N2*H2)*Q2 -> 3.5006658
A3: 2001 | B3: 9815.3872 | C3: 3.7917204 | D3: 11411.799 | E3: b0 | F3: 1.9155 | G3: 2001 | H3: =C3 -> 3.7917204 | I3: =H3^$F$1 -> 0.79725606 | J3: =B3/I3 -> 12311.461 | K3: =D3/J3 -> 0.9269248 | L3: =K3^$F$2 -> 1.5626289 | M3: =100*L3/$L$11 -> 59.339822 | N3: =100*$K$11^-$F$2 -> 37.974352 | O3: =D3 -> 11411.799 | P3: =B3 -> 9815.3872 | Q3: =(D3/B3)^$F$2 -> 0.41211607 | R3: =$F$3+$F$4*(N3*H3)*Q3 -> 3.8381102 | S3: =R3-R2 -> 0.33744442 | T3: =H3-H2 -> 0.11810712 | U3: =T3-S3 -> -0.2193373 | V3: =(D2/B3)^$F$2 -> 0.36692856 | W3: =(D3/B2)^$F$2 -> 0.39389812 | X3: =$F$3+$F$4*(N3*H3)*V3 -> 3.6273007 | Y3: =$F$3+$F$4*(N3*H3)*W3 -> 3.7531196 | Z3: =0.5*((X3-R2)+(R3-Y3)) -> 0.10581281 | AA3: =0.5*((Y3-R2)+(R3-X3)) -> 0.23163161 | AB3: =ABS(Z3)+ABS(AA3) -> 0.33744442 | AC3: =Z3+U3*(ABS(Z3)/AB3) -> 0.037034975 | AD3: =AA3+U3*(ABS(AA3)/AB3) -> 0.081072143 | AE3: =Z3+AA3 -> 0.33744442 | AF3: =AD3+AC3 -> 0.11810712
A4: 2002 | B4: 9490.9162 | C4: 4.3845551 | D4: 10577.591 | E4: b1 | F4: 0.0324 | G4: 2002 | H4: =C4 -> 4.3845551 | I4: =H4^$F$1 -> 0.77780846 | J4: =B4/I4 -> 12202.125 | K4: =D4/J4 -> 0.86686466 | L4: =K4^$F$2 -> 2.317354 | M4: =100*L4/$L$11 -> 88.000016 | N4: =100*$K$11^-$F$2 -> 37.974352 | O4: =D4 -> 10577.591 | P4: =B4 -> 9490.9162 | Q4: =(D4/B4)^$F$2 -> 0.5285266 | R4: =$F$3+$F$4*(N4*H4)*Q4 -> 4.7667005 | S4: =R4-R3 -> 0.92859029 | T4: =H4-H3 -> 0.59283462 | U4: =T4-S4 -> -0.33575567 | V4: =(D3/B4)^$F$2 -> 0.33817486 | W4: =(D4/B3)^$F$2 -> 0.64408782 | X4: =$F$3+$F$4*(N4*H4)*V4 -> 3.7398251 | Y4: =$F$3+$F$4*(N4*H4)*W4 -> 5.3901095 | Z4: =0.5*((X4-R3)+(R4-Y4)) -> -0.36084704 | AA4: =0.5*((Y4-R3)+(R4-X4)) -> 1.2894373 | AB4: =ABS(Z4)+ABS(AA4) -> 1.6502844 | AC4: =Z4+U4*(ABS(Z4)/AB4) -> -0.43426253 | AD4: =AA4+U4*(ABS(AA4)/AB4) -> 1.0270972 | AE4: =Z4+AA4 -> 0.92859029 | AF4: =AD4+AC4 -> 0.59283462
A5: 2003 | B5: 10229.893 | C5: 4.478966 | D5: 11187.992 | G5: 2003 | H5: =C5 -> 4.478966 | I5: =H5^$F$1 -> 0.77499657 | J5: =B5/I5 -> 13199.92 | K5: =D5/J5 -> 0.84758027 | L5: =K5^$F$2 -> 2.6452436 | M5: =100*L5/$L$11 -> 100.45141 | N5: =100*$K$11^-$F$2 -> 37.974352 | O5: =D5 -> 11187.992 | P5: =B5 -> 10229.893 | Q5: =(D5/B5)^$F$2 -> 0.59059246 | R5: =$F$3+$F$4*(N5*H5)*Q5 -> 5.1701257 | S5: =R5-R4 -> 0.40342522 | T5: =H5-H4 -> 0.094410974 | U5: =T5-S5 -> -0.30901425 | V5: =(D4/B5)^$F$2 -> 0.82151143 | W5: =(D5/B4)^$F$2 -> 0.37996285 | X5: =$F$3+$F$4*(N5*H5)*V5 -> 6.4426696 | Y5: =$F$3+$F$4*(N5*H5)*W5 -> 4.0093921 | Z5: =0.5*((X5-R4)+(R5-Y5)) -> 1.4183514 | AA5: =0.5*((Y5-R4)+(R5-X5)) -> -1.0149261 | AB5: =ABS(Z5)+ABS(AA5) -> 2.4332775 | AC5: =Z5+U5*(ABS(Z5)/AB5) -> 1.2382277 | AD5: =AA5+U5*(ABS(AA5)/AB5) -> -1.1438168 | AE5: =Z5+AA5 -> 0.40342522 | AF5: =AD5+AC5 -> 0.094410974
A6: 2004 | B6: 10660.5 | C6: 3.6874 | D6: 12774.444 | G6: 2004 | H6: =C6 -> 3.6874 | I6: =H6^$F$1 -> 0.80104619 | J6: =B6/I6 -> 13308.222 | K6: =D6/J6 -> 0.95989112 | L6: =K6^$F$2 -> 1.2722622 | M6: =100*L6/$L$11 -> 48.313334 | N6: =100*$K$11^-$F$2 -> 37.974352 | O6: =D6 -> 12774.444 | P6: =B6 -> 10660.5 | Q6: =(D6/B6)^$F$2 -> 0.34502962 | R6: =$F$3+$F$4*(N6*H6)*Q6 -> 3.480852 | S6: =R6-R5 -> -1.6892737 | T6: =H6-H5 -> -0.79156603 | U6: =T6-S6 -> 0.89770768 | V6: =(D5/B6)^$F$2 -> 0.75269703 | W6: =(D6/B5)^$F$2 -> 0.27072233 | X6: =$F$3+$F$4*(N6*H6)*V6 -> 5.3303831 | Y6: =$F$3+$F$4*(N6*H6)*W6 -> 3.1437301 | Z6: =0.5*((X6-R5)+(R6-Y6)) -> 0.24868965 | AA6: =0.5*((Y6-R5)+(R6-X6)) -> -1.9379634 | AB6: =ABS(Z6)+ABS(AA6) -> 2.186653 | AC6: =Z6+U6*(ABS(Z6)/AB6) -> 0.35078661 | AD6: =AA6+U6*(ABS(AA6)/AB6) -> -1.1423526 | AE6: =Z6+AA6 -> -1.6892737 | AF6: =AD6+AC6 -> -0.79156603
A7: 2005 | B7: 11267.751 | C7: 3.4951185 | D7: 13234.892 | G7: 2005 | H7: =C7 -> 3.4951185 | I7: =H7^$F$1 -> 0.8083724 | J7: =B7/I7 -> 13938.813 | K7: =D7/J7 -> 0.94949921 | L7: =K7^$F$2 -> 1.3563903 | M7: =100*L7/$L$11 -> 51.508042 | N7: =100*$K$11^-$F$2 -> 37.974352 | O7: =D7 -> 13234.892 | P7: =B7 -> 11267.751 | Q7: =(D7/B7)^$F$2 -> 0.38808133 | R7: =$F$3+$F$4*(N7*H7)*Q7 -> 3.5843605 | S7: =R7-R6 -> 0.10350851 | T7: =H7-H6 -> -0.19228145 | U7: =T7-S7 -> -0.29578997 | V7: =(D6/B7)^$F$2 -> 0.47795161 | W7: =(D7/B6)^$F$2 -> 0.28015296 | X7: =$F$3+$F$4*(N7*H7)*V7 -> 3.9708284 | Y7: =$F$3+$F$4*(N7*H7)*W7 -> 3.1202377 | Z7: =0.5*((X7-R6)+(R7-Y7)) -> 0.4770496 | AA7: =0.5*((Y7-R6)+(R7-X7)) -> -0.37354108 | AB7: =ABS(Z7)+ABS(AA7) -> 0.85059068 | AC7: =Z7+U7*(ABS(Z7)/AB7) -> 0.31115725 | AD7: =AA7+U7*(ABS(AA7)/AB7) -> -0.5034387 | AE7: =Z7+AA7 -> 0.10350851 | AF7: =AD7+AC7 -> -0.19228145
A8: 2006 | B8: 11206.534 | C8: 5.1895368 | D8: 12510.166 | G8: 2006 | H8: =C8 -> 5.1895368 | I8: =H8^$F$1 -> 0.75583698 | J8: =B8/I8 -> 14826.655 | K8: =D8/J8 -> 0.84376187 | L8: =K8^$F$2 -> 2.7164431 | M8: =100*L8/$L$11 -> 103.15517 | N8: =100*$K$11^-$F$2 -> 37.974352 | O8: =D8 -> 12510.166 | P8: =B8 -> 11206.534 | Q8: =(D8/B8)^$F$2 -> 0.52344616 | R8: =$F$3+$F$4*(N8*H8)*Q8 -> 5.2577274 | S8: =R8-R7 -> 1.6733669 | T8: =H8-H7 -> 1.6944182 | U8: =T8-S8 -> 0.021051348 | V8: =(D7/B8)^$F$2 -> 0.37584214 | W8: =(D8/B7)^$F$2 -> 0.54049203 | X8: =$F$3+$F$4*(N8*H8)*V8 -> 4.3152691 | Y8: =$F$3+$F$4*(N8*H8)*W8 -> 5.3665661 | Z8: =0.5*((X8-R7)+(R8-Y8)) -> 0.31103493 | AA8: =0.5*((Y8-R7)+(R8-X8)) -> 1.362332 | AB8: =ABS(Z8)+ABS(AA8) -> 1.6733669 | AC8: =Z8+U8*(ABS(Z8)/AB8) -> 0.31494783 | AD8: =AA8+U8*(ABS(AA8)/AB8) -> 1.3794704 | AE8: =Z8+AA8 -> 1.6733669 | AF8: =AD8+AC8 -> 1.6944182
A9: 2007 | B9: 12737.32 | C9: 6.8972477 | D9: 14361.446 | G9: 2007 | H9: =C9 -> 6.8972477 | I9: =H9^$F$1 -> 0.72015356 | J9: =B9/I9 -> 17686.949 | K9: =D9/J9 -> 0.81197984 | L9: =K9^$F$2 -> 3.4047622 | M9: =100*L9/$L$11 -> 129.29364 | N9: =100*$K$11^-$F$2 -> 37.974352 | O9: =D9 -> 14361.446 | P9: =B9 -> 12737.32 | Q9: =(D9/B9)^$F$2 -> 0.4936407 | R9: =$F$3+$F$4*(N9*H9)*Q9 -> 6.1046139 | S9: =R9-R8 -> 0.84688646 | T9: =H9-H8 -> 1.7077109 | U9: =T9-S9 -> 0.86082446 | V9: =(D8/B9)^$F$2 -> 1.1116559 | W9: =(D9/B8)^$F$2 -> 0.23244092 | X9: =$F$3+$F$4*(N9*H9)*V9 -> 11.34919 | Y9: =$F$3+$F$4*(N9*H9)*W9 -> 3.8880308 | Z9: =0.5*((X9-R8)+(R9-Y9)) -> 4.1540227 | AA9: =0.5*((Y9-R8)+(R9-X9)) -> -3.3071363 | AB9: =ABS(Z9)+ABS(AA9) -> 7.461159 | AC9: =Z9+U9*(ABS(Z9)/AB9) -> 4.6332893 | AD9: =AA9+U9*(ABS(AA9)/AB9) -> -2.9255784 | AE9: =Z9+AA9 -> 0.84688646 | AF9: =AD9+AC9 -> 1.7077109
A10: 2008 | B10: 12007.476 | C10: 6.3273383 | D10: 13680.774 | G10: 2008 | H10: =C10 -> 6.3273383 | I10: =H10^$F$1 -> 0.7307897 | J10: =B10/I10 -> 16430.823 | K10: =D10/J10 -> 0.83262864 | L10: =K10^$F$2 -> 2.9371983 | M10: =100*L10/$L$11 -> 111.5382 | N10: =100*$K$11^-$F$2 -> 37.974352 | O10: =D10 -> 13680.774 | P10: =B10 -> 12007.476 | Q10: =(D10/B10)^$F$2 -> 0.46420757 | R10: =$F$3+$F$4*(N10*H10)*Q10 -> 5.5293378 | S10: =R10-R9 -> -0.5752761 | T10: =H10-H9 -> -0.5699094 | U10: =T10-S10 -> 0.0053667056 | V10: =(D9/B10)^$F$2 -> 0.34887348 | W10: =(D10/B9)^$F$2 -> 0.65683338 | X10: =$F$3+$F$4*(N10*H10)*V10 -> 4.6314665 | Y10: =$F$3+$F$4*(N10*H10)*W10 -> 7.0289222 | Z10: =0.5*((X10-R9)+(R10-Y10)) -> -1.4863659 | AA10: =0.5*((Y10-R9)+(R10-X10)) -> 0.91108984 | AB10: =ABS(Z10)+ABS(AA10) -> 2.3974558 | AC10: =Z10+U10*(ABS(Z10)/AB10) -> -1.4830387 | AD10: =AA10+U10*(ABS(AA10)/AB10) -> 0.91312931 | AE10: =Z10+AA10 -> -0.5752761 | AF10: =AD10+AC10 -> -0.5699094
A11: 2009 | B11: 13040.926 | C11: 5.4311966 | D11: 14748.709 | G11: 2009 | H11: =C11 -> 5.4311966 | I11: =H11^$F$1 -> 0.75001122 | J11: =B11/I11 -> 17387.641 | K11: =D11/J11 -> 0.84822948 | L11: =K11^$F$2 -> 2.6333563 | M11: =100*L11/$L$11 -> 100 | N11: =100*$K$11^-$F$2 -> 37.974352 | O11: =D11 -> 14748.709 | P11: =B11 -> 13040.926 | Q11: =(D11/B11)^$F$2 -> 0.48485748 | R11: =$F$3+$F$4*(N11*H11)*Q11 -> 5.1555 | S11: =R11-R10 -> -0.37383779 | T11: =H11-H10 -> -0.89614173 | U11: =T11-S11 -> -0.52230393 | V11: =(D10/B11)^$F$2 -> 0.75445592 | W11: =(D11/B10)^$F$2 -> 0.29832692 | X11: =$F$3+$F$4*(N11*H11)*V11 -> 6.9570581 | Y11: =$F$3+$F$4*(N11*H11)*W11 -> 3.9090327 | Z11: =0.5*((X11-R10)+(R11-Y11)) -> 1.3370938 | AA11: =0.5*((Y11-R10)+(R11-X11)) -> -1.7109316 | AB11: =ABS(Z11)+ABS(AA11) -> 3.0480255 | AC11: =Z11+U11*(ABS(Z11)/AB11) -> 1.1079719 | AD11: =AA11+U11*(ABS(AA11)/AB11) -> -2.0041137 | AE11: =Z11+AA11 -> -0.37383779 | AF11: =AD11+AC11 -> -0.89614173
A12: 2010 | B12: 13033.052 | C12: 7.8673212 | D12: 14160.709 | G12: 2010 | H12: =C12 -> 7.8673212 | I12: =H12^$F$1 -> 0.70422174 | J12: =B12/I12 -> 18507.029 | K12: =D12/J12 -> 0.76515303 | L12: =K12^$F$2 -> 4.8287367 | M12: =100*L12/$L$11 -> 183.36815 | N12: =100*$K$11^-$F$2 -> 37.974352 | O12: =D12 -> 14160.709 | P12: =B12 -> 13033.052 | Q12: =(D12/B12)^$F$2 -> 0.6137714 | R12: =$F$3+$F$4*(N12*H12)*Q12 -> 7.8566281 | S12: =R12-R11 -> 2.7011281 | T12: =H12-H11 -> 2.4361246 | U12: =T12-S12 -> -0.26500345 | V12: =(D11/B12)^$F$2 -> 0.48313803 | W12: =(D12/B11)^$F$2 -> 0.61595577 | X12: =$F$3+$F$4*(N12*H12)*V12 -> 6.5921352 | Y12: =$F$3+$F$4*(N12*H12)*W12 -> 7.8777721 | Z12: =0.5*((X12-R11)+(R12-Y12)) -> 0.70774558 | AA12: =0.5*((Y12-R11)+(R12-X12)) -> 1.9933825 | AB12: =ABS(Z12)+ABS(AA12) -> 2.7011281 | AC12: =Z12+U12*(ABS(Z12)/AB12) -> 0.63830977 | AD12: =AA12+U12*(ABS(AA12)/AB12) -> 1.7978149 | AE12: =Z12+AA12 -> 2.7011281 | AF12: =AD12+AC12 -> 2.4361246
A13: 2011 | B13: 12481.9 | C13: 9.1153918 | D13: 13470.903 | G13: 2011 | H13: =C13 -> 9.1153918 | I13: =H13^$F$1 -> 0.6868125 | J13: =B13/I13 -> 18173.664 | K13: =D13/J13 -> 0.74123207 | L13: =K13^$F$2 -> 5.8207011 | M13: =100*L13/$L$11 -> 221.03736 | N13: =100*$K$11^-$F$2 -> 37.974352 | O13: =D13 -> 13470.903 | P13: =B13 -> 12481.9 | Q13: =(D13/B13)^$F$2 -> 0.63855743 | R13: =$F$3+$F$4*(N13*H13)*Q13 -> 9.0771103 | S13: =R13-R12 -> 1.2204823 | T13: =H13-H12 -> 1.2480706 | U13: =T13-S13 -> 0.02758835 | V13: =(D12/B13)^$F$2 -> 0.47601624 | W13: =(D13/B12)^$F$2 -> 0.82335066 | X13: =$F$3+$F$4*(N13*H13)*V13 -> 7.2541629 | Y13: =$F$3+$F$4*(N13*H13)*W13 -> 11.149621 | Z13: =0.5*((X13-R12)+(R13-Y13)) -> -1.337488 | AA13: =0.5*((Y13-R12)+(R13-X13)) -> 2.5579702 | AB13: =ABS(Z13)+ABS(AA13) -> 3.8954582 | AC13: =Z13+U13*(ABS(Z13)/AB13) -> -1.3280156 | AD13: =AA13+U13*(ABS(AA13)/AB13) -> 2.5760862 | AE13: =Z13+AA13 -> 1.2204823 | AF13: =AD13+AC13 -> 1.2480706
A14: 2012 | B14: 11082.801 | C14: 9.8552169 | D14: 11903.978 | G14: 2012 | H14: =C14 -> 9.8552169 | I14: =H14^$F$1 -> 0.67776127 | J14: =B14/I14 -> 16352.071 | K14: =D14/J14 -> 0.72797981 | L14: =K14^$F$2 -> 6.4723612 | M14: =100*L14/$L$11 -> 245.78372 | N14: =100*$K$11^-$F$2 -> 37.974352 | O14: =D14 -> 11903.978 | P14: =B14 -> 11082.801 | Q14: =(D14/B14)^$F$2 -> 0.65674467 | R14: =$F$3+$F$4*(N14*H14)*Q14 -> 9.8788926 | S14: =R14-R13 -> 0.8017823 | T14: =H14-H13 -> 0.73982508 | U14: =T14-S14 -> -0.061957215 | V14: =(D13/B14)^$F$2 -> 0.31731248 | W14: =(D14/B13)^$F$2 -> 1.3216284 | X14: =$F$3+$F$4*(N14*H14)*V14 -> 5.7630894 | Y14: =$F$3+$F$4*(N14*H14)*W14 -> 17.940976 | Z14: =0.5*((X14-R13)+(R14-Y14)) -> -5.6880521 | AA14: =0.5*((Y14-R13)+(R14-X14)) -> 6.4898344 | AB14: =ABS(Z14)+ABS(AA14) -> 12.177887 | AC14: =Z14+U14*(ABS(Z14)/AB14) -> -5.7169911 | AD14: =AA14+U14*(ABS(AA14)/AB14) -> 6.4568162 | AE14: =Z14+AA14 -> 0.8017823 | AF14: =AD14+AC14 -> 0.73982508
A15: 2013 | B15: 13455.667 | C15: 6.2861417 | D15: 14687.571 | G15: 2013 | H15: =C15 -> 6.2861417 | I15: =H15^$F$1 -> 0.73160168 | J15: =B15/I15 -> 18392.068 | K15: =D15/J15 -> 0.79858183 | L15: =K15^$F$2 -> 3.7548417 | M15: =100*L15/$L$11 -> 142.58768 | N15: =100*$K$11^-$F$2 -> 37.974352 | O15: =D15 -> 14687.571 | P15: =B15 -> 13455.667 | Q15: =(D15/B15)^$F$2 -> 0.59732056 | R15: =$F$3+$F$4*(N15*H15)*Q15 -> 6.5353409 | S15: =R15-R14 -> -3.3435517 | T15: =H15-H14 -> -3.5690752 | U15: =T15-S15 -> -0.22552343 | V15: =(D14/B15)^$F$2 -> 2.055978 | W15: =(D15/B14)^$F$2 -> 0.19080316 | X15: =$F$3+$F$4*(N15*H15)*V15 -> 17.816997 | Y15: =$F$3+$F$4*(N15*H15)*W15 -> 3.3912239 | Z15: =0.5*((X15-R14)+(R15-Y15)) -> 5.5411109 | AA15: =0.5*((Y15-R14)+(R15-X15)) -> -8.8846626 | AB15: =ABS(Z15)+ABS(AA15) -> 14.425773 | AC15: =Z15+U15*(ABS(Z15)/AB15) -> 5.4544847 | AD15: =AA15+U15*(ABS(AA15)/AB15) -> -9.0235598 | AE15: =Z15+AA15 -> -3.3435517 | AF15: =AD15+AC15 -> -3.5690752
A16: 2014 | B16: 13749.589 | C16: 5.10022 | D16: 15480.757 | G16: 2014 | H16: =C16 -> 5.10022 | I16: =H16^$F$1 -> 0.758071 | J16: =B16/I16 -> 18137.6 | K16: =D16/J16 -> 0.85351739 | L16: =K16^$F$2 -> 2.5388269 | M16: =100*L16/$L$11 -> 96.410307 | N16: =100*$K$11^-$F$2 -> 37.974352 | O16: =D16 -> 15480.757 | P16: =B16 -> 13749.589 | Q16: =(D16/B16)^$F$2 -> 0.49778772 | R16: =$F$3+$F$4*(N16*H16)*Q16 -> 5.039194 | S16: =R16-R15 -> -1.4961469 | T16: =H16-H15 -> -1.1859217 | U16: =T16-S16 -> 0.31022523 | V16: =(D15/B16)^$F$2 -> 0.6782819 | W16: =(D16/B15)^$F$2 -> 0.4383706 | X16: =$F$3+$F$4*(N16*H16)*V16 -> 6.1718225 | Y16: =$F$3+$F$4*(N16*H16)*W16 -> 4.6663424 | Z16: =0.5*((X16-R15)+(R16-Y16)) -> 0.0046665392 | AA16: =0.5*((Y16-R15)+(R16-X16)) -> -1.5008135 | AB16: =ABS(Z16)+ABS(AA16) -> 1.50548 | AC16: =Z16+U16*(ABS(Z16)/AB16) -> 0.0056281449 | AD16: =AA16+U16*(ABS(AA16)/AB16) -> -1.1915499 | AE16: =Z16+AA16 -> -1.4961469 | AF16: =AD16+AC16 -> -1.1859217
... A27: 2025 | B27: 16279.888 | C27: 4 | D27: 18308.679 | G27: 2025 | H27: =C27 -> 4 | I27: =H27^$F$1 -> 0.79004131 | J27: =B27/I27 -> 20606.376 | K27: =D27/J27 -> 0.88849581 | L27: =K27^$F$2 -> 2.0045973 | M27: =100*L27/$L$11 -> 76.123284 | N27: =100*$K$11^-$F$2 -> 37.974352 | O27: =D27 -> 18308.679 | P27: =B27 -> 16279.888 | Q27: =(D27/B27)^$F$2 -> 0.50114932 | R27: =$F$3+$F$4*(N27*H27)*Q27 -> 4.3818944 | S27: =R27-R26 -> -0.55141881 | T27: =H27-H26 -> -0.32279902 | U27: =T27-S27 -> 0.22861978 | V27: =(D26/B27)^$F$2 -> 0.86792376 | W27: =(D27/B26)^$F$2 -> 0.32762535 | X27: =$F$3+$F$4*(N27*H27)*V27 -> 6.186966 | Y27: =$F$3+$F$4*(N27*H27)*W27 -> 3.5279003 | Z27: =0.5*((X27-R26)+(R27-Y27)) -> 1.0538234 | AA27: =0.5*((Y27-R26)+(R27-X27)) -> -1.6052422 | AB27: =ABS(Z27)+ABS(AA27) -> 2.6590657 | AC27: =Z27+U27*(ABS(Z27)/AB27) -> 1.1444285 | AD27: =AA27+U27*(ABS(AA27)/AB27) -> -1.4672275 | AE27: =Z27+AA27 -> -0.55141881 | AF27: =AD27+AC27 -> -0.32279902

Sheet decomp w z-scores
A1: Year | B1: Total Usage | C1: Real MYA Price | D1: Supply | E1: Elasticity | F1: -0.17 | H1: P | I1: P~ | J1: A | K1: S | L1: V | M1: IV | N1: K | O1: supply | P1: use | Q1: G | R1: y | S1: dy | T1: dPrice | U1: RESID | V1: GD | W1: GS | X1: yD | Y1: yS | Z1: U | AA1: S | AB1: TF | AC1: use impact | AD1: supply impact
A2: 2000 | B2: 9740.2337 | C2: 3.6736133 | D2: 11639.346 | E2: inverted elasticiy | F2: =1/F1 -> -5.8823529 | G2: 2000 | H2: =C2 -> 3.6736133 | I2: =H2^$F$1 -> 0.80155645 | J2: =B2/I2 -> 12151.65 | K2: =D2/J2 -> 0.95784077 | L2: =K2^$F$2 -> 1.2883662 | M2: =100*L2/$L$11 -> 48.924871 | N2: =100*$K$11^-$F$2 -> 37.974352 | O2: =D2 -> 11639.346 | P2: =B2 -> 9740.2337 | Q2: =(D2/B2)^$F$2 -> 0.35070816 | R2: =$F$3+$F$4*(N2*H2)*Q2 -> 3.5006658
A3: 2001 | B3: 9815.3872 | C3: 3.7917204 | D3: 11411.799 | E3: b0 | F3: 1.9155 | G3: 2001 | H3: =C3 -> 3.7917204 | I3: =H3^$F$1 -> 0.79725606 | J3: =B3/I3 -> 12311.461 | K3: =D3/J3 -> 0.9269248 | L3: =K3^$F$2 -> 1.5626289 | M3: =100*L3/$L$11 -> 59.339822 | N3: =100*$K$11^-$F$2 -> 37.974352 | O3: =D3 -> 11411.799 | P3: =B3 -> 9815.3872 | Q3: =(D3/B3)^$F$2 -> 0.41211607 | R3: =$F$3+$F$4*(N3*H3)*Q3 -> 3.8381102 | S3: =R3-R2 -> 0.33744442 | T3: =H3-H2 -> 0.11810712 | U3: =T3-S3 -> -0.2193373 | V3: =(D2/B3)^$F$2 -> 0.36692856 | W3: =(D3/B2)^$F$2 -> 0.39389812 | X3: =$F$3+$F$4*(N3*H3)*V3 -> 3.6273007 | Y3: =$F$3+$F$4*(N3*H3)*W3 -> 3.7531196 | Z3: =0.5*((X3-R2)+(R3-Y3)) -> 0.10581281 | AA3: =0.5*((Y3-R2)+(R3-X3)) -> 0.23163161 | AB3: =ABS(Z3)+ABS(AA3) -> 0.33744442 | AC3: =Z3+U3*(ABS(Z3)/AB3) -> 0.037034975 | AD3: =AA3+U3*(ABS(AA3)/AB3) -> 0.081072143 | AE3: =Z3+AA3 -> 0.33744442 | AF3: =AD3+AC3 -> 0.11810712
A4: 2002 | B4: 9490.9162 | C4: 4.3845551 | D4: 10577.591 | E4: b1 | F4: 0.0324 | G4: 2002 | H4: =C4 -> 4.3845551 | I4: =H4^$F$1 -> 0.77780846 | J4: =B4/I4 -> 12202.125 | K4: =D4/J4 -> 0.86686466 | L4: =K4^$F$2 -> 2.317354 | M4: =100*L4/$L$11 -> 88.000016 | N4: =100*$K$11^-$F$2 -> 37.974352 | O4: =D4 -> 10577.591 | P4: =B4 -> 9490.9162 | Q4: =(D4/B4)^$F$2 -> 0.5285266 | R4: =$F$3+$F$4*(N4*H4)*Q4 -> 4.7667005 | S4: =R4-R3 -> 0.92859029 | T4: =H4-H3 -> 0.59283462 | U4: =T4-S4 -> -0.33575567 | V4: =(D3/B4)^$F$2 -> 0.33817486 | W4: =(D4/B3)^$F$2 -> 0.64408782 | X4: =$F$3+$F$4*(N4*H4)*V4 -> 3.7398251 | Y4: =$F$3+$F$4*(N4*H4)*W4 -> 5.3901095 | Z4: =0.5*((X4-R3)+(R4-Y4)) -> -0.36084704 | AA4: =0.5*((Y4-R3)+(R4-X4)) -> 1.2894373 | AB4: =ABS(Z4)+ABS(AA4) -> 1.6502844 | AC4: =Z4+U4*(ABS(Z4)/AB4) -> -0.43426253 | AD4: =AA4+U4*(ABS(AA4)/AB4) -> 1.0270972 | AE4: =Z4+AA4 -> 0.92859029 | AF4: =AD4+AC4 -> 0.59283462
A5: 2003 | B5: 10229.893 | C5: 4.478966 | D5: 11187.992 | G5: 2003 | H5: =C5 -> 4.478966 | I5: =H5^$F$1 -> 0.77499657 | J5: =B5/I5 -> 13199.92 | K5: =D5/J5 -> 0.84758027 | L5: =K5^$F$2 -> 2.6452436 | M5: =100*L5/$L$11 -> 100.45141 | N5: =100*$K$11^-$F$2 -> 37.974352 | O5: =D5 -> 11187.992 | P5: =B5 -> 10229.893 | Q5: =(D5/B5)^$F$2 -> 0.59059246 | R5: =$F$3+$F$4*(N5*H5)*Q5 -> 5.1701257 | S5: =R5-R4 -> 0.40342522 | T5: =H5-H4 -> 0.094410974 | U5: =T5-S5 -> -0.30901425 | V5: =(D4/B5)^$F$2 -> 0.82151143 | W5: =(D5/B4)^$F$2 -> 0.37996285 | X5: =$F$3+$F$4*(N5*H5)*V5 -> 6.4426696 | Y5: =$F$3+$F$4*(N5*H5)*W5 -> 4.0093921 | Z5: =0.5*((X5-R4)+(R5-Y5)) -> 1.4183514 | AA5: =0.5*((Y5-R4)+(R5-X5)) -> -1.0149261 | AB5: =ABS(Z5)+ABS(AA5) -> 2.4332775 | AC5: =Z5+U5*(ABS(Z5)/AB5) -> 1.2382277 | AD5: =AA5+U5*(ABS(AA5)/AB5) -> -1.1438168 | AE5: =Z5+AA5 -> 0.40342522 | AF5: =AD5+AC5 -> 0.094410974
A6: 2004 | B6: 10660.5 | C6: 3.6874 | D6: 12774.444 | G6: 2004 | H6: =C6 -> 3.6874 | I6: =H6^$F$1 -> 0.80104619 | J6: =B6/I6 -> 13308.222 | K6: =D6/J6 -> 0.95989112 | L6: =K6^$F$2 -> 1.2722622 | M6: =100*L6/$L$11 -> 48.313334 | N6: =100*$K$11^-$F$2 -> 37.974352 | O6: =D6 -> 12774.444 | P6: =B6 -> 10660.5 | Q6: =(D6/B6)^$F$2 -> 0.34502962 | R6: =$F$3+$F$4*(N6*H6)*Q6 -> 3.480852 | S6: =R6-R5 -> -1.6892737 | T6: =H6-H5 -> -0.79156603 | U6: =T6-S6 -> 0.89770768 | V6: =(D5/B6)^$F$2 -> 0.75269703 | W6: =(D6/B5)^$F$2 -> 0.27072233 | X6: =$F$3+$F$4*(N6*H6)*V6 -> 5.3303831 | Y6: =$F$3+$F$4*(N6*H6)*W6 -> 3.1437301 | Z6: =0.5*((X6-R5)+(R6-Y6)) -> 0.24868965 | AA6: =0.5*((Y6-R5)+(R6-X6)) -> -1.9379634 | AB6: =ABS(Z6)+ABS(AA6) -> 2.186653 | AC6: =Z6+U6*(ABS(Z6)/AB6) -> 0.35078661 | AD6: =AA6+U6*(ABS(AA6)/AB6) -> -1.1423526 | AE6: =Z6+AA6 -> -1.6892737 | AF6: =AD6+AC6 -> -0.79156603
A7: 2005 | B7: 11267.751 | C7: 3.4951185 | D7: 13234.892 | G7: 2005 | H7: =C7 -> 3.4951185 | I7: =H7^$F$1 -> 0.8083724 | J7: =B7/I7 -> 13938.813 | K7: =D7/J7 -> 0.94949921 | L7: =K7^$F$2 -> 1.3563903 | M7: =100*L7/$L$11 -> 51.508042 | N7: =100*$K$11^-$F$2 -> 37.974352 | O7: =D7 -> 13234.892 | P7: =B7 -> 11267.751 | Q7: =(D7/B7)^$F$2 -> 0.38808133 | R7: =$F$3+$F$4*(N7*H7)*Q7 -> 3.5843605 | S7: =R7-R6 -> 0.10350851 | T7: =H7-H6 -> -0.19228145 | U7: =T7-S7 -> -0.29578997 | V7: =(D6/B7)^$F$2 -> 0.47795161 | W7: =(D7/B6)^$F$2 -> 0.28015296 | X7: =$F$3+$F$4*(N7*H7)*V7 -> 3.9708284 | Y7: =$F$3+$F$4*(N7*H7)*W7 -> 3.1202377 | Z7: =0.5*((X7-R6)+(R7-Y7)) -> 0.4770496 | AA7: =0.5*((Y7-R6)+(R7-X7)) -> -0.37354108 | AB7: =ABS(Z7)+ABS(AA7) -> 0.85059068 | AC7: =Z7+U7*(ABS(Z7)/AB7) -> 0.31115725 | AD7: =AA7+U7*(ABS(AA7)/AB7) -> -0.5034387 | AE7: =Z7+AA7 -> 0.10350851 | AF7: =AD7+AC7 -> -0.19228145
A8: 2006 | B8: 11206.534 | C8: 5.1895368 | D8: 12510.166 | G8: 2006 | H8: =C8 -> 5.1895368 | I8: =H8^$F$1 -> 0.75583698 | J8: =B8/I8 -> 14826.655 | K8: =D8/J8 -> 0.84376187 | L8: =K8^$F$2 -> 2.7164431 | M8: =100*L8/$L$11 -> 103.15517 | N8: =100*$K$11^-$F$2 -> 37.974352 | O8: =D8 -> 12510.166 | P8: =B8 -> 11206.534 | Q8: =(D8/B8)^$F$2 -> 0.52344616 | R8: =$F$3+$F$4*(N8*H8)*Q8 -> 5.2577274 | S8: =R8-R7 -> 1.6733669 | T8: =H8-H7 -> 1.6944182 | U8: =T8-S8 -> 0.021051348 | V8: =(D7/B8)^$F$2 -> 0.37584214 | W8: =(D8/B7)^$F$2 -> 0.54049203 | X8: =$F$3+$F$4*(N8*H8)*V8 -> 4.3152691 | Y8: =$F$3+$F$4*(N8*H8)*W8 -> 5.3665661 | Z8: =0.5*((X8-R7)+(R8-Y8)) -> 0.31103493 | AA8: =0.5*((Y8-R7)+(R8-X8)) -> 1.362332 | AB8: =ABS(Z8)+ABS(AA8) -> 1.6733669 | AC8: =Z8+U8*(ABS(Z8)/AB8) -> 0.31494783 | AD8: =AA8+U8*(ABS(AA8)/AB8) -> 1.3794704 | AE8: =Z8+AA8 -> 1.6733669 | AF8: =AD8+AC8 -> 1.6944182
A9: 2007 | B9: 12737.32 | C9: 6.8972477 | D9: 14361.446 | G9: 2007 | H9: =C9 -> 6.8972477 | I9: =H9^$F$1 -> 0.72015356 | J9: =B9/I9 -> 17686.949 | K9: =D9/J9 -> 0.81197984 | L9: =K9^$F$2 -> 3.4047622 | M9: =100*L9/$L$11 -> 129.29364 | N9: =100*$K$11^-$F$2 -> 37.974352 | O9: =D9 -> 14361.446 | P9: =B9 -> 12737.32 | Q9: =(D9/B9)^$F$2 -> 0.4936407 | R9: =$F$3+$F$4*(N9*H9)*Q9 -> 6.1046139 | S9: =R9-R8 -> 0.84688646 | T9: =H9-H8 -> 1.7077109 | U9: =T9-S9 -> 0.86082446 | V9: =(D8/B9)^$F$2 -> 1.1116559 | W9: =(D9/B8)^$F$2 -> 0.23244092 | X9: =$F$3+$F$4*(N9*H9)*V9 -> 11.34919 | Y9: =$F$3+$F$4*(N9*H9)*W9 -> 3.8880308 | Z9: =0.5*((X9-R8)+(R9-Y9)) -> 4.1540227 | AA9: =0.5*((Y9-R8)+(R9-X9)) -> -3.3071363 | AB9: =ABS(Z9)+ABS(AA9) -> 7.461159 | AC9: =Z9+U9*(ABS(Z9)/AB9) -> 4.6332893 | AD9: =AA9+U9*(ABS(AA9)/AB9) -> -2.9255784 | AE9: =Z9+AA9 -> 0.84688646 | AF9: =AD9+AC9 -> 1.7077109
A10: 2008 | B10: 12007.476 | C10: 6.3273383 | D10: 13680.774 | G10: 2008 | H10: =C10 -> 6.3273383 | I10: =H10^$F$1 -> 0.7307897 | J10: =B10/I10 -> 16430.823 | K10: =D10/J10 -> 0.83262864 | L10: =K10^$F$2 -> 2.9371983 | M10: =100*L10/$L$11 -> 111.5382 | N10: =100*$K$11^-$F$2 -> 37.974352 | O10: =D10 -> 13680.774 | P10: =B10 -> 12007.476 | Q10: =(D10/B10)^$F$2 -> 0.46420757 | R10: =$F$3+$F$4*(N10*H10)*Q10 -> 5.5293378 | S10: =R10-R9 -> -0.5752761 | T10: =H10-H9 -> -0.5699094 | U10: =T10-S10 -> 0.0053667056 | V10: =(D9/B10)^$F$2 -> 0.34887348 | W10: =(D10/B9)^$F$2 -> 0.65683338 | X10: =$F$3+$F$4*(N10*H10)*V10 -> 4.6314665 | Y10: =$F$3+$F$4*(N10*H10)*W10 -> 7.0289222 | Z10: =0.5*((X10-R9)+(R10-Y10)) -> -1.4863659 | AA10: =0.5*((Y10-R9)+(R10-X10)) -> 0.91108984 | AB10: =ABS(Z10)+ABS(AA10) -> 2.3974558 | AC10: =Z10+U10*(ABS(Z10)/AB10) -> -1.4830387 | AD10: =AA10+U10*(ABS(AA10)/AB10) -> 0.91312931 | AE10: =Z10+AA10 -> -0.5752761 | AF10: =AD10+AC10 -> -0.5699094
A11: 2009 | B11: 13040.926 | C11: 5.4311966 | D11: 14748.709 | G11: 2009 | H11: =C11 -> 5.4311966 | I11: =H11^$F$1 -> 0.75001122 | J11: =B11/I11 -> 17387.641 | K11: =D11/J11 -> 0.84822948 | L11: =K11^$F$2 -> 2.6333563 | M11: =100*L11/$L$11 -> 100 | N11: =100*$K$11^-$F$2 -> 37.974352 | O11: =D11 -> 14748.709 | P11: =B11 -> 13040.926 | Q11: =(D11/B11)^$F$2 -> 0.48485748 | R11: =$F$3+$F$4*(N11*H11)*Q11 -> 5.1555 | S11: =R11-R10 -> -0.37383779 | T11: =H11-H10 -> -0.89614173 | U11: =T11-S11 -> -0.52230393 | V11: =(D10/B11)^$F$2 -> 0.75445592 | W11: =(D11/B10)^$F$2 -> 0.29832692 | X11: =$F$3+$F$4*(N11*H11)*V11 -> 6.9570581 | Y11: =$F$3+$F$4*(N11*H11)*W11 -> 3.9090327 | Z11: =0.5*((X11-R10)+(R11-Y11)) -> 1.3370938 | AA11: =0.5*((Y11-R10)+(R11-X11)) -> -1.7109316 | AB11: =ABS(Z11)+ABS(AA11) -> 3.0480255 | AC11: =Z11+U11*(ABS(Z11)/AB11) -> 1.1079719 | AD11: =AA11+U11*(ABS(AA11)/AB11) -> -2.0041137 | AE11: =Z11+AA11 -> -0.37383779 | AF11: =AD11+AC11 -> -0.89614173
A12: 2010 | B12: 13033.052 | C12: 7.8673212 | D12: 14160.709 | G12: 2010 | H12: =C12 -> 7.8673212 | I12: =H12^$F$1 -> 0.70422174 | J12: =B12/I12 -> 18507.029 | K12: =D12/J12 -> 0.76515303 | L12: =K12^$F$2 -> 4.8287367 | M12: =100*L12/$L$11 -> 183.36815 | N12: =100*$K$11^-$F$2 -> 37.974352 | O12: =D12 -> 14160.709 | P12: =B12 -> 13033.052 | Q12: =(D12/B12)^$F$2 -> 0.6137714 | R12: =$F$3+$F$4*(N12*H12)*Q12 -> 7.8566281 | S12: =R12-R11 -> 2.7011281 | T12: =H12-H11 -> 2.4361246 | U12: =T12-S12 -> -0.26500345 | V12: =(D11/B12)^$F$2 -> 0.48313803 | W12: =(D12/B11)^$F$2 -> 0.61595577 | X12: =$F$3+$F$4*(N12*H12)*V12 -> 6.5921352 | Y12: =$F$3+$F$4*(N12*H12)*W12 -> 7.8777721 | Z12: =0.5*((X12-R11)+(R12-Y12)) -> 0.70774558 | AA12: =0.5*((Y12-R11)+(R12-X12)) -> 1.9933825 | AB12: =ABS(Z12)+ABS(AA12) -> 2.7011281 | AC12: =Z12+U12*(ABS(Z12)/AB12) -> 0.63830977 | AD12: =AA12+U12*(ABS(AA12)/AB12) -> 1.7978149 | AE12: =Z12+AA12 -> 2.7011281 | AF12: =AD12+AC12 -> 2.4361246
A13: 2011 | B13: 12481.9 | C13: 9.1153918 | D13: 13470.903 | G13: 2011 | H13: =C13 -> 9.1153918 | I13: =H13^$F$1 -> 0.6868125 | J13: =B13/I13 -> 18173.664 | K13: =D13/J13 -> 0.74123207 | L13: =K13^$F$2 -> 5.8207011 | M13: =100*L13/$L$11 -> 221.03736 | N13: =100*$K$11^-$F$2 -> 37.974352 | O13: =D13 -> 13470.903 | P13: =B13 -> 12481.9 | Q13: =(D13/B13)^$F$2 -> 0.63855743 | R13: =$F$3+$F$4*(N13*H13)*Q13 -> 9.0771103 | S13: =R13-R12 -> 1.2204823 | T13: =H13-H12 -> 1.2480706 | U13: =T13-S13 -> 0.02758835 | V13: =(D12/B13)^$F$2 -> 0.47601624 | W13: =(D13/B12)^$F$2 -> 0.82335066 | X13: =$F$3+$F$4*(N13*H13)*V13 -> 7.2541629 | Y13: =$F$3+$F$4*(N13*H13)*W13 -> 11.149621 | Z13: =0.5*((X13-R12)+(R13-Y13)) -> -1.337488 | AA13: =0.5*((Y13-R12)+(R13-X13)) -> 2.5579702 | AB13: =ABS(Z13)+ABS(AA13) -> 3.8954582 | AC13: =Z13+U13*(ABS(Z13)/AB13) -> -1.3280156 | AD13: =AA13+U13*(ABS(AA13)/AB13) -> 2.5760862 | AE13: =Z13+AA13 -> 1.2204823 | AF13: =AD13+AC13 -> 1.2480706
A14: 2012 | B14: 11082.801 | C14: 9.8552169 | D14: 11903.978 | G14: 2012 | H14: =C14 -> 9.8552169 | I14: =H14^$F$1 -> 0.67776127 | J14: =B14/I14 -> 16352.071 | K14: =D14/J14 -> 0.72797981 | L14: =K14^$F$2 -> 6.4723612 | M14: =100*L14/$L$11 -> 245.78372 | N14: =100*$K$11^-$F$2 -> 37.974352 | O14: =D14 -> 11903.978 | P14: =B14 -> 11082.801 | Q14: =(D14/B14)^$F$2 -> 0.65674467 | R14: =$F$3+$F$4*(N14*H14)*Q14 -> 9.8788926 | S14: =R14-R13 -> 0.8017823 | T14: =H14-H13 -> 0.73982508 | U14: =T14-S14 -> -0.061957215 | V14: =(D13/B14)^$F$2 -> 0.31731248 | W14: =(D14/B13)^$F$2 -> 1.3216284 | X14: =$F$3+$F$4*(N14*H14)*V14 -> 5.7630894 | Y14: =$F$3+$F$4*(N14*H14)*W14 -> 17.940976 | Z14: =0.5*((X14-R13)+(R14-Y14)) -> -5.6880521 | AA14: =0.5*((Y14-R13)+(R14-X14)) -> 6.4898344 | AB14: =ABS(Z14)+ABS(AA14) -> 12.177887 | AC14: =Z14+U14*(ABS(Z14)/AB14) -> -5.7169911 | AD14: =AA14+U14*(ABS(AA14)/AB14) -> 6.4568162 | AE14: =Z14+AA14 -> 0.8017823 | AF14: =AD14+AC14 -> 0.73982508
A15: 2013 | B15: 13455.667 | C15: 6.2861417 | D15: 14687.571 | G15: 2013 | H15: =C15 -> 6.2861417 | I15: =H15^$F$1 -> 0.73160168 | J15: =B15/I15 -> 18392.068 | K15: =D15/J15 -> 0.79858183 | L15: =K15^$F$2 -> 3.7548417 | M15: =100*L15/$L$11 -> 142.58768 | N15: =100*$K$11^-$F$2 -> 37.974352 | O15: =D15 -> 14687.571 | P15: =B15 -> 13455.667 | Q15: =(D15/B15)^$F$2 -> 0.59732056 | R15: =$F$3+$F$4*(N15*H15)*Q15 -> 6.5353409 | S15: =R15-R14 -> -3.3435517 | T15: =H15-H14 -> -3.5690752 | U15: =T15-S15 -> -0.22552343 | V15: =(D14/B15)^$F$2 -> 2.055978 | W15: =(D15/B14)^$F$2 -> 0.19080316 | X15: =$F$3+$F$4*(N15*H15)*V15 -> 17.816997 | Y15: =$F$3+$F$4*(N15*H15)*W15 -> 3.3912239 | Z15: =0.5*((X15-R14)+(R15-Y15)) -> 5.5411109 | AA15: =0.5*((Y15-R14)+(R15-X15)) -> -8.8846626 | AB15: =ABS(Z15)+ABS(AA15) -> 14.425773 | AC15: =Z15+U15*(ABS(Z15)/AB15) -> 5.4544847 | AD15: =AA15+U15*(ABS(AA15)/AB15) -> -9.0235598 | AE15: =Z15+AA15 -> -3.3435517 | AF15: =AD15+AC15 -> -3.5690752
A16: 2014 | B16: 13749.589 | C16: 5.10022 | D16: 15480.757 | G16: 2014 | H16: =C16 -> 5.10022 | I16: =H16^$F$1 -> 0.758071 | J16: =B16/I16 -> 18137.6 | K16: =D16/J16 -> 0.85351739 | L16: =K16^$F$2 -> 2.5388269 | M16: =100*L16/$L$11 -> 96.410307 | N16: =100*$K$11^-$F$2 -> 37.974352 | O16: =D16 -> 15480.757 | P16: =B16 -> 13749.589 | Q16: =(D16/B16)^$F$2 -> 0.49778772 | R16: =$F$3+$F$4*(N16*H16)*Q16 -> 5.039194 | S16: =R16-R15 -> -1.4961469 | T16: =H16-H15 -> -1.1859217 | U16: =T16-S16 -> 0.31022523 | V16: =(D15/B16)^$F$2 -> 0.6782819 | W16: =(D16/B15)^$F$2 -> 0.4383706 | X16: =$F$3+$F$4*(N16*H16)*V16 -> 6.1718225 | Y16: =$F$3+$F$4*(N16*H16)*W16 -> 4.6663424 | Z16: =0.5*((X16-R15)+(R16-Y16)) -> 0.0046665392 | AA16: =0.5*((Y16-R15)+(R16-X16)) -> -1.5008135 | AB16: =ABS(Z16)+ABS(AA16) -> 1.50548 | AC16: =Z16+U16*(ABS(Z16)/AB16) -> 0.0056281449 | AD16: =AA16+U16*(ABS(AA16)/AB16) -> -1.1915499 | AE16: =Z16+AA16 -> -1.4961469 | AF16: =AD16+AC16 -> -1.1859217
... A27: 2025 | B27: 16279.888 | C27: 4 | D27: 18308.679 | G27: 2025 | H27: =C27 -> 4 | I27: =H27^$F$1 -> 0.79004131 | J27: =B27/I27 -> 20606.376 | K27: =D27/J27 -> 0.88849581 | L27: =K27^$F$2 -> 2.0045973 | M27: =100*L27/$L$11 -> 76.123284 | N27: =100*$K$11^-$F$2 -> 37.974352 | O27: =D27 -> 18308.679 | P27: =B27 -> 16279.888 | Q27: =(D27/B27)^$F$2 -> 0.50114932 | R27: =$F$3+$F$4*(N27*H27)*Q27 -> 4.3818944 | S27: =R27-R26 -> -0.55141881 | T27: =H27-H26 -> -0.32279902 | U27: =T27-S27 -> 0.22861978 | V27: =(D26/B27)^$F$2 -> 0.86792376 | W27: =(D27/B26)^$F$2 -> 0.32762535 | X27: =$F$3+$F$4*(N27*H27)*V27 -> 6.186966 | Y27: =$F$3+$F$4*(N27*H27)*W27 -> 3.5279003 | Z27: =0.5*((X27-R26)+(R27-Y27)) -> 1.0538234 | AA27: =0.5*((Y27-R26)+(R27-X27)) -> -1.6052422 | AB27: =ABS(Z27)+ABS(AA27) -> 2.6590657 | AC27: =Z27+U27*(ABS(Z27)/AB27) -> 1.1444285 | AD27: =AA27+U27*(ABS(AA27)/AB27) -> -1.4672275 | AE27: =Z27+AA27 -> -0.55141881 | AF27: =AD27+AC27 -> -0.32279902
C28: {=_xlfn.STDEV.P(D2:D27/B2:B27)} -> 0.033829734
B29: USAGE | C29: P | D29: SUPPLY
A30: 2025 | B30: 413531 | C30: 4 | D30: 465065 | G30: 2025 | H30: 4 | I30: 0.79004131 | J30: 523429.59 | K30: 0.88849581 | L30: 2.0045973 | M30: 76.123284 | N30: 37.974352 | O30: 465065 | P30: 413531 | Q30: 0.50114932 | R30: 4.3818944 | S30: -0.55141881 | T30: -0.32279902 | U30: 0.22861978 | V30: 0.86792376 | W30: 0.32762535 | X30: 6.186966 | Y30: 3.5279003 | Z30: 1.0538234 | AA30: -1.6052422 | AB30: 2.6590657 | AC30: 1.1444285 | AD30: -1.4672275 | AE30: -0.55141881 | AF30: -0.32279902
A31: 2026* | B31: =B30-100 -> 413431 | C31: 4 | D31: =D30-100 -> 464965 | G31: 2026* | H31: =C31 -> 4 | I31: =H31^$F$1 -> 0.79004131 | J31: =B31/I31 -> 523303.01 | K31: =D31/J31 -> 0.88851963 | L31: =K31^$F$2 -> 2.0042813 | M31: =100*L31/$L$11 -> 76.111283 | N31: =100*$K$11^-$F$2 -> 37.974352 | O31: =D31 -> 464965 | P31: =B31 -> 413431 | Q31: =(D31/B31)^$F$2 -> 0.50107032 | R31: =$F$3+$F$4*(N31*H31)*Q31 -> 4.3815056 | S31: =R31-R30 -> -0.00038882189 | T31: =H31-H30 -> 0 | U31: =T31-S31 -> 0.00038882189 | V31: =(D30/B31)^$F$2 -> 0.50043687 | W31: =(D31/B30)^$F$2 -> 0.50178367 | X31: =$F$3+$F$4*(N31*H31)*V31 -> 4.3783881 | Y31: =$F$3+$F$4*(N31*H31)*W31 -> 4.3850163 | Z31: =0.5*((X31-R30)+(R31-Y31)) -> -0.0035085198 | AA31: =0.5*((Y31-R30)+(R31-X31)) -> 0.0031196979 | AB31: =ABS(Z31)+ABS(AA31) -> 0.0066282178 | AC31: =Z31+U31*(ABS(Z31)/AB31) -> -0.0033027044 | AD31: =AA31+U31*(ABS(AA31)/AB31) -> 0.0033027044 | AE31: =Z31+AA31 -> -0.00038882189 | AF31: =AD31+AC31 -> 0
C32: =D31/B31 -> 1.1246496
C33: =(AVERAGE(D2:D27)/AVERAGE(B2:B27))+3*C28 -> 1.2254541 | H33: {=_xlfn.STDEV.P(LN(H2:H27))} -> 0.277283 | P33: sd | Q33: =_xlfn.STDEV.P(Q2:Q27) -> 0.086204937 | S33: z-score for weird term
C34: =(AVERAGE(D2:D27)/AVERAGE(B2:B27))-3*C28 -> 1.0224757 | H34: =AVERAGE(H2:H27)/EXP(2*H33) -> 3.1376934 | P34: mean + 2sd | Q34: =AVERAGE(Q2:Q27)+2*Q33 -> 0.6806302 | S34: {=(LN(Q31) - AVERAGE(LN(Q2:Q27))) / _xlfn.STDEV.P(LN(Q2:Q27))} -> 0.0049963772
H35: =AVERAGE(H2:H27)*EXP(2*H33) -> 9.5126257 | P35: mean - 2sd | Q35: =AVERAGE(Q2:Q27)-2*Q33 -> 0.33581045 | S35: =((Q31) - AVERAGE((Q2:Q27))) / _xlfn.STDEV.P((Q2:Q27)) -> -0.082941985

Sheet chart1
A1: Year | B1: Change in Price ($/bu, MYA) | C1: Supply-Driven Price Impact | D1: Usage-Driven Price Impact
A2: 2001 | B2: ='Shapley Decomposition'!T3 -> 0.11810712 | C2: ='Shapley Decomposition'!AD3 -> 0.081072143 | D2: ='Shapley Decomposition'!AC3 -> 0.037034975
A3: 2002 | B3: ='Shapley Decomposition'!T4 -> 0.59283462 | C3: ='Shapley Decomposition'!AD4 -> 1.0270972 | D3: ='Shapley Decomposition'!AC4 -> -0.43426253
A4: 2003 | B4: ='Shapley Decomposition'!T5 -> 0.094410974 | C4: ='Shapley Decomposition'!AD5 -> -1.1438168 | D4: ='Shapley Decomposition'!AC5 -> 1.2382277
A5: 2004 | B5: ='Shapley Decomposition'!T6 -> -0.79156603 | C5: ='Shapley Decomposition'!AD6 -> -1.1423526 | D5: ='Shapley Decomposition'!AC6 -> 0.35078661
A6: 2005 | B6: ='Shapley Decomposition'!T7 -> -0.19228145 | C6: ='Shapley Decomposition'!AD7 -> -0.5034387 | D6: ='Shapley Decomposition'!AC7 -> 0.31115725
A7: 2006 | B7: ='Shapley Decomposition'!T8 -> 1.6944182 | C7: ='Shapley Decomposition'!AD8 -> 1.3794704 | D7: ='Shapley Decomposition'!AC8 -> 0.31494783
A8: 2007 | B8: ='Shapley Decomposition'!T9 -> 1.7077109 | C8: ='Shapley Decomposition'!AD9 -> -2.9255784 | D8: ='Shapley Decomposition'!AC9 -> 4.6332893
A9: 2008 | B9: ='Shapley Decomposition'!T10 -> -0.5699094 | C9: ='Shapley Decomposition'!AD10 -> 0.91312931 | D9: ='Shapley Decomposition'!AC10 -> -1.4830387
A10: 2009 | B10: ='Shapley Decomposition'!T11 -> -0.89614173 | C10: ='Shapley Decomposition'!AD11 -> -2.0041137 | D10: ='Shapley Decomposition'!AC11 -> 1.1079719
A11: 2010 | B11: ='Shapley Decomposition'!T12 -> 2.4361246 | C11: ='Shapley Decomposition'!AD12 -> 1.7978149 | D11: ='Shapley Decomposition'!AC12 -> 0.63830977
A12: 2011 | B12: ='Shapley Decomposition'!T13 -> 1.2480706 | C12: ='Shapley Decomposition'!AD13 -> 2.5760862 | D12: ='Shapley Decomposition'!AC13 -> -1.3280156
A13: 2012 | B13: ='Shapley Decomposition'!T14 -> 0.73982508 | C13: ='Shapley Decomposition'!AD14 -> 6.4568162 | D13: ='Shapley Decomposition'!AC14 -> -5.7169911
... A26: 2025 | B26: ='Shapley Decomposition'!T27 -> -0.32279902 | C26: ='Shapley Decomposition'!AD27 -> -1.4672275 | D26: ='Shapley Decomposition'!AC27 -> 1.1444285

Sheet chart1 w demand
A1: Year | B1: Change in Price ($/bu, MYA) | C1: Supply-Driven Price Impact | D1: Usage-Driven Price Impact | E1: Demand Impact
A2: 2001 | B2: ='Shapley Decomposition'!T3 -> 0.11810712 | C2: ='Shapley Decomposition'!AA3 -> 0.23163161 | D2: ='Shapley Decomposition'!Z3 -> 0.10581281 | E2: ='Shapley Decomposition'!U3 -> -0.2193373 | F2: =SUM(C2:E2) -> 0.11810712
A3: 2002 | B3: ='Shapley Decomposition'!T4 -> 0.59283462 | C3: ='Shapley Decomposition'!AA4 -> 1.2894373 | D3: ='Shapley Decomposition'!Z4 -> -0.36084704 | E3: ='Shapley Decomposition'!U4 -> -0.33575567 | F3: =SUM(C3:E3) -> 0.59283462
A4: 2003 | B4: ='Shapley Decomposition'!T5 -> 0.094410974 | C4: ='Shapley Decomposition'!AA5 -> -1.0149261 | D4: ='Shapley Decomposition'!Z5 -> 1.4183514 | E4: ='Shapley Decomposition'!U5 -> -0.30901425 | F4: =SUM(C4:E4) -> 0.094410974
A5: 2004 | B5: ='Shapley Decomposition'!T6 -> -0.79156603 | C5: ='Shapley Decomposition'!AA6 -> -1.9379634 | D5: ='Shapley Decomposition'!Z6 -> 0.24868965 | E5: ='Shapley Decomposition'!U6 -> 0.89770768 | F5: =SUM(C5:E5) -> -0.79156603
A6: 2005 | B6: ='Shapley Decomposition'!T7 -> -0.19228145 | C6: ='Shapley Decomposition'!AA7 -> -0.37354108 | D6: ='Shapley Decomposition'!Z7 -> 0.4770496 | E6: ='Shapley Decomposition'!U7 -> -0.29578997 | F6: =SUM(C6:E6) -> -0.19228145
A7: 2006 | B7: ='Shapley Decomposition'!T8 -> 1.6944182 | C7: ='Shapley Decomposition'!AA8 -> 1.362332 | D7: ='Shapley Decomposition'!Z8 -> 0.31103493 | E7: ='Shapley Decomposition'!U8 -> 0.021051348 | F7: =SUM(C7:E7) -> 1.6944182
A8: 2007 | B8: ='Shapley Decomposition'!T9 -> 1.7077109 | C8: ='Shapley Decomposition'!AA9 -> -3.3071363 | D8: ='Shapley Decomposition'!Z9 -> 4.1540227 | E8: ='Shapley Decomposition'!U9 -> 0.86082446 | F8: =SUM(C8:E8) -> 1.7077109
A9: 2008 | B9: ='Shapley Decomposition'!T10 -> -0.5699094 | C9: ='Shapley Decomposition'!AA10 -> 0.91108984 | D9: ='Shapley Decomposition'!Z10 -> -1.4863659 | E9: ='Shapley Decomposition'!U10 -> 0.0053667056 | F9: =SUM(C9:E9) -> -0.5699094
A10: 2009 | B10: ='Shapley Decomposition'!T11 -> -0.89614173 | C10: ='Shapley Decomposition'!AA11 -> -1.7109316 | D10: ='Shapley Decomposition'!Z11 -> 1.3370938 | E10: ='Shapley Decomposition'!U11 -> -0.52230393 | F10: =SUM(C10:E10) -> -0.89614173
A11: 2010 | B11: ='Shapley Decomposition'!T12 -> 2.4361246 | C11: ='Shapley Decomposition'!AA12 -> 1.9933825 | D11: ='Shapley Decomposition'!Z12 -> 0.70774558 | E11: ='Shapley Decomposition'!U12 -> -0.26500345 | F11: =SUM(C11:E11) -> 2.4361246
A12: 2011 | B12: ='Shapley Decomposition'!T13 -> 1.2480706 | C12: ='Shapley Decomposition'!AA13 -> 2.5579702 | D12: ='Shapley Decomposition'!Z13 -> -1.337488 | E12: ='Shapley Decomposition'!U13 -> 0.02758835 | F12: =SUM(C12:E12) -> 1.2480706
A13: 2012 | B13: ='Shapley Decomposition'!T14 -> 0.73982508 | C13: ='Shapley Decomposition'!AA14 -> 6.4898344 | D13: ='Shapley Decomposition'!Z14 -> -5.6880521 | E13: ='Shapley Decomposition'!U14 -> -0.061957215 | F13: =SUM(C13:E13) -> 0.73982508
... A26: 2025 | B26: ='Shapley Decomposition'!T27 -> -0.32279902 | C26: ='Shapley Decomposition'!AA27 -> -1.6052422 | D26: ='Shapley Decomposition'!Z27 -> 1.0538234 | E26: ='Shapley Decomposition'!U27 -> 0.22861978 | F26: =SUM(C26:E26) -> -0.32279902

Sheet stacked
A1: Year | B1: Change in Price ($/bu, MYA) | C1: Supply-Driven Price Impact | D1: Usage-Driven Price Impact
A2: 2001 | B2: ='Shapley Decomposition'!T3 -> 0.11810712 | C2: ='Shapley Decomposition'!AD3 -> 0.081072143 | D2: ='Shapley Decomposition'!AC3 -> 0.037034975
A3: 2002 | B3: ='Shapley Decomposition'!T4 -> 0.59283462 | C3: ='Shapley Decomposition'!AD4 -> 1.0270972 | D3: ='Shapley Decomposition'!AC4 -> -0.43426253
A4: 2003 | B4: ='Shapley Decomposition'!T5 -> 0.094410974 | C4: ='Shapley Decomposition'!AD5 -> -1.1438168 | D4: ='Shapley Decomposition'!AC5 -> 1.2382277
A5: 2004 | B5: ='Shapley Decomposition'!T6 -> -0.79156603 | C5: ='Shapley Decomposition'!AD6 -> -1.1423526 | D5: ='Shapley Decomposition'!AC6 -> 0.35078661
A6: 2005 | B6: ='Shapley Decomposition'!T7 -> -0.19228145 | C6: ='Shapley Decomposition'!AD7 -> -0.5034387 | D6: ='Shapley Decomposition'!AC7 -> 0.31115725
A7: 2006 | B7: ='Shapley Decomposition'!T8 -> 1.6944182 | C7: ='Shapley Decomposition'!AD8 -> 1.3794704 | D7: ='Shapley Decomposition'!AC8 -> 0.31494783
A8: 2007 | B8: ='Shapley Decomposition'!T9 -> 1.7077109 | C8: ='Shapley Decomposition'!AD9 -> -2.9255784 | D8: ='Shapley Decomposition'!AC9 -> 4.6332893
A9: 2008 | B9: ='Shapley Decomposition'!T10 -> -0.5699094 | C9: ='Shapley Decomposition'!AD10 -> 0.91312931 | D9: ='Shapley Decomposition'!AC10 -> -1.4830387
A10: 2009 | B10: ='Shapley Decomposition'!T11 -> -0.89614173 | C10: ='Shapley Decomposition'!AD11 -> -2.0041137 | D10: ='Shapley Decomposition'!AC11 -> 1.1079719
A11: 2010 | B11: ='Shapley Decomposition'!T12 -> 2.4361246 | C11: ='Shapley Decomposition'!AD12 -> 1.7978149 | D11: ='Shapley Decomposition'!AC12 -> 0.63830977
A12: 2011 | B12: ='Shapley Decomposition'!T13 -> 1.2480706 | C12: ='Shapley Decomposition'!AD13 -> 2.5760862 | D12: ='Shapley Decomposition'!AC13 -> -1.3280156
A13: 2012 | B13: ='Shapley Decomposition'!T14 -> 0.73982508 | C13: ='Shapley Decomposition'!AD14 -> 6.4568162 | D13: ='Shapley Decomposition'!AC14 -> -5.7169911
... A26: 2025 | B26: ='Shapley Decomposition'!T27 -> -0.32279902 | C26: ='Shapley Decomposition'!AD27 -> -1.4672275 | D26: ='Shapley Decomposition'!AC27 -> 1.1444285
