Workbook

Sheet Corn
A1: Year | B1: ExchangeRate (US exported Corn) | C1: ExchangeRate (Export Competitors - Corn) | D1: Beginning Stocks | E1: Production | F1: Imports | G1: Total Supply | H1: Exports | I1: Feed Dom. Consumption | J1: FSI Consumption | K1: Domestic Consumption | L1: Ending Stocks | M1: US MYA Price (nominal) | N1: World: Ending Stocks | O1: World: Production | P1: World Pop (SPPOPTOTLWLD) | Q1: US pop (1000s) (B230RC0A052NBEA) | R1: WorldGDP (NYGDPMKTPCDWLD) | S1: USGDP (GDP) | T1: PCE Index (PCEPI) | U1: Total Usage*** | V1: CPI | W1: DEF
A2: 1970 | B2: 96.279968 | C2: 75.531029 | D2: 25533 | E2: 105472 | F2: 102 | G2: 131107 | H2: 12854 | I2: 91311 | J2: 10102 | K2: 101413 | L2: 16840 | M2: 1.33 | N2: 36148 | O2: 268078 | P2: 3680589045 | Q2: 205089 | R2: 3004300000000 | S2: 1073.311 | T2: 19.766 | U2: =J2+I2+H2 -> 114267 | V2: 15 | W2: 306.1
A3: 1971 | B3: 91.94957 | C3: 69.234032 | D3: 16840 | E3: 143422 | F3: 32 | G3: 160294 | H3: 19868 | I3: 101636 | J3: 10190 | K3: 111826 | L3: 28600 | M3: 1.08 | N3: 49022 | O3: 308500 | P3: 3758613546 | Q3: 207692 | R3: 3319900000000 | S3: 1164.85 | T3: 20.605 | U3: =J3+I3+H3 -> 131694 | V3: 15.5 | W3: 289.4
A4: 1972 | B4: 85.741081 | C4: 60.257446 | D4: 28600 | E4: 141734 | F4: 24 | G4: 170358 | H4: 31536 | I4: 109615 | J4: 11225 | K4: 120840 | L4: 17982 | M4: 1.57 | N4: 38016 | O4: 301447 | P4: 3834446322 | Q4: 209924 | R4: 3834200000000 | S4: 1279.112 | T4: 21.308 | U4: =J4+I4+H4 -> 152376 | V4: 16.2 | W4: 269.7
A5: 1973 | B5: 81.385788 | C5: 59.529339 | D5: 17982 | E5: 144043 | F5: 25 | G5: 162050 | H5: 31242 | I5: 106808 | J5: 11708 | K5: 118516 | L5: 12292 | M5: 2.55 | N5: 38720 | O5: 330523 | P5: 3911068458 | Q5: 211939 | R5: 4688600000000 | S5: 1425.376 | T5: 22.456 | U5: =J5+I5+H5 -> 149758 | V5: 18.3 | W5: 412.1
A6: 1974 | B6: 81.354317 | C6: 61.886292 | D6: 12292 | E6: 119421 | F6: 51 | G6: 131764 | H6: 29186 | I6: 76930 | J6: 11474 | K6: 88404 | L6: 14174 | M6: 3.02 | N6: 45689 | O6: 299781 | P6: 3987294240 | Q6: 213898 | R6: 5419500000000 | S6: 1545.243 | T6: 24.793 | U6: =J6+I6+H6 -> 117590 | V6: 20.8 | W6: 639.4
A7: 1975 | B7: 82.211517 | C7: 63.680122 | D7: 14174 | E7: 148362 | F7: 38 | G7: 162574 | H7: 42280 | I7: 90981 | J7: 13229 | K7: 104210 | L7: 16084 | M7: 2.54 | N7: 52495 | O7: 339215 | P7: 4062070771 | Q7: 215981 | R7: 6035100000000 | S7: 1684.905 | T7: 26.86 | U7: =J7+I7+H7 -> 146490 | V7: 22.6 | W7: 448.5
A8: 1976 | B8: 82.846268 | C8: 62.982239 | D8: 16084 | E8: 159752 | F8: 62 | G8: 175898 | H8: 41788 | I8: 91492 | J8: 13772 | K8: 105264 | L8: 28846 | M8: 2.15 | N8: 68337 | O8: 356140 | P8: 4135758539 | Q8: 218086 | R8: 6560200000000 | S8: 1873.413 | T8: 28.333 | U8: =J8+I8+H8 -> 147052 | V8: 23.3 | W8: 319.7
A9: 1977 | B9: 76.637421 | C9: 58.508747 | D9: 28846 | E9: 165236 | F9: 61 | G9: 194143 | H9: 48171 | I9: 94740 | J9: 14758 | K9: 109498 | L9: 36474 | M9: 2.02 | N9: 77307 | O9: 365441 | P9: 4208958804 | Q9: 220289 | R9: 7416400000000 | S9: 2081.825 | T9: 30.176 | U9: =J9+I9+H9 -> 157669 | V9: 24.7 | W9: 398.5
A10: 1978 | B10: 79.017975 | C10: 58.03746 | D10: 36474 | E10: 184614 | F10: 29 | G10: 221117 | H10: 53676 | I10: 108574 | J10: 15444 | K10: 124018 | L10: 43423 | M10: 2.25 | N10: 91380 | O10: 392120 | P10: 4283431043 | Q10: 222629 | R10: 8779700000000 | S10: 2351.599 | T10: 32.276 | U10: =J10+I10+H10 -> 177694 | V10: 27.1 | W10: 442.4
A11: 1979 | B11: 79.596054 | C11: 58.580296 | D11: 43423 | E11: 201384 | F11: 18 | G11: 244825 | H11: 61001 | I11: 115907 | J11: 16243 | K11: 132150 | L11: 51674 | M11: 2.52 | N11: 111155 | O11: 425566 | P11: 4360056401 | Q11: 225106 | R11: 1.0155463e+13 | S11: 2627.326 | T11: 35.143 | U11: =J11+I11+H11 -> 193151 | V11: 30 | W11: 519.7
A12: 1980 | B12: 80.412804 | C12: 64.821983 | D12: 51674 | E12: 168648 | F12: 22 | G12: 220344 | H12: 60737 | I12: 107501 | J12: 16745 | K12: 124246 | L12: 35361 | M12: 3.11 | N12: 102541 | O12: 408734 | P12: 4437602892 | Q12: 227726 | R12: 1.1452769e+13 | S12: 2857.309 | T12: 38.928 | U12: =J12+I12+H12 -> 184983 | V12: 32.5 | W12: 584.8
A13: 1981 | B13: 93.981346 | C13: 79.986969 | D13: 35361 | E13: 206223 | F13: 14 | G13: 241598 | H13: 50720 | I13: 107816 | J13: 18629 | K13: 126445 | L13: 64433 | M13: 2.5 | N13: 127158 | O13: 441748 | P13: 4516926190 | Q13: 230008 | R13: 1.1843441e+13 | S13: 3207.041 | T13: 42.415 | U13: =J13+I13+H13 -> 177165 | V13: 35.1 | W13: 515.2
... A56: 2024 | B56: 122.45605 | C56: 115.30512 | D56: 44792 | E56: 378268 | F56: 550 | G56: 423610 | H56: 72603 | I56: 138831 | J56: 173271 | K56: 312102 | L56: 38905 | M56: 4.24 | N56: 293369 | O56: 1230608 | P56: 8141808945 | Q56: 340212 | R56: 110982661180013 | S56: 29298.013 | T56: 123.666 | U56: =J56+I56+H56 -> 384705 | V56: 122.9 | W56: 150
A57: 2025 | B57: 123.01136 | C57: 117.66338 | D57: 38905 | E57: 425525 | F57: 635 | G57: 465065 | H57: 81284 | I57: 154947 | J57: 177300 | K57: 332247 | L57: 51534 | M57: 4 | N57: 279151 | O57: 1282962 | P57: =AVERAGE((P56-P55),(P55-P54),(P54-P53),(P53-P52))+P56 -> 8.2135741e+09 | Q57: =AVERAGE((Q56-Q55),(Q55-Q54),(Q54-Q53),(Q53-Q52))+Q56 -> 342305 | R57: =AVERAGE((R56-R55),(R55-R54),(R54-R53),(R53-R52))+R56 -> 1.1725014e+14 | S57: =AVERAGE((S56-S55),(S55-S54),(S54-S53),(S53-S52))+S56 -> 31278.696 | T57: =AVERAGE((T56-T55),(T55-T54),(T54-T53),(T53-T52))+T56 -> 128.416 | U57: =J57+I57+H57 -> 413531 | V57: 125.3 | W57: 95

Sheet Soybeans
A1: Year | B1: ExchangeRate (US exported Corn) | C1: ExchangeRate (Export Competitors - Corn) | D1: Beginning Stocks | E1: Production | F1: Imports | G1: Total Supply | H1: Exports | I1: Crush | J1: Feed Waste Dom. Cons. | K1: Domestic Consumption | L1: Ending Stocks | M1: US MYA Price (nominal) | N1: World: Ending Stocks | O1: World: Production | P1: World Pop (SPPOPTOTLWLD) | Q1: US pop (1000s) (B230RC0A052NBEA) | R1: WorldGDP (NYGDPMKTPCDWLD) | S1: USGDP (GDP) | T1: PCE Index (PCEPI) | U1: Total Usage*** | V1: CPI | W1: DEF
A2: 1970 | B2: 96.279968 | C2: 75.531029 | D2: 6255 | E2: 30675 | F2: 0 | G2: 36930 | H2: 11806 | I2: 20687 | J2: 1749 | K2: 22436 | L2: 2688 | M2: 2.85 | N2: 3394 | O2: 42134 | P2: 3680589045 | Q2: 205089 | R2: 3004300000000 | S2: 1073.311 | T2: 19.766 | U2: 34242 | V2: 15 | W2: 306.1
A3: 1971 | B3: 91.94957 | C3: 69.234032 | D3: 2688 | E3: 32009 | F3: 0 | G3: 34697 | H3: 11344 | I3: 19610 | J3: 1785 | K3: 21395 | L3: 1958 | M3: 3.03 | N3: 2606 | O3: 43438 | P3: 3758613546 | Q3: 207692 | R3: 3319900000000 | S3: 1164.85 | T3: 20.605 | U3: 32739 | V3: 15.5 | W3: 289.4
A4: 1972 | B4: 85.741081 | C4: 60.257446 | D4: 1958 | E4: 34581 | F4: 0 | G4: 36539 | H4: 13048 | I4: 19644 | J4: 2224 | K4: 21868 | L4: 1623 | M4: 4.37 | N4: 2498 | O4: 43906 | P4: 3834446322 | Q4: 209924 | R4: 3834200000000 | S4: 1279.112 | T4: 21.308 | U4: 34916 | V4: 16.2 | W4: 269.7
A5: 1973 | B5: 81.385788 | C5: 59.529339 | D5: 1623 | E5: 42118 | F5: 0 | G5: 43741 | H5: 14673 | I5: 22353 | J5: 2068 | K5: 24421 | L5: 4647 | M5: 5.68 | N5: 5495 | O5: 54007 | P5: 3911068458 | Q5: 211939 | R5: 4688600000000 | S5: 1425.376 | T5: 22.456 | U5: 39094 | V5: 18.3 | W5: 412.1
A6: 1974 | B6: 81.354317 | C6: 61.886292 | D6: 4647 | E6: 33102 | F6: 0 | G6: 37749 | H6: 11450 | I6: 19085 | J6: 2093 | K6: 21178 | L6: 5121 | M6: 6.64 | N6: 6086 | O6: 44249 | P6: 3987294240 | Q6: 213898 | R6: 5419500000000 | S6: 1545.243 | T6: 24.793 | U6: 32628 | V6: 20.8 | W6: 639.4
A7: 1975 | B7: 82.211517 | C7: 63.680122 | D7: 5121 | E7: 42139 | F7: 0 | G7: 47260 | H7: 15107 | I7: 23545 | J7: 1942 | K7: 25487 | L7: 6666 | M7: 4.92 | N7: 8302 | O7: 53633 | P7: 4062070771 | Q7: 215981 | R7: 6035100000000 | S7: 1684.905 | T7: 26.86 | U7: 40594 | V7: 22.6 | W7: 448.5
A8: 1976 | B8: 82.846268 | C8: 62.982239 | D8: 6666 | E8: 35070 | F8: 0 | G8: 41736 | H8: 15351 | I8: 21506 | J8: 2078 | K8: 23584 | L8: 2801 | M8: 6.81 | N8: 3688 | O8: 45465 | P8: 4135758539 | Q8: 218086 | R8: 6560200000000 | S8: 1873.413 | T8: 28.333 | U8: 38935 | V8: 23.3 | W8: 319.7
A9: 1977 | B9: 76.637421 | C9: 58.508747 | D9: 2801 | E9: 48097 | F9: 0 | G9: 50898 | H9: 19061 | I9: 25220 | J9: 2231 | K9: 27451 | L9: 4386 | M9: 5.88 | N9: 10128 | O9: 72151 | P9: 4208958804 | Q9: 220289 | R9: 7416400000000 | S9: 2081.825 | T9: 30.176 | U9: 46512 | V9: 24.7 | W9: 398.5
A10: 1978 | B10: 79.017975 | C10: 58.03746 | D10: 4386 | E10: 50859 | F10: 0 | G10: 55245 | H10: 20117 | I10: 27701 | J10: 2648 | K10: 30349 | L10: 4779 | M10: 6.66 | N10: 9912 | O10: 77408 | P10: 4283431043 | Q10: 222629 | R10: 8779700000000 | S10: 2351.599 | T10: 32.276 | U10: 50466 | V10: 27.1 | W10: 442.4
A11: 1979 | B11: 79.596054 | C11: 58.580296 | D11: 4779 | E11: 61525 | F11: 0 | G11: 66304 | H11: 23818 | I11: 30573 | J11: 2157 | K11: 32730 | L11: 9756 | M11: 6.29 | N11: 18664 | O11: 93389 | P11: 4360056401 | Q11: 225106 | R11: 1.0155463e+13 | S11: 2627.326 | T11: 35.143 | U11: 56548 | V11: 30 | W11: 519.7
A12: 1980 | B12: 80.412804 | C12: 64.821983 | D12: 9756 | E12: 48921 | F12: 0 | G12: 58677 | H12: 19712 | I12: 27773 | J12: 2673 | K12: 30446 | L12: 8519 | M12: 7.6 | N12: 16545 | O12: 80928 | P12: 4437602892 | Q12: 227726 | R12: 1.1452769e+13 | S12: 2857.309 | T12: 38.928 | U12: 50158 | V12: 32.5 | W12: 584.8
A13: 1981 | B13: 93.981346 | C13: 79.986969 | D13: 8519 | E13: 54135 | F13: 0 | G13: 62654 | H13: 25285 | I13: 28032 | J13: 2411 | K13: 30443 | L13: 6926 | M13: 6.07 | N13: 15103 | O13: 86083 | P13: 4516926190 | Q13: 230008 | R13: 1.1843441e+13 | S13: 3207.041 | T13: 42.415 | U13: 55728 | V13: 35.1 | W13: 515.2
... A56: 2024 | B56: 122.45605 | C56: 115.30512 | D56: 9319 | E56: 119047 | F56: 789 | G56: 129155 | H56: 51227 | I56: 66546 | J56: 2542 | K56: 69088 | L56: 8840 | M56: 10 | N56: 123658 | O56: 427154 | P56: 8141808945 | Q56: 340212 | R56: 110982661180013 | S56: 29298.013 | T56: 123.666 | U56: 120315 | V56: 122.9 | W56: 150
A57: 2025 | B57: 123.01136 | C57: 117.66338 | D57: 8840 | E57: 115989 | F57: 544 | G57: 125373 | H57: 42864 | I57: 69944 | J57: 3048 | K57: 72992 | L57: 9517 | M57: 10.2 | N57: 125514 | O57: 428179 | P57: =AVERAGE((P56-P55),(P55-P54),(P54-P53),(P53-P52))+P56 -> 8.2135741e+09 | Q57: =AVERAGE((Q56-Q55),(Q55-Q54),(Q54-Q53),(Q53-Q52))+Q56 -> 342305 | R57: =AVERAGE((R56-R55),(R55-R54),(R54-R53),(R53-R52))+R56 -> 1.1725014e+14 | S57: =AVERAGE((S56-S55),(S55-S54),(S54-S53),(S53-S52))+S56 -> 31278.696 | T57: =AVERAGE((T56-T55),(T55-T54),(T54-T53),(T53-T52))+T56 -> 128.416 | U57: 115856 | V57: 125.3 | W57: 95

Sheet Soybeans - bu
A1: Year | B1: ExchangeRate (US exported Corn) | C1: ExchangeRate (Export Competitors - Corn) | D1: Beginning Stocks | E1: Production | F1: Imports | G1: Total Supply | H1: Exports | I1: Crush | J1: Feed Waste Dom. Cons. | K1: Domestic Consumption | L1: Ending Stocks | M1: US MYA Price (nominal) | N1: World: Ending Stocks | O1: World: Production | P1: World Pop (SPPOPTOTLWLD) | Q1: US pop (1000s) (B230RC0A052NBEA) | R1: WorldGDP (NYGDPMKTPCDWLD) | S1: USGDP (GDP) | T1: PCE Index (PCEPI) | U1: Total Usage*** | V1: CPI | W1: DEF
A2: 1970 | B2: =Soybeans!B2 -> 96.279968 | C2: =Soybeans!C2 -> 75.531029 | D2: =(Soybeans!D2*1000)*(36.7437)/1000000 -> 229.83184 | E2: =(Soybeans!E2*1000)*(36.7437)/1000000 -> 1127.113 | F2: =(Soybeans!F2*1000)*(36.7437)/1000000 -> 0 | G2: =(Soybeans!G2*1000)*(36.7437)/1000000 -> 1356.9448 | H2: =(Soybeans!H2*1000)*(36.7437)/1000000 -> 433.79612 | I2: =(Soybeans!I2*1000)*(36.7437)/1000000 -> 760.11692 | J2: =(Soybeans!J2*1000)*(36.7437)/1000000 -> 64.264731 | K2: =(Soybeans!K2*1000)*(36.7437)/1000000 -> 824.38165 | L2: =(Soybeans!L2*1000)*(36.7437)/1000000 -> 98.767066 | M2: =Soybeans!M2 -> 2.85 | N2: =(Soybeans!N2*1000)*(36.7437)/1000000 -> 124.70812 | O2: =(Soybeans!O2*1000)*(36.7437)/1000000 -> 1548.1591 | P2: =Soybeans!P2 -> 3680589045 | Q2: =Soybeans!Q2 -> 205089 | R2: =Soybeans!R2 -> 3004300000000 | S2: =Soybeans!S2 -> 1073.311 | T2: =Soybeans!T2 -> 19.766 | U2: =(Soybeans!U2*1000)*(36.7437)/1000000 -> 1258.1778 | V2: 15 | W2: 306.1
A3: 1971 | B3: =Soybeans!B3 -> 91.94957 | C3: =Soybeans!C3 -> 69.234032 | D3: =(Soybeans!D3*1000)*(36.7437)/1000000 -> 98.767066 | E3: =(Soybeans!E3*1000)*(36.7437)/1000000 -> 1176.1291 | F3: =(Soybeans!F3*1000)*(36.7437)/1000000 -> 0 | G3: =(Soybeans!G3*1000)*(36.7437)/1000000 -> 1274.8962 | H3: =(Soybeans!H3*1000)*(36.7437)/1000000 -> 416.82053 | I3: =(Soybeans!I3*1000)*(36.7437)/1000000 -> 720.54396 | J3: =(Soybeans!J3*1000)*(36.7437)/1000000 -> 65.587504 | K3: =(Soybeans!K3*1000)*(36.7437)/1000000 -> 786.13146 | L3: =(Soybeans!L3*1000)*(36.7437)/1000000 -> 71.944165 | M3: =Soybeans!M3 -> 3.03 | N3: =(Soybeans!N3*1000)*(36.7437)/1000000 -> 95.754082 | O3: =(Soybeans!O3*1000)*(36.7437)/1000000 -> 1596.0728 | P3: =Soybeans!P3 -> 3758613546 | Q3: =Soybeans!Q3 -> 207692 | R3: =Soybeans!R3 -> 3319900000000 | S3: =Soybeans!S3 -> 1164.85 | T3: =Soybeans!T3 -> 20.605 | U3: =(Soybeans!U3*1000)*(36.7437)/1000000 -> 1202.952 | V3: 15.5 | W3: 289.4
A4: 1972 | B4: =Soybeans!B4 -> 85.741081 | C4: =Soybeans!C4 -> 60.257446 | D4: =(Soybeans!D4*1000)*(36.7437)/1000000 -> 71.944165 | E4: =(Soybeans!E4*1000)*(36.7437)/1000000 -> 1270.6339 | F4: =(Soybeans!F4*1000)*(36.7437)/1000000 -> 0 | G4: =(Soybeans!G4*1000)*(36.7437)/1000000 -> 1342.5781 | H4: =(Soybeans!H4*1000)*(36.7437)/1000000 -> 479.4318 | I4: =(Soybeans!I4*1000)*(36.7437)/1000000 -> 721.79324 | J4: =(Soybeans!J4*1000)*(36.7437)/1000000 -> 81.717989 | K4: =(Soybeans!K4*1000)*(36.7437)/1000000 -> 803.51123 | L4: =(Soybeans!L4*1000)*(36.7437)/1000000 -> 59.635025 | M4: =Soybeans!M4 -> 4.37 | N4: =(Soybeans!N4*1000)*(36.7437)/1000000 -> 91.785763 | O4: =(Soybeans!O4*1000)*(36.7437)/1000000 -> 1613.2689 | P4: =Soybeans!P4 -> 3834446322 | Q4: =Soybeans!Q4 -> 209924 | R4: =Soybeans!R4 -> 3834200000000 | S4: =Soybeans!S4 -> 1279.112 | T4: =Soybeans!T4 -> 21.308 | U4: =(Soybeans!U4*1000)*(36.7437)/1000000 -> 1282.943 | V4: 16.2 | W4: 269.7
A5: 1973 | B5: =Soybeans!B5 -> 81.385788 | C5: =Soybeans!C5 -> 59.529339 | D5: =(Soybeans!D5*1000)*(36.7437)/1000000 -> 59.635025 | E5: =(Soybeans!E5*1000)*(36.7437)/1000000 -> 1547.5712 | F5: =(Soybeans!F5*1000)*(36.7437)/1000000 -> 0 | G5: =(Soybeans!G5*1000)*(36.7437)/1000000 -> 1607.2062 | H5: =(Soybeans!H5*1000)*(36.7437)/1000000 -> 539.14031 | I5: =(Soybeans!I5*1000)*(36.7437)/1000000 -> 821.33193 | J5: =(Soybeans!J5*1000)*(36.7437)/1000000 -> 75.985972 | K5: =(Soybeans!K5*1000)*(36.7437)/1000000 -> 897.3179 | L5: =(Soybeans!L5*1000)*(36.7437)/1000000 -> 170.74797 | M5: =Soybeans!M5 -> 5.68 | N5: =(Soybeans!N5*1000)*(36.7437)/1000000 -> 201.90663 | O5: =(Soybeans!O5*1000)*(36.7437)/1000000 -> 1984.417 | P5: =Soybeans!P5 -> 3911068458 | Q5: =Soybeans!Q5 -> 211939 | R5: =Soybeans!R5 -> 4688600000000 | S5: =Soybeans!S5 -> 1425.376 | T5: =Soybeans!T5 -> 22.456 | U5: =(Soybeans!U5*1000)*(36.7437)/1000000 -> 1436.4582 | V5: 18.3 | W5: 412.1
A6: 1974 | B6: =Soybeans!B6 -> 81.354317 | C6: =Soybeans!C6 -> 61.886292 | D6: =(Soybeans!D6*1000)*(36.7437)/1000000 -> 170.74797 | E6: =(Soybeans!E6*1000)*(36.7437)/1000000 -> 1216.29 | F6: =(Soybeans!F6*1000)*(36.7437)/1000000 -> 0 | G6: =(Soybeans!G6*1000)*(36.7437)/1000000 -> 1387.0379 | H6: =(Soybeans!H6*1000)*(36.7437)/1000000 -> 420.71536 | I6: =(Soybeans!I6*1000)*(36.7437)/1000000 -> 701.25351 | J6: =(Soybeans!J6*1000)*(36.7437)/1000000 -> 76.904564 | K6: =(Soybeans!K6*1000)*(36.7437)/1000000 -> 778.15808 | L6: =(Soybeans!L6*1000)*(36.7437)/1000000 -> 188.16449 | M6: =Soybeans!M6 -> 6.64 | N6: =(Soybeans!N6*1000)*(36.7437)/1000000 -> 223.62216 | O6: =(Soybeans!O6*1000)*(36.7437)/1000000 -> 1625.872 | P6: =Soybeans!P6 -> 3987294240 | Q6: =Soybeans!Q6 -> 213898 | R6: =Soybeans!R6 -> 5419500000000 | S6: =Soybeans!S6 -> 1545.243 | T6: =Soybeans!T6 -> 24.793 | U6: =(Soybeans!U6*1000)*(36.7437)/1000000 -> 1198.8734 | V6: 20.8 | W6: 639.4
A7: 1975 | B7: =Soybeans!B7 -> 82.211517 | C7: =Soybeans!C7 -> 63.680122 | D7: =(Soybeans!D7*1000)*(36.7437)/1000000 -> 188.16449 | E7: =(Soybeans!E7*1000)*(36.7437)/1000000 -> 1548.3428 | F7: =(Soybeans!F7*1000)*(36.7437)/1000000 -> 0 | G7: =(Soybeans!G7*1000)*(36.7437)/1000000 -> 1736.5073 | H7: =(Soybeans!H7*1000)*(36.7437)/1000000 -> 555.08708 | I7: =(Soybeans!I7*1000)*(36.7437)/1000000 -> 865.13042 | J7: =(Soybeans!J7*1000)*(36.7437)/1000000 -> 71.356265 | K7: =(Soybeans!K7*1000)*(36.7437)/1000000 -> 936.48668 | L7: =(Soybeans!L7*1000)*(36.7437)/1000000 -> 244.9335 | M7: =Soybeans!M7 -> 4.92 | N7: =(Soybeans!N7*1000)*(36.7437)/1000000 -> 305.0462 | O7: =(Soybeans!O7*1000)*(36.7437)/1000000 -> 1970.6749 | P7: =Soybeans!P7 -> 4062070771 | Q7: =Soybeans!Q7 -> 215981 | R7: =Soybeans!R7 -> 6035100000000 | S7: =Soybeans!S7 -> 1684.905 | T7: =Soybeans!T7 -> 26.86 | U7: =(Soybeans!U7*1000)*(36.7437)/1000000 -> 1491.5738 | V7: 22.6 | W7: 448.5
A8: 1976 | B8: =Soybeans!B8 -> 82.846268 | C8: =Soybeans!C8 -> 62.982239 | D8: =(Soybeans!D8*1000)*(36.7437)/1000000 -> 244.9335 | E8: =(Soybeans!E8*1000)*(36.7437)/1000000 -> 1288.6016 | F8: =(Soybeans!F8*1000)*(36.7437)/1000000 -> 0 | G8: =(Soybeans!G8*1000)*(36.7437)/1000000 -> 1533.5351 | H8: =(Soybeans!H8*1000)*(36.7437)/1000000 -> 564.05254 | I8: =(Soybeans!I8*1000)*(36.7437)/1000000 -> 790.21001 | J8: =(Soybeans!J8*1000)*(36.7437)/1000000 -> 76.353409 | K8: =(Soybeans!K8*1000)*(36.7437)/1000000 -> 866.56342 | L8: =(Soybeans!L8*1000)*(36.7437)/1000000 -> 102.9191 | M8: =Soybeans!M8 -> 6.81 | N8: =(Soybeans!N8*1000)*(36.7437)/1000000 -> 135.51077 | O8: =(Soybeans!O8*1000)*(36.7437)/1000000 -> 1670.5523 | P8: =Soybeans!P8 -> 4135758539 | Q8: =Soybeans!Q8 -> 218086 | R8: =Soybeans!R8 -> 6560200000000 | S8: =Soybeans!S8 -> 1873.413 | T8: =Soybeans!T8 -> 28.333 | U8: =(Soybeans!U8*1000)*(36.7437)/1000000 -> 1430.616 | V8: 23.3 | W8: 319.7
A9: 1977 | B9: =Soybeans!B9 -> 76.637421 | C9: =Soybeans!C9 -> 58.508747 | D9: =(Soybeans!D9*1000)*(36.7437)/1000000 -> 102.9191 | E9: =(Soybeans!E9*1000)*(36.7437)/1000000 -> 1767.2617 | F9: =(Soybeans!F9*1000)*(36.7437)/1000000 -> 0 | G9: =(Soybeans!G9*1000)*(36.7437)/1000000 -> 1870.1808 | H9: =(Soybeans!H9*1000)*(36.7437)/1000000 -> 700.37167 | I9: =(Soybeans!I9*1000)*(36.7437)/1000000 -> 926.67611 | J9: =(Soybeans!J9*1000)*(36.7437)/1000000 -> 81.975195 | K9: =(Soybeans!K9*1000)*(36.7437)/1000000 -> 1008.6513 | L9: =(Soybeans!L9*1000)*(36.7437)/1000000 -> 161.15787 | M9: =Soybeans!M9 -> 5.88 | N9: =(Soybeans!N9*1000)*(36.7437)/1000000 -> 372.14019 | O9: =(Soybeans!O9*1000)*(36.7437)/1000000 -> 2651.0947 | P9: =Soybeans!P9 -> 4208958804 | Q9: =Soybeans!Q9 -> 220289 | R9: =Soybeans!R9 -> 7416400000000 | S9: =Soybeans!S9 -> 2081.825 | T9: =Soybeans!T9 -> 30.176 | U9: =(Soybeans!U9*1000)*(36.7437)/1000000 -> 1709.023 | V9: 24.7 | W9: 398.5
A10: 1978 | B10: =Soybeans!B10 -> 79.017975 | C10: =Soybeans!C10 -> 58.03746 | D10: =(Soybeans!D10*1000)*(36.7437)/1000000 -> 161.15787 | E10: =(Soybeans!E10*1000)*(36.7437)/1000000 -> 1868.7478 | F10: =(Soybeans!F10*1000)*(36.7437)/1000000 -> 0 | G10: =(Soybeans!G10*1000)*(36.7437)/1000000 -> 2029.9057 | H10: =(Soybeans!H10*1000)*(36.7437)/1000000 -> 739.17301 | I10: =(Soybeans!I10*1000)*(36.7437)/1000000 -> 1017.8372 | J10: =(Soybeans!J10*1000)*(36.7437)/1000000 -> 97.297318 | K10: =(Soybeans!K10*1000)*(36.7437)/1000000 -> 1115.1346 | L10: =(Soybeans!L10*1000)*(36.7437)/1000000 -> 175.59814 | M10: =Soybeans!M10 -> 6.66 | N10: =(Soybeans!N10*1000)*(36.7437)/1000000 -> 364.20355 | O10: =(Soybeans!O10*1000)*(36.7437)/1000000 -> 2844.2563 | P10: =Soybeans!P10 -> 4283431043 | Q10: =Soybeans!Q10 -> 222629 | R10: =Soybeans!R10 -> 8779700000000 | S10: =Soybeans!S10 -> 2351.599 | T10: =Soybeans!T10 -> 32.276 | U10: =(Soybeans!U10*1000)*(36.7437)/1000000 -> 1854.3076 | V10: 27.1 | W10: 442.4
A11: 1979 | B11: =Soybeans!B11 -> 79.596054 | C11: =Soybeans!C11 -> 58.580296 | D11: =(Soybeans!D11*1000)*(36.7437)/1000000 -> 175.59814 | E11: =(Soybeans!E11*1000)*(36.7437)/1000000 -> 2260.6561 | F11: =(Soybeans!F11*1000)*(36.7437)/1000000 -> 0 | G11: =(Soybeans!G11*1000)*(36.7437)/1000000 -> 2436.2543 | H11: =(Soybeans!H11*1000)*(36.7437)/1000000 -> 875.16145 | I11: =(Soybeans!I11*1000)*(36.7437)/1000000 -> 1123.3651 | J11: =(Soybeans!J11*1000)*(36.7437)/1000000 -> 79.256161 | K11: =(Soybeans!K11*1000)*(36.7437)/1000000 -> 1202.6213 | L11: =(Soybeans!L11*1000)*(36.7437)/1000000 -> 358.47154 | M11: =Soybeans!M11 -> 6.29 | N11: =(Soybeans!N11*1000)*(36.7437)/1000000 -> 685.78442 | O11: =(Soybeans!O11*1000)*(36.7437)/1000000 -> 3431.4574 | P11: =Soybeans!P11 -> 4360056401 | Q11: =Soybeans!Q11 -> 225106 | R11: =Soybeans!R11 -> 1.0155463e+13 | S11: =Soybeans!S11 -> 2627.326 | T11: =Soybeans!T11 -> 35.143 | U11: =(Soybeans!U11*1000)*(36.7437)/1000000 -> 2077.7827 | V11: 30 | W11: 519.7
A12: 1980 | B12: =Soybeans!B12 -> 80.412804 | C12: =Soybeans!C12 -> 64.821983 | D12: =(Soybeans!D12*1000)*(36.7437)/1000000 -> 358.47154 | E12: =(Soybeans!E12*1000)*(36.7437)/1000000 -> 1797.5385 | F12: =(Soybeans!F12*1000)*(36.7437)/1000000 -> 0 | G12: =(Soybeans!G12*1000)*(36.7437)/1000000 -> 2156.0101 | H12: =(Soybeans!H12*1000)*(36.7437)/1000000 -> 724.29181 | I12: =(Soybeans!I12*1000)*(36.7437)/1000000 -> 1020.4828 | J12: =(Soybeans!J12*1000)*(36.7437)/1000000 -> 98.21591 | K12: =(Soybeans!K12*1000)*(36.7437)/1000000 -> 1118.6987 | L12: =(Soybeans!L12*1000)*(36.7437)/1000000 -> 313.01958 | M12: =Soybeans!M12 -> 7.6 | N12: =(Soybeans!N12*1000)*(36.7437)/1000000 -> 607.92452 | O12: =(Soybeans!O12*1000)*(36.7437)/1000000 -> 2973.5942 | P12: =Soybeans!P12 -> 4437602892 | Q12: =Soybeans!Q12 -> 227726 | R12: =Soybeans!R12 -> 1.1452769e+13 | S12: =Soybeans!S12 -> 2857.309 | T12: =Soybeans!T12 -> 38.928 | U12: =(Soybeans!U12*1000)*(36.7437)/1000000 -> 1842.9905 | V12: 32.5 | W12: 584.8
A13: 1981 | B13: =Soybeans!B13 -> 93.981346 | C13: =Soybeans!C13 -> 79.986969 | D13: =(Soybeans!D13*1000)*(36.7437)/1000000 -> 313.01958 | E13: =(Soybeans!E13*1000)*(36.7437)/1000000 -> 1989.1202 | F13: =(Soybeans!F13*1000)*(36.7437)/1000000 -> 0 | G13: =(Soybeans!G13*1000)*(36.7437)/1000000 -> 2302.1398 | H13: =(Soybeans!H13*1000)*(36.7437)/1000000 -> 929.06445 | I13: =(Soybeans!I13*1000)*(36.7437)/1000000 -> 1029.9994 | J13: =(Soybeans!J13*1000)*(36.7437)/1000000 -> 88.589061 | K13: =(Soybeans!K13*1000)*(36.7437)/1000000 -> 1118.5885 | L13: =(Soybeans!L13*1000)*(36.7437)/1000000 -> 254.48687 | M13: =Soybeans!M13 -> 6.07 | N13: =(Soybeans!N13*1000)*(36.7437)/1000000 -> 554.9401 | O13: =(Soybeans!O13*1000)*(36.7437)/1000000 -> 3163.0079 | P13: =Soybeans!P13 -> 4516926190 | Q13: =Soybeans!Q13 -> 230008 | R13: =Soybeans!R13 -> 1.1843441e+13 | S13: =Soybeans!S13 -> 3207.041 | T13: =Soybeans!T13 -> 42.415 | U13: =(Soybeans!U13*1000)*(36.7437)/1000000 -> 2047.6529 | V13: 35.1 | W13: 515.2
... A57: 2025 | B57: =Soybeans!B57 -> 123.01136 | C57: =Soybeans!C57 -> 117.66338 | D57: =(Soybeans!D57*1000)*(36.7437)/1000000 -> 324.81431 | E57: =(Soybeans!E57*1000)*(36.7437)/1000000 -> 4261.865 | F57: =(Soybeans!F57*1000)*(36.7437)/1000000 -> 19.988573 | G57: =(Soybeans!G57*1000)*(36.7437)/1000000 -> 4606.6679 | H57: =(Soybeans!H57*1000)*(36.7437)/1000000 -> 1574.982 | I57: =(Soybeans!I57*1000)*(36.7437)/1000000 -> 2570.0014 | J57: =(Soybeans!J57*1000)*(36.7437)/1000000 -> 111.9948 | K57: =(Soybeans!K57*1000)*(36.7437)/1000000 -> 2681.9962 | L57: =(Soybeans!L57*1000)*(36.7437)/1000000 -> 349.68979 | M57: =Soybeans!M57 -> 10.2 | N57: =(Soybeans!N57*1000)*(36.7437)/1000000 -> 4611.8488 | O57: =(Soybeans!O57*1000)*(36.7437)/1000000 -> 15732.881 | P57: =Soybeans!P57 -> 8.2135741e+09 | Q57: =Soybeans!Q57 -> 342305 | R57: =Soybeans!R57 -> 1.1725014e+14 | S57: =Soybeans!S57 -> 31278.696 | T57: =Soybeans!T57 -> 128.416 | U57: =(Soybeans!U57*1000)*(36.7437)/1000000 -> 4256.9781 | V57: 125.3 | W57: 95

Sheet Corn - bu
A1: Year | B1: ExchangeRate (US exported Corn) | C1: ExchangeRate (Export Competitors - Corn) | D1: Beginning Stocks | E1: Production | F1: Imports | G1: Total Supply | H1: Exports | I1: Feed Dom. Consumption | J1: FSI Consumption | K1: Domestic Consumption | L1: Ending Stocks | M1: US MYA Price (nominal) | N1: World: Ending Stocks | O1: World: Production | P1: World Pop (SPPOPTOTLWLD) | Q1: US pop (1000s) (B230RC0A052NBEA) | R1: WorldGDP (NYGDPMKTPCDWLD) | S1: USGDP (GDP) | T1: PCE Index (PCEPI) | U1: Total Usage*** | V1: CPI | W1: DEF
A2: 1970 | B2: =Corn!B2 -> 96.279968 | C2: =Corn!C2 -> 75.531029 | D2: =(Corn!D2*1000)*(39.368)/1000000 -> 1005.1831 | E2: =(Corn!E2*1000)*(39.368)/1000000 -> 4152.2217 | F2: =(Corn!F2*1000)*(39.368)/1000000 -> 4.015536 | G2: =(Corn!G2*1000)*(39.368)/1000000 -> 5161.4204 | H2: =(Corn!H2*1000)*(39.368)/1000000 -> 506.03627 | I2: =(Corn!I2*1000)*(39.368)/1000000 -> 3594.7314 | J2: =(Corn!J2*1000)*(39.368)/1000000 -> 397.69554 | K2: =(Corn!K2*1000)*(39.368)/1000000 -> 3992.427 | L2: =(Corn!L2*1000)*(39.368)/1000000 -> 662.95712 | M2: =Corn!M2 -> 1.33 | N2: =(Corn!N2*1000)*(39.368)/1000000 -> 1423.0745 | O2: =(Corn!O2*1000)*(39.368)/1000000 -> 10553.695 | P2: =Corn!P2 -> 3680589045 | Q2: =Corn!Q2 -> 205089 | R2: =Corn!R2 -> 3004300000000 | S2: =Corn!S2 -> 1073.311 | T2: =Corn!T2 -> 19.766 | U2: =(Corn!U2*1000)*(39.368)/1000000 -> 4498.4633 | V2: 15 | W2: 306.1
A3: 1971 | B3: =Corn!B3 -> 91.94957 | C3: =Corn!C3 -> 69.234032 | D3: =(Corn!D3*1000)*(39.368)/1000000 -> 662.95712 | E3: =(Corn!E3*1000)*(39.368)/1000000 -> 5646.2373 | F3: =(Corn!F3*1000)*(39.368)/1000000 -> 1.259776 | G3: =(Corn!G3*1000)*(39.368)/1000000 -> 6310.4542 | H3: =(Corn!H3*1000)*(39.368)/1000000 -> 782.16342 | I3: =(Corn!I3*1000)*(39.368)/1000000 -> 4001.206 | J3: =(Corn!J3*1000)*(39.368)/1000000 -> 401.15992 | K3: =(Corn!K3*1000)*(39.368)/1000000 -> 4402.366 | L3: =(Corn!L3*1000)*(39.368)/1000000 -> 1125.9248 | M3: =Corn!M3 -> 1.08 | N3: =(Corn!N3*1000)*(39.368)/1000000 -> 1929.8981 | O3: =(Corn!O3*1000)*(39.368)/1000000 -> 12145.028 | P3: =Corn!P3 -> 3758613546 | Q3: =Corn!Q3 -> 207692 | R3: =Corn!R3 -> 3319900000000 | S3: =Corn!S3 -> 1164.85 | T3: =Corn!T3 -> 20.605 | U3: =(Corn!U3*1000)*(39.368)/1000000 -> 5184.5294 | V3: 15.5 | W3: 289.4
A4: 1972 | B4: =Corn!B4 -> 85.741081 | C4: =Corn!C4 -> 60.257446 | D4: =(Corn!D4*1000)*(39.368)/1000000 -> 1125.9248 | E4: =(Corn!E4*1000)*(39.368)/1000000 -> 5579.7841 | F4: =(Corn!F4*1000)*(39.368)/1000000 -> 0.944832 | G4: =(Corn!G4*1000)*(39.368)/1000000 -> 6706.6537 | H4: =(Corn!H4*1000)*(39.368)/1000000 -> 1241.5092 | I4: =(Corn!I4*1000)*(39.368)/1000000 -> 4315.3233 | J4: =(Corn!J4*1000)*(39.368)/1000000 -> 441.9058 | K4: =(Corn!K4*1000)*(39.368)/1000000 -> 4757.2291 | L4: =(Corn!L4*1000)*(39.368)/1000000 -> 707.91538 | M4: =Corn!M4 -> 1.57 | N4: =(Corn!N4*1000)*(39.368)/1000000 -> 1496.6139 | O4: =(Corn!O4*1000)*(39.368)/1000000 -> 11867.365 | P4: =Corn!P4 -> 3834446322 | Q4: =Corn!Q4 -> 209924 | R4: =Corn!R4 -> 3834200000000 | S4: =Corn!S4 -> 1279.112 | T4: =Corn!T4 -> 21.308 | U4: =(Corn!U4*1000)*(39.368)/1000000 -> 5998.7384 | V4: 16.2 | W4: 269.7
A5: 1973 | B5: =Corn!B5 -> 81.385788 | C5: =Corn!C5 -> 59.529339 | D5: =(Corn!D5*1000)*(39.368)/1000000 -> 707.91538 | E5: =(Corn!E5*1000)*(39.368)/1000000 -> 5670.6848 | F5: =(Corn!F5*1000)*(39.368)/1000000 -> 0.9842 | G5: =(Corn!G5*1000)*(39.368)/1000000 -> 6379.5844 | H5: =(Corn!H5*1000)*(39.368)/1000000 -> 1229.9351 | I5: =(Corn!I5*1000)*(39.368)/1000000 -> 4204.8173 | J5: =(Corn!J5*1000)*(39.368)/1000000 -> 460.92054 | K5: =(Corn!K5*1000)*(39.368)/1000000 -> 4665.7379 | L5: =(Corn!L5*1000)*(39.368)/1000000 -> 483.91146 | M5: =Corn!M5 -> 2.55 | N5: =(Corn!N5*1000)*(39.368)/1000000 -> 1524.329 | O5: =(Corn!O5*1000)*(39.368)/1000000 -> 13012.029 | P5: =Corn!P5 -> 3911068458 | Q5: =Corn!Q5 -> 211939 | R5: =Corn!R5 -> 4688600000000 | S5: =Corn!S5 -> 1425.376 | T5: =Corn!T5 -> 22.456 | U5: =(Corn!U5*1000)*(39.368)/1000000 -> 5895.6729 | V5: 18.3 | W5: 412.1
A6: 1974 | B6: =Corn!B6 -> 81.354317 | C6: =Corn!C6 -> 61.886292 | D6: =(Corn!D6*1000)*(39.368)/1000000 -> 483.91146 | E6: =(Corn!E6*1000)*(39.368)/1000000 -> 4701.3659 | F6: =(Corn!F6*1000)*(39.368)/1000000 -> 2.007768 | G6: =(Corn!G6*1000)*(39.368)/1000000 -> 5187.2852 | H6: =(Corn!H6*1000)*(39.368)/1000000 -> 1148.9944 | I6: =(Corn!I6*1000)*(39.368)/1000000 -> 3028.5802 | J6: =(Corn!J6*1000)*(39.368)/1000000 -> 451.70843 | K6: =(Corn!K6*1000)*(39.368)/1000000 -> 3480.2887 | L6: =(Corn!L6*1000)*(39.368)/1000000 -> 558.00203 | M6: =Corn!M6 -> 3.02 | N6: =(Corn!N6*1000)*(39.368)/1000000 -> 1798.6846 | O6: =(Corn!O6*1000)*(39.368)/1000000 -> 11801.778 | P6: =Corn!P6 -> 3987294240 | Q6: =Corn!Q6 -> 213898 | R6: =Corn!R6 -> 5419500000000 | S6: =Corn!S6 -> 1545.243 | T6: =Corn!T6 -> 24.793 | U6: =(Corn!U6*1000)*(39.368)/1000000 -> 4629.2831 | V6: 20.8 | W6: 639.4
A7: 1975 | B7: =Corn!B7 -> 82.211517 | C7: =Corn!C7 -> 63.680122 | D7: =(Corn!D7*1000)*(39.368)/1000000 -> 558.00203 | E7: =(Corn!E7*1000)*(39.368)/1000000 -> 5840.7152 | F7: =(Corn!F7*1000)*(39.368)/1000000 -> 1.495984 | G7: =(Corn!G7*1000)*(39.368)/1000000 -> 6400.2132 | H7: =(Corn!H7*1000)*(39.368)/1000000 -> 1664.479 | I7: =(Corn!I7*1000)*(39.368)/1000000 -> 3581.74 | J7: =(Corn!J7*1000)*(39.368)/1000000 -> 520.79927 | K7: =(Corn!K7*1000)*(39.368)/1000000 -> 4102.5393 | L7: =(Corn!L7*1000)*(39.368)/1000000 -> 633.19491 | M7: =Corn!M7 -> 2.54 | N7: =(Corn!N7*1000)*(39.368)/1000000 -> 2066.6232 | O7: =(Corn!O7*1000)*(39.368)/1000000 -> 13354.216 | P7: =Corn!P7 -> 4062070771 | Q7: =Corn!Q7 -> 215981 | R7: =Corn!R7 -> 6035100000000 | S7: =Corn!S7 -> 1684.905 | T7: =Corn!T7 -> 26.86 | U7: =(Corn!U7*1000)*(39.368)/1000000 -> 5767.0183 | V7: 22.6 | W7: 448.5
A8: 1976 | B8: =Corn!B8 -> 82.846268 | C8: =Corn!C8 -> 62.982239 | D8: =(Corn!D8*1000)*(39.368)/1000000 -> 633.19491 | E8: =(Corn!E8*1000)*(39.368)/1000000 -> 6289.1167 | F8: =(Corn!F8*1000)*(39.368)/1000000 -> 2.440816 | G8: =(Corn!G8*1000)*(39.368)/1000000 -> 6924.7525 | H8: =(Corn!H8*1000)*(39.368)/1000000 -> 1645.11 | I8: =(Corn!I8*1000)*(39.368)/1000000 -> 3601.8571 | J8: =(Corn!J8*1000)*(39.368)/1000000 -> 542.1761 | K8: =(Corn!K8*1000)*(39.368)/1000000 -> 4144.0332 | L8: =(Corn!L8*1000)*(39.368)/1000000 -> 1135.6093 | M8: =Corn!M8 -> 2.15 | N8: =(Corn!N8*1000)*(39.368)/1000000 -> 2690.291 | O8: =(Corn!O8*1000)*(39.368)/1000000 -> 14020.52 | P8: =Corn!P8 -> 4135758539 | Q8: =Corn!Q8 -> 218086 | R8: =Corn!R8 -> 6560200000000 | S8: =Corn!S8 -> 1873.413 | T8: =Corn!T8 -> 28.333 | U8: =(Corn!U8*1000)*(39.368)/1000000 -> 5789.1431 | V8: 23.3 | W8: 319.7
A9: 1977 | B9: =Corn!B9 -> 76.637421 | C9: =Corn!C9 -> 58.508747 | D9: =(Corn!D9*1000)*(39.368)/1000000 -> 1135.6093 | E9: =(Corn!E9*1000)*(39.368)/1000000 -> 6505.0108 | F9: =(Corn!F9*1000)*(39.368)/1000000 -> 2.401448 | G9: =(Corn!G9*1000)*(39.368)/1000000 -> 7643.0216 | H9: =(Corn!H9*1000)*(39.368)/1000000 -> 1896.3959 | I9: =(Corn!I9*1000)*(39.368)/1000000 -> 3729.7243 | J9: =(Corn!J9*1000)*(39.368)/1000000 -> 580.99294 | K9: =(Corn!K9*1000)*(39.368)/1000000 -> 4310.7173 | L9: =(Corn!L9*1000)*(39.368)/1000000 -> 1435.9084 | M9: =Corn!M9 -> 2.02 | N9: =(Corn!N9*1000)*(39.368)/1000000 -> 3043.422 | O9: =(Corn!O9*1000)*(39.368)/1000000 -> 14386.681 | P9: =Corn!P9 -> 4208958804 | Q9: =Corn!Q9 -> 220289 | R9: =Corn!R9 -> 7416400000000 | S9: =Corn!S9 -> 2081.825 | T9: =Corn!T9 -> 30.176 | U9: =(Corn!U9*1000)*(39.368)/1000000 -> 6207.1132 | V9: 24.7 | W9: 398.5
A10: 1978 | B10: =Corn!B10 -> 79.017975 | C10: =Corn!C10 -> 58.03746 | D10: =(Corn!D10*1000)*(39.368)/1000000 -> 1435.9084 | E10: =(Corn!E10*1000)*(39.368)/1000000 -> 7267.884 | F10: =(Corn!F10*1000)*(39.368)/1000000 -> 1.141672 | G10: =(Corn!G10*1000)*(39.368)/1000000 -> 8704.9341 | H10: =(Corn!H10*1000)*(39.368)/1000000 -> 2113.1168 | I10: =(Corn!I10*1000)*(39.368)/1000000 -> 4274.3412 | J10: =(Corn!J10*1000)*(39.368)/1000000 -> 607.99939 | K10: =(Corn!K10*1000)*(39.368)/1000000 -> 4882.3406 | L10: =(Corn!L10*1000)*(39.368)/1000000 -> 1709.4767 | M10: =Corn!M10 -> 2.25 | N10: =(Corn!N10*1000)*(39.368)/1000000 -> 3597.4478 | O10: =(Corn!O10*1000)*(39.368)/1000000 -> 15436.98 | P10: =Corn!P10 -> 4283431043 | Q10: =Corn!Q10 -> 222629 | R10: =Corn!R10 -> 8779700000000 | S10: =Corn!S10 -> 2351.599 | T10: =Corn!T10 -> 32.276 | U10: =(Corn!U10*1000)*(39.368)/1000000 -> 6995.4574 | V10: 27.1 | W10: 442.4
A11: 1979 | B11: =Corn!B11 -> 79.596054 | C11: =Corn!C11 -> 58.580296 | D11: =(Corn!D11*1000)*(39.368)/1000000 -> 1709.4767 | E11: =(Corn!E11*1000)*(39.368)/1000000 -> 7928.0853 | F11: =(Corn!F11*1000)*(39.368)/1000000 -> 0.708624 | G11: =(Corn!G11*1000)*(39.368)/1000000 -> 9638.2706 | H11: =(Corn!H11*1000)*(39.368)/1000000 -> 2401.4874 | I11: =(Corn!I11*1000)*(39.368)/1000000 -> 4563.0268 | J11: =(Corn!J11*1000)*(39.368)/1000000 -> 639.45442 | K11: =(Corn!K11*1000)*(39.368)/1000000 -> 5202.4812 | L11: =(Corn!L11*1000)*(39.368)/1000000 -> 2034.302 | M11: =Corn!M11 -> 2.52 | N11: =(Corn!N11*1000)*(39.368)/1000000 -> 4375.95 | O11: =(Corn!O11*1000)*(39.368)/1000000 -> 16753.682 | P11: =Corn!P11 -> 4360056401 | Q11: =Corn!Q11 -> 225106 | R11: =Corn!R11 -> 1.0155463e+13 | S11: =Corn!S11 -> 2627.326 | T11: =Corn!T11 -> 35.143 | U11: =(Corn!U11*1000)*(39.368)/1000000 -> 7603.9686 | V11: 30 | W11: 519.7
A12: 1980 | B12: =Corn!B12 -> 80.412804 | C12: =Corn!C12 -> 64.821983 | D12: =(Corn!D12*1000)*(39.368)/1000000 -> 2034.302 | E12: =(Corn!E12*1000)*(39.368)/1000000 -> 6639.3345 | F12: =(Corn!F12*1000)*(39.368)/1000000 -> 0.866096 | G12: =(Corn!G12*1000)*(39.368)/1000000 -> 8674.5026 | H12: =(Corn!H12*1000)*(39.368)/1000000 -> 2391.0942 | I12: =(Corn!I12*1000)*(39.368)/1000000 -> 4232.0994 | J12: =(Corn!J12*1000)*(39.368)/1000000 -> 659.21716 | K12: =(Corn!K12*1000)*(39.368)/1000000 -> 4891.3165 | L12: =(Corn!L12*1000)*(39.368)/1000000 -> 1392.0918 | M12: =Corn!M12 -> 3.11 | N12: =(Corn!N12*1000)*(39.368)/1000000 -> 4036.8341 | O12: =(Corn!O12*1000)*(39.368)/1000000 -> 16091.04 | P12: =Corn!P12 -> 4437602892 | Q12: =Corn!Q12 -> 227726 | R12: =Corn!R12 -> 1.1452769e+13 | S12: =Corn!S12 -> 2857.309 | T12: =Corn!T12 -> 38.928 | U12: =(Corn!U12*1000)*(39.368)/1000000 -> 7282.4107 | V12: 32.5 | W12: 584.8
A13: 1981 | B13: =Corn!B13 -> 93.981346 | C13: =Corn!C13 -> 79.986969 | D13: =(Corn!D13*1000)*(39.368)/1000000 -> 1392.0918 | E13: =(Corn!E13*1000)*(39.368)/1000000 -> 8118.5871 | F13: =(Corn!F13*1000)*(39.368)/1000000 -> 0.551152 | G13: =(Corn!G13*1000)*(39.368)/1000000 -> 9511.2301 | H13: =(Corn!H13*1000)*(39.368)/1000000 -> 1996.745 | I13: =(Corn!I13*1000)*(39.368)/1000000 -> 4244.5003 | J13: =(Corn!J13*1000)*(39.368)/1000000 -> 733.38647 | K13: =(Corn!K13*1000)*(39.368)/1000000 -> 4977.8868 | L13: =(Corn!L13*1000)*(39.368)/1000000 -> 2536.5983 | M13: =Corn!M13 -> 2.5 | N13: =(Corn!N13*1000)*(39.368)/1000000 -> 5005.9561 | O13: =(Corn!O13*1000)*(39.368)/1000000 -> 17390.735 | P13: =Corn!P13 -> 4516926190 | Q13: =Corn!Q13 -> 230008 | R13: =Corn!R13 -> 1.1843441e+13 | S13: =Corn!S13 -> 3207.041 | T13: =Corn!T13 -> 42.415 | U13: =(Corn!U13*1000)*(39.368)/1000000 -> 6974.6317 | V13: 35.1 | W13: 515.2
... A57: 2025 | B57: =Corn!B57 -> 123.01136 | C57: =Corn!C57 -> 117.66338 | D57: =(Corn!D57*1000)*(39.368)/1000000 -> 1531.612 | E57: =(Corn!E57*1000)*(39.368)/1000000 -> 16752.068 | F57: =(Corn!F57*1000)*(39.368)/1000000 -> 24.99868 | G57: =(Corn!G57*1000)*(39.368)/1000000 -> 18308.679 | H57: =(Corn!H57*1000)*(39.368)/1000000 -> 3199.9885 | I57: =(Corn!I57*1000)*(39.368)/1000000 -> 6099.9535 | J57: =(Corn!J57*1000)*(39.368)/1000000 -> 6979.9464 | K57: =(Corn!K57*1000)*(39.368)/1000000 -> 13079.9 | L57: =(Corn!L57*1000)*(39.368)/1000000 -> 2028.7905 | M57: =Corn!M57 -> 4 | N57: =(Corn!N57*1000)*(39.368)/1000000 -> 10989.617 | O57: =(Corn!O57*1000)*(39.368)/1000000 -> 50507.648 | P57: =Corn!P57 -> 8.2135741e+09 | Q57: =Corn!Q57 -> 342305 | R57: =Corn!R57 -> 1.1725014e+14 | S57: =Corn!S57 -> 31278.696 | T57: =Corn!T57 -> 128.416 | U57: =(Corn!U57*1000)*(39.368)/1000000 -> 16279.888 | V57: 125.3 | W57: 95
