Workbook

Sheet Shapley Decomposition
A1: Year | B1: Total Usage | C1: Real MYA Price | D1: Supply | E1: Elasticity | F1: -0.17 | H1: P | I1: P~ | J1: A | K1: S | L1: V | M1: IV | N1: K | O1: supply | P1: use | Q1: G | R1: y | S1: dy | T1: dPrice | U1: RESID | V1: GD | W1: GS | X1: yD | Y1: yS | Z1: U | AA1: S | AB1: TF | AC1: use impact | AD1: supply impact
A2: 2000 | B2: 9740.2337 | C2: 3.6736133 | D2: 11639.346 | E2: inverted elasticiy | F2: =1/F1 -> -5.8823529 | G2: 2000 | H2: =C2 -> 3.6736133 | I2: =H2^$F$1 -> 0.80155645 | J2: =B2/I2 -> 12151.65 | K2: =D2/J2 -> 0.95784077 | L2: =K2^$F$2 -> 1.2883662 | M2: =100*L2/$L$11 -> 48.924871 | N2: =100*$K$11^-$F$2 -> 37.974352 | O2: =D2 -> 11639.346 | P2: =B2 -> 9740.2337 | Q2: =(D2/B2)^$F$2 -> 0.35070816 | R2: =$F$3+$F$4*(N2*H2)*Q2 -> 3.5006658
A3: 2001 | B3: 9815.3872 | C3: 3.7917204 | D3: 11411.799 | E3: b0 | F3: 1.9155 | G3: 2001 | H3: =C3 -> 3.7917204 | I3: =H3^$F$1 -> 0.79725606 | J3: =B3/I3 -> 12311.461 | K3: =D3/J3 -> 0.9269248 | L3: =K3^$F$2 -> 1.5626289 | M3: =100*L3/$L$11 -> 59.339822 | N3: =100*$K$11^-$F$2 -> 37.974352 | O3: =D3 -> 11411.799 | P3: =B3 -> 9815.3872 | Q3: =(D3/B3)^$F$2 -> 0.41211607 | R3: =$F$3+$F$4*(N3*H3)*Q3 -> 3.8381102 | S3: =R3-R2 -> 0.33744442 | T3: =H3-H2 -> 0.11810712 | U3: =T3-S3 -> -0.2193373 | V3: =(D2/B3)^$F$2 -> 0.36692856 | W3: =(D3/B2)^$F$2 -> 0.39389812 | X3: =$F$3+$F$4*(N3*H3)*V3 -> 3.6273007 | Y3: =$F$3+$F$4*(N3*H3)*W3 -> 3.7531196 | Z3: =0.5*((X3-R2)+(R3-Y3)) -> 0.10581281 | AA3: =0.5*((Y3-R2)+(R3-X3)) -> 0.23163161 | AB3: =ABS(Z3)+ABS(AA3) -> 0.33744442 | AC3: =Z3+U3*(ABS(Z3)/AB3) -> 0.037034975 | AD3: =AA3+U3*(ABS(AA3)/AB3) -> 0.081072143 | AE3: =Z3+AA3 -> 0.33744442 | AF3: =AD3+AC3 -> 0.11810712
A4: 2002 | B4: 9490.9162 | C4: 4.3845551 | D4: 10577.591 | E4: b1 | F4: 0.0324 | G4: 2002 | H4: =C4 -> 4.3845551 | I4: =H4^$F$1 -> 0.77780846 | J4: =B4/I4 -> 12202.125 | K4: =D4/J4 -> 0.86686466 | L4: =K4^$F$2 -> 2.317354 | M4: =100*L4/$L$11 -> 88.000016 | N4: =100*$K$11^-$F$2 -> 37.974352 | O4: =D4 -> 10577.591 | P4: =B4 -> 9490.9162 | Q4: =(D4/B4)^$F$2 -> 0.5285266 | R4: =$F$3+$F$4*(N4*H4)*Q4 -> 4.7667005 | S4: =R4-R3 -> 0.92859029 | T4: =H4-H3 -> 0.59283462 | U4: =T4-S4 -> -0.33575567 | V4: =(D3/B4)^$F$2 -> 0.33817486 | W4: =(D4/B3)^$F$2 -> 0.64408782 | X4: =$F$3+$F$4*(N4*H4)*V4 -> 3.7398251 | Y4: =$F$3+$F$4*(N4*H4)*W4 -> 5.3901095 | Z4: =0.5*((X4-R3)+(R4-Y4)) -> -0.36084704 | AA4: =0.5*((Y4-R3)+(R4-X4)) -> 1.2894373 | AB4: =ABS(Z4)+ABS(AA4) -> 1.6502844 | AC4: =Z4+U4*(ABS(Z4)/AB4) -> -0.43426253 | AD4: =AA4+U4*(ABS(AA4)/AB4) -> 1.0270972 | AE4: =Z4+AA4 -> 0.92859029 | AF4: =AD4+AC4 -> 0.59283462
A5: 2003 | B5: 10229.893 | C5: 4.478966 | D5: 11187.992 | G5: 2003 | H5: =C5 -> 4.478966 | I5: =H5^$F$1 -> 0.77499657 | J5: =B5/I5 -> 13199.92 | K5: =D5/J5 -> 0.84758027 | L5: =K5^$F$2 -> 2.6452436 | M5: =100*L5/$L$11 -> 100.45141 | N5: =100*$K$11^-$F$2 -> 37.974352 | O5: =D5 -> 11187.992 | P5: =B5 -> 10229.893 | Q5: =(D5/B5)^$F$2 -> 0.59059246 | R5: =$F$3+$F$4*(N5*H5)*Q5 -> 5.1701257 | S5: =R5-R4 -> 0.40342522 | T5: =H5-H4 -> 0.094410974 | U5: =T5-S5 -> -0.30901425 | V5: =(D4/B5)^$F$2 -> 0.82151143 | W5: =(D5/B4)^$F$2 -> 0.37996285 | X5: =$F$3+$F$4*(N5*H5)*V5 -> 6.4426696 | Y5: =$F$3+$F$4*(N5*H5)*W5 -> 4.0093921 | Z5: =0.5*((X5-R4)+(R5-Y5)) -> 1.4183514 | AA5: =0.5*((Y5-R4)+(R5-X5)) -> -1.0149261 | AB5: =ABS(Z5)+ABS(AA5) -> 2.4332775 | AC5: =Z5+U5*(ABS(Z5)/AB5) -> 1.2382277 | AD5: =AA5+U5*(ABS(AA5)/AB5) -> -1.1438168 | AE5: =Z5+AA5 -> 0.40342522 | AF5: =AD5+AC5 -> 0.094410974
A6: 2004 | B6: 10660.5 | C6: 3.6874 | D6: 12774.444 | G6: 2004 | H6: =C6 -> 3.6874 | I6: =H6^$F$1 -> 0.80104619 | J6: =B6/I6 -> 13308.222 | K6: =D6/J6 -> 0.95989112 | L6: =K6^$F$2 -> 1.2722622 | M6: =100*L6/$L$11 -> 48.313334 | N6: =100*$K$11^-$F$2 -> 37.974352 | O6: =D6 -> 12774.444 | P6: =B6 -> 10660.5 | Q6: =(D6/B6)^$F$2 -> 0.34502962 | R6: =$F$3+$F$4*(N6*H6)*Q6 -> 3.480852 | S6: =R6-R5 -> -1.6892737 | T6: =H6-H5 -> -0.79156603 | U6: =T6-S6 -> 0.89770768 | V6: =(D5/B6)^$F$2 -> 0.75269703 | W6: =(D6/B5)^$F$2 -> 0.27072233 | X6: =$F$3+$F$4*(N6*H6)*V6 -> 5.3303831 | Y6: =$F$3+$F$4*(N6*H6)*W6 -> 3.1437301 | Z6: =0.5*((X6-R5)+(R6-Y6)) -> 0.24868965 | AA6: =0.5*((Y6-R5)+(R6-X6)) -> -1.9379634 | AB6: =ABS(Z6)+ABS(AA6) -> 2.186653 | AC6: =Z6+U6*(ABS(Z6)/AB6) -> 0.35078661 | AD6: =AA6+U6*(ABS(AA6)/AB6) -> -1.1423526 | AE6: =Z6+AA6 -> -1.6892737 | AF6: =AD6+AC6 -> -0.79156603
A7: 2005 | B7: 11267.751 | C7: 3.4951185 | D7: 13234.892 | G7: 2005 | H7: =C7 -> 3.4951185 | I7: =H7^$F$1 -> 0.8083724 | J7: =B7/I7 -> 13938.813 | K7: =D7/J7 -> 0.94949921 | L7: =K7^$F$2 -> 1.3563903 | M7: =100*L7/$L$11 -> 51.508042 | N7: =100*$K$11^-$F$2 -> 37.974352 | O7: =D7 -> 13234.892 | P7: =B7 -> 11267.751 | Q7: =(D7/B7)^$F$2 -> 0.38808133 | R7: =$F$3+$F$4*(N7*H7)*Q7 -> 3.5843605 | S7: =R7-R6 -> 0.10350851 | T7: =H7-H6 -> -0.19228145 | U7: =T7-S7 -> -0.29578997 | V7: =(D6/B7)^$F$2 -> 0.47795161 | W7: =(D7/B6)^$F$2 -> 0.28015296 | X7: =$F$3+$F$4*(N7*H7)*V7 -> 3.9708284 | Y7: =$F$3+$F$4*(N7*H7)*W7 -> 3.1202377 | Z7: =0.5*((X7-R6)+(R7-Y7)) -> 0.4770496 | AA7: =0.5*((Y7-R6)+(R7-X7)) -> -0.37354108 | AB7: =ABS(Z7)+ABS(AA7) -> 0.85059068 | AC7: =Z7+U7*(ABS(Z7)/AB7) -> 0.31115725 | AD7: =AA7+U7*(ABS(AA7)/AB7) -> -0.5034387 | AE7: =Z7+AA7 -> 0.10350851 | AF7: =AD7+AC7 -> -0.19228145
A8: 2006 | B8: 11206.534 | C8: 5.1895368 | D8: 12510.166 | G8: 2006 | H8: =C8 -> 5.1895368 | I8: =H8^$F$1 -> 0.75583698 | J8: =B8/I8 -> 14826.655 | K8: =D8/J8 -> 0.84376187 | L8: =K8^$F$2 -> 2.7164431 | M8: =100*L8/$L$11 -> 103.15517 | N8: =100*$K$11^-$F$2 -> 37.974352 | O8: =D8 -> 12510.166 | P8: =B8 -> 11206.534 | Q8: =(D8/B8)^$F$2 -> 0.52344616 | R8: =$F$3+$F$4*(N8*H8)*Q8 -> 5.2577274 | S8: =R8-R7 -> 1.6733669 | T8: =H8-H7 -> 1.6944182 | U8: =T8-S8 -> 0.021051348 | V8: =(D7/B8)^$F$2 -> 0.37584214 | W8: =(D8/B7)^$F$2 -> 0.54049203 | X8: =$F$3+$F$4*(N8*H8)*V8 -> 4.3152691 | Y8: =$F$3+$F$4*(N8*H8)*W8 -> 5.3665661 | Z8: =0.5*((X8-R7)+(R8-Y8)) -> 0.31103493 | AA8: =0.5*((Y8-R7)+(R8-X8)) -> 1.362332 | AB8: =ABS(Z8)+ABS(AA8) -> 1.6733669 | AC8: =Z8+U8*(ABS(Z8)/AB8) -> 0.31494783 | AD8: =AA8+U8*(ABS(AA8)/AB8) -> 1.3794704 | AE8: =Z8+AA8 -> 1.6733669 | AF8: =AD8+AC8 -> 1.6944182
A9: 2007 | B9: 12737.32 | C9: 6.8972477 | D9: 14361.446 | G9: 2007 | H9: =C9 -> 6.8972477 | I9: =H9^$F$1 -> 0.72015356 | J9: =B9/I9 -> 17686.949 | K9: =D9/J9 -> 0.81197984 | L9: =K9^$F$2 -> 3.4047622 | M9: =100*L9/$L$11 -> 129.29364 | N9: =100*$K$11^-$F$2 -> 37.974352 | O9: =D9 -> 14361.446 | P9: =B9 -> 12737.32 | Q9: =(D9/B9)^$F$2 -> 0.4936407 | R9: =$F$3+$F$4*(N9*H9)*Q9 -> 6.1046139 | S9: =R9-R8 -> 0.84688646 | T9: =H9-H8 -> 1.7077109 | U9: =T9-S9 -> 0.86082446 | V9: =(D8/B9)^$F$2 -> 1.1116559 | W9: =(D9/B8)^$F$2 -> 0.23244092 | X9: =$F$3+$F$4*(N9*H9)*V9 -> 11.34919 | Y9: =$F$3+$F$4*(N9*H9)*W9 -> 3.8880308 | Z9: =0.5*((X9-R8)+(R9-Y9)) -> 4.1540227 | AA9: =0.5*((Y9-R8)+(R9-X9)) -> -3.3071363 | AB9: =ABS(Z9)+ABS(AA9) -> 7.461159 | AC9: =Z9+U9*(ABS(Z9)/AB9) -> 4.6332893 | AD9: =AA9+U9*(ABS(AA9)/AB9) -> -2.9255784 | AE9: =Z9+AA9 -> 0.84688646 | AF9: =AD9+AC9 -> 1.7077109
A10: 2008 | B10: 12007.476 | C10: 6.3273383 | D10: 13680.774 | G10: 2008 | H10: =C10 -> 6.3273383 | I10: =H10^$F$1 -> 0.7307897 | J10: =B10/I10 -> 16430.823 | K10: =D10/J10 -> 0.83262864 | L10: =K10^$F$2 -> 2.9371983 | M10: =100*L10/$L$11 -> 111.5382 | N10: =100*$K$11^-$F$2 -> 37.974352 | O10: =D10 -> 13680.774 | P10: =B10 -> 12007.476 | Q10: =(D10/B10)^$F$2 -> 0.46420757 | R10: =$F$3+$F$4*(N10*H10)*Q10 -> 5.5293378 | S10: =R10-R9 -> -0.5752761 | T10: =H10-H9 -> -0.5699094 | U10: =T10-S10 -> 0.0053667056 | V10: =(D9/B10)^$F$2 -> 0.34887348 | W10: =(D10/B9)^$F$2 -> 0.65683338 | X10: =$F$3+$F$4*(N10*H10)*V10 -> 4.6314665 | Y10: =$F$3+$F$4*(N10*H10)*W10 -> 7.0289222 | Z10: =0.5*((X10-R9)+(R10-Y10)) -> -1.4863659 | AA10: =0.5*((Y10-R9)+(R10-X10)) -> 0.91108984 | AB10: =ABS(Z10)+ABS(AA10) -> 2.3974558 | AC10: =Z10+U10*(ABS(Z10)/AB10) -> -1.4830387 | AD10: =AA10+U10*(ABS(AA10)/AB10) -> 0.91312931 | AE10: =Z10+AA10 -> -0.5752761 | AF10: =AD10+AC10 -> -0.5699094
A11: 2009 | B11: 13040.926 | C11: 5.4311966 | D11: 14748.709 | G11: 2009 | H11: =C11 -> 5.4311966 | I11: =H11^$F$1 -> 0.75001122 | J11: =B11/I11 -> 17387.641 | K11: =D11/J11 -> 0.84822948 | L11: =K11^$F$2 -> 2.6333563 | M11: =100*L11/$L$11 -> 100 | N11: =100*$K$11^-$F$2 -> 37.974352 | O11: =D11 -> 14748.709 | P11: =B11 -> 13040.926 | Q11: =(D11/B11)^$F$2 -> 0.48485748 | R11: =$F$3+$F$4*(N11*H11)*Q11 -> 5.1555 | S11: =R11-R10 -> -0.37383779 | T11: =H11-H10 -> -0.89614173 | U11: =T11-S11 -> -0.52230393 | V11: =(D10/B11)^$F$2 -> 0.75445592 | W11: =(D11/B10)^$F$2 -> 0.29832692 | X11: =$F$3+$F$4*(N11*H11)*V11 -> 6.9570581 | Y11: =$F$3+$F$4*(N11*H11)*W11 -> 3.9090327 | Z11: =0.5*((X11-R10)+(R11-Y11)) -> 1.3370938 | AA11: =0.5*((Y11-R10)+(R11-X11)) -> -1.7109316 | AB11: =ABS(Z11)+ABS(AA11) -> 3.0480255 | AC11: =Z11+U11*(ABS(Z11)/AB11) -> 1.1079719 | AD11: =AA11+U11*(ABS(AA11)/AB11) -> -2.0041137 | AE11: =Z11+AA11 -> -0.37383779 | AF11: =AD11+AC11 -> -0.89614173
A12: 2010 | B12: 13033.052 | C12: 7.8673212 | D12: 14160.709 | G12: 2010 | H12: =C12 -> 7.8673212 | I12: =H12^$F$1 -> 0.70422174 | J12: =B12/I12 -> 18507.029 | K12: =D12/J12 -> 0.76515303 | L12: =K12^$F$2 -> 4.8287367 | M12: =100*L12/$L$11 -> 183.36815 | N12: =100*$K$11^-$F$2 -> 37.974352 | O12: =D12 -> 14160.709 | P12: =B12 -> 13033.052 | Q12: =(D12/B12)^$F$2 -> 0.6137714 | R12: =$F$3+$F$4*(N12*H12)*Q12 -> 7.8566281 | S12: =R12-R11 -> 2.7011281 | T12: =H12-H11 -> 2.4361246 | U12: =T12-S12 -> -0.26500345 | V12: =(D11/B12)^$F$2 -> 0.48313803 | W12: =(D12/B11)^$F$2 -> 0.61595577 | X12: =$F$3+$F$4*(N12*H12)*V12 -> 6.5921352 | Y12: =$F$3+$F$4*(N12*H12)*W12 -> 7.8777721 | Z12: =0.5*((X12-R11)+(R12-Y12)) -> 0.70774558 | AA12: =0.5*((Y12-R11)+(R12-X12)) -> 1.9933825 | AB12: =ABS(Z12)+ABS(AA12) -> 2.7011281 | AC12: =Z12+U12*(ABS(Z12)/AB12) -> 0.63830977 | AD12: =AA12+U12*(ABS(AA12)/AB12) -> 1.7978149 | AE12: =Z12+AA12 -> 2.7011281 | AF12: =AD12+AC12 -> 2.4361246
A13: 2011 | B13: 12481.9 | C13: 9.1153918 | D13: 13470.903 | G13: 2011 | H13: =C13 -> 9.1153918 | I13: =H13^$F$1 -> 0.6868125 | J13: =B13/I13 -> 18173.664 | K13: =D13/J13 -> 0.74123207 | L13: =K13^$F$2 -> 5.8207011 | M13: =100*L13/$L$11 -> 221.03736 | N13: =100*$K$11^-$F$2 -> 37.974352 | O13: =D13 -> 13470.903 | P13: =B13 -> 12481.9 | Q13: =(D13/B13)^$F$2 -> 0.63855743 | R13: =$F$3+$F$4*(N13*H13)*Q13 -> 9.0771103 | S13: =R13-R12 -> 1.2204823 | T13: =H13-H12 -> 1.2480706 | U13: =T13-S13 -> 0.02758835 | V13: =(D12/B13)^$F$2 -> 0.47601624 | W13: =(D13/B12)^$F$2 -> 0.82335066 | X13: =$F$3+$F$4*(N13*H13)*V13 -> 7.2541629 | Y13: =$F$3+$F$4*(N13*H13)*W13 -> 11.149621 | Z13: =0.5*((X13-R12)+(R13-Y13)) -> -1.337488 | AA13: =0.5*((Y13-R12)+(R13-X13)) -> 2.5579702 | AB13: =ABS(Z13)+ABS(AA13) -> 3.8954582 | AC13: =Z13+U13*(ABS(Z13)/AB13) -> -1.3280156 | AD13: =AA13+U13*(ABS(AA13)/AB13) -> 2.5760862 | AE13: =Z13+AA13 -> 1.2204823 | AF13: =AD13+AC13 -> 1.2480706
A14: 2012 | B14: 11082.801 | C14: 9.8552169 | D14: 11903.978 | G14: 2012 | H14: =C14 -> 9.8552169 | I14: =H14^$F$1 -> 0.67776127 | J14: =B14/I14 -> 16352.071 | K14: =D14/J14 -> 0.72797981 | L14: =K14^$F$2 -> 6.4723612 | M14: =100*L14/$L$11 -> 245.78372 | N14: =100*$K$11^-$F$2 -> 37.974352 | O14: =D14 -> 11903.978 | P14: =B14 -> 11082.801 | Q14: =(D14/B14)^$F$2 -> 0.65674467 | R14: =$F$3+$F$4*(N14*H14)*Q14 -> 9.8788926 | S14: =R14-R13 -> 0.8017823 | T14: =H14-H13 -> 0.73982508 | U14: =T14-S14 -> -0.061957215 | V14: =(D13/B14)^$F$2 -> 0.31731248 | W14: =(D14/B13)^$F$2 -> 1.3216284 | X14: =$F$3+$F$4*(N14*H14)*V14 -> 5.7630894 | Y14: =$F$3+$F$4*(N14*H14)*W14 -> 17.940976 | Z14: =0.5*((X14-R13)+(R14-Y14)) -> -5.6880521 | AA14: =0.5*((Y14-R13)+(R14-X14)) -> 6.4898344 | AB14: =ABS(Z14)+ABS(AA14) -> 12.177887 | AC14: =Z14+U14*(ABS(Z14)/AB14) -> -5.7169911 | AD14: =AA14+U14*(ABS(AA14)/AB14) -> 6.4568162 | AE14: =Z14+AA14 -> 0.8017823 | AF14: =AD14+AC14 -> 0.73982508
A15: 2013 | B15: 13455.667 | C15: 6.2861417 | D15: 14687.571 | G15: 2013 | H15: =C15 -> 6.2861417 | I15: =H15^$F$1 -> 0.73160168 | J15: =B15/I15 -> 18392.068 | K15: =D15/J15 -> 0.79858183 | L15: =K15^$F$2 -> 3.7548417 | M15: =100*L15/$L$11 -> 142.58768 | N15: =100*$K$11^-$F$2 -> 37.974352 | O15: =D15 -> 14687.571 | P15: =B15 -> 13455.667 | Q15: =(D15/B15)^$F$2 -> 0.59732056 | R15: =$F$3+$F$4*(N15*H15)*Q15 -> 6.5353409 | S15: =R15-R14 -> -3.3435517 | T15: =H15-H14 -> -3.5690752 | U15: =T15-S15 -> -0.22552343 | V15: =(D14/B15)^$F$2 -> 2.055978 | W15: =(D15/B14)^$F$2 -> 0.19080316 | X15: =$F$3+$F$4*(N15*H15)*V15 -> 17.816997 | Y15: =$F$3+$F$4*(N15*H15)*W15 -> 3.3912239 | Z15: =0.5*((X15-R14)+(R15-Y15)) -> 5.5411109 | AA15: =0.5*((Y15-R14)+(R15-X15)) -> -8.8846626 | AB15: =ABS(Z15)+ABS(AA15) -> 14.425773 | AC15: =Z15+U15*(ABS(Z15)/AB15) -> 5.4544847 | AD15: =AA15+U15*(ABS(AA15)/AB15) -> -9.0235598 | AE15: =Z15+AA15 -> -3.3435517 | AF15: =AD15+AC15 -> -3.5690752
A16: 2014 | B16: 13749.589 | C16: 5.10022 | D16: 15480.757 | G16: 2014 | H16: =C16 -> 5.10022 | I16: =H16^$F$1 -> 0.758071 | J16: =B16/I16 -> 18137.6 | K16: =D16/J16 -> 0.85351739 | L16: =K16^$F$2 -> 2.5388269 | M16: =100*L16/$L$11 -> 96.410307 | N16: =100*$K$11^-$F$2 -> 37.974352 | O16: =D16 -> 15480.757 | P16: =B16 -> 13749.589 | Q16: =(D16/B16)^$F$2 -> 0.49778772 | R16: =$F$3+$F$4*(N16*H16)*Q16 -> 5.039194 | S16: =R16-R15 -> -1.4961469 | T16: =H16-H15 -> -1.1859217 | U16: =T16-S16 -> 0.31022523 | V16: =(D15/B16)^$F$2 -> 0.6782819 | W16: =(D16/B15)^$F$2 -> 0.4383706 | X16: =$F$3+$F$4*(N16*H16)*V16 -> 6.1718225 | Y16: =$F$3+$F$4*(N16*H16)*W16 -> 4.6663424 | Z16: =0.5*((X16-R15)+(R16-Y16)) -> 0.0046665392 | AA16: =0.5*((Y16-R15)+(R16-X16)) -> -1.5008135 | AB16: =ABS(Z16)+ABS(AA16) -> 1.50548 | AC16: =Z16+U16*(ABS(Z16)/AB16) -> 0.0056281449 | AD16: =AA16+U16*(ABS(AA16)/AB16) -> -1.1915499 | AE16: =Z16+AA16 -> -1.4961469 | AF16: =AD16+AC16 -> -1.1859217
... A27: 2025 | B27: 16279.888 | C27: 4 | D27: 18308.679 | G27: 2025 | H27: =C27 -> 4 | I27: =H27^$F$1 -> 0.79004131 | J27: =B27/I27 -> 20606.376 | K27: =D27/J27 -> 0.88849581 | L27: =K27^$F$2 -> 2.0045973 | M27: =100*L27/$L$11 -> 76.123284 | N27: =100*$K$11^-$F$2 -> 37.974352 | O27: =D27 -> 18308.679 | P27: =B27 -> 16279.888 | Q27: =(D27/B27)^$F$2 -> 0.50114932 | R27: =$F$3+$F$4*(N27*H27)*Q27 -> 4.3818944 | S27: =R27-R26 -> -0.55141881 | T27: =H27-H26 -> -0.32279902 | U27: =T27-S27 -> 0.22861978 | V27: =(D26/B27)^$F$2 -> 0.86792376 | W27: =(D27/B26)^$F$2 -> 0.32762535 | X27: =$F$3+$F$4*(N27*H27)*V27 -> 6.186966 | Y27: =$F$3+$F$4*(N27*H27)*W27 -> 3.5279003 | Z27: =0.5*((X27-R26)+(R27-Y27)) -> 1.0538234 | AA27: =0.5*((Y27-R26)+(R27-X27)) -> -1.6052422 | AB27: =ABS(Z27)+ABS(AA27) -> 2.6590657 | AC27: =Z27+U27*(ABS(Z27)/AB27) -> 1.1444285 | AD27: =AA27+U27*(ABS(AA27)/AB27) -> -1.4672275 | AE27: =Z27+AA27 -> -0.55141881 | AF27: =AD27+AC27 -> -0.32279902

Sheet chart1
A1: Year | B1: Change in Price ($/bu, MYA) | C1: Supply-Driven Price Impact | D1: Usage-Driven Price Impact
A2: 2001 | B2: ='Shapley Decomposition'!T3 -> 0.11810712 | C2: ='Shapley Decomposition'!AD3 -> 0.081072143 | D2: ='Shapley Decomposition'!AC3 -> 0.037034975
A3: 2002 | B3: ='Shapley Decomposition'!T4 -> 0.59283462 | C3: ='Shapley Decomposition'!AD4 -> 1.0270972 | D3: ='Shapley Decomposition'!AC4 -> -0.43426253
A4: 2003 | B4: ='Shapley Decomposition'!T5 -> 0.094410974 | C4: ='Shapley Decomposition'!AD5 -> -1.1438168 | D4: ='Shapley Decomposition'!AC5 -> 1.2382277
A5: 2004 | B5: ='Shapley Decomposition'!T6 -> -0.79156603 | C5: ='Shapley Decomposition'!AD6 -> -1.1423526 | D5: ='Shapley Decomposition'!AC6 -> 0.35078661
A6: 2005 | B6: ='Shapley Decomposition'!T7 -> -0.19228145 | C6: ='Shapley Decomposition'!AD7 -> -0.5034387 | D6: ='Shapley Decomposition'!AC7 -> 0.31115725
A7: 2006 | B7: ='Shapley Decomposition'!T8 -> 1.6944182 | C7: ='Shapley Decomposition'!AD8 -> 1.3794704 | D7: ='Shapley Decomposition'!AC8 -> 0.31494783
A8: 2007 | B8: ='Shapley Decomposition'!T9 -> 1.7077109 | C8: ='Shapley Decomposition'!AD9 -> -2.9255784 | D8: ='Shapley Decomposition'!AC9 -> 4.6332893
A9: 2008 | B9: ='Shapley Decomposition'!T10 -> -0.5699094 | C9: ='Shapley Decomposition'!AD10 -> 0.91312931 | D9: ='Shapley Decomposition'!AC10 -> -1.4830387
A10: 2009 | B10: ='Shapley Decomposition'!T11 -> -0.89614173 | C10: ='Shapley Decomposition'!AD11 -> -2.0041137 | D10: ='Shapley Decomposition'!AC11 -> 1.1079719
A11: 2010 | B11: ='Shapley Decomposition'!T12 -> 2.4361246 | C11: ='Shapley Decomposition'!AD12 -> 1.7978149 | D11: ='Shapley Decomposition'!AC12 -> 0.63830977
A12: 2011 | B12: ='Shapley Decomposition'!T13 -> 1.2480706 | C12: ='Shapley Decomposition'!AD13 -> 2.5760862 | D12: ='Shapley Decomposition'!AC13 -> -1.3280156
A13: 2012 | B13: ='Shapley Decomposition'!T14 -> 0.73982508 | C13: ='Shapley Decomposition'!AD14 -> 6.4568162 | D13: ='Shapley Decomposition'!AC14 -> -5.7169911
... A26: 2025 | B26: ='Shapley Decomposition'!T27 -> -0.32279902 | C26: ='Shapley Decomposition'!AD27 -> -1.4672275 | D26: ='Shapley Decomposition'!AC27 -> 1.1444285

Sheet confidence elipse DISASTER
A1: Year | B1: Real MYA Price | C1: Total Usage | D1: Supply | F1: Angle | G1: S | H1: U
A2: 2000 | B2: 3.6736133 | C2: 9740.2337 | D2: 11639.346 | F2: 0 | G2: =$D$29 + (C31*COS(A2)*COS($C$30) - $C$32*SIN(A2)*SIN($C$30)) -> 12838.003 | H2: =$C$29 + ($C$31*COS(A2)*SIN($C$30) + $C$32*SIN(A2)*COS($C$30)) -> 12402.374
A3: 2001 | B3: 3.7917204 | C3: 9815.3872 | D3: 11411.799 | F3: =$F$27/COUNT($D$2:$D$27)+F2 -> 0.24153846 | G3: =$D$29 + (C32*COS(A3)*COS($C$30) - $C$32*SIN(A3)*SIN($C$30)) -> 13800.782 | H3: =$C$29 + ($C$31*COS(A3)*SIN($C$30) + $C$32*SIN(A3)*COS($C$30)) -> 10234.517
A4: 2002 | B4: 4.3845551 | C4: 9490.9162 | D4: 10577.591 | F4: =$F$27/COUNT($D$2:$D$27)+F3 -> 0.48307692 | G4: =$D$29 + (C33*COS(A4)*COS($C$30) - $C$32*SIN(A4)*SIN($C$30)) -> 14870.348 | H4: =$C$29 + ($C$31*COS(A4)*SIN($C$30) + $C$32*SIN(A4)*COS($C$30)) -> 10506.075
A5: 2003 | B5: 4.478966 | C5: 10229.893 | D5: 11187.992 | F5: =$F$27/COUNT($D$2:$D$27)+F4 -> 0.72461538 | G5: =$D$29 + (C34*COS(A5)*COS($C$30) - $C$32*SIN(A5)*SIN($C$30)) -> 15418.721 | H5: =$C$29 + ($C$31*COS(A5)*SIN($C$30) + $C$32*SIN(A5)*COS($C$30)) -> 12967.38
A6: 2004 | B6: 3.6874 | C6: 10660.5 | D6: 12774.444 | F6: =$F$27/COUNT($D$2:$D$27)+F5 -> 0.96615385 | G6: =$D$29 + (C35*COS(A6)*COS($C$30) - $C$32*SIN(A6)*SIN($C$30)) -> 14661.477 | H6: =$C$29 + ($C$31*COS(A6)*SIN($C$30) + $C$32*SIN(A6)*COS($C$30)) -> 15355.518
A7: 2005 | B7: 3.4951185 | C7: 11267.751 | D7: 13234.892 | F7: =$F$27/COUNT($D$2:$D$27)+F6 -> 1.2076923 | G7: =$D$29 + (C36*COS(A7)*COS($C$30) - $C$32*SIN(A7)*SIN($C$30)) -> 14156.545 | H7: =$C$29 + ($C$31*COS(A7)*SIN($C$30) + $C$32*SIN(A7)*COS($C$30)) -> 15474.848
A8: 2006 | B8: 5.1895368 | C8: 11206.534 | D8: 12510.166 | F8: =$F$27/COUNT($D$2:$D$27)+F7 -> 1.4492308 | G8: =$D$29 + (C37*COS(A8)*COS($C$30) - $C$32*SIN(A8)*SIN($C$30)) -> 13953.993 | H8: =$C$29 + ($C$31*COS(A8)*SIN($C$30) + $C$32*SIN(A8)*COS($C$30)) -> 13215.656
A9: 2007 | B9: 6.8972477 | C9: 12737.32 | D9: 14361.446 | F9: =$F$27/COUNT($D$2:$D$27)+F8 -> 1.6907692 | G9: =$D$29 + (C38*COS(A9)*COS($C$30) - $C$32*SIN(A9)*SIN($C$30)) -> 14240.046 | H9: =$C$29 + ($C$31*COS(A9)*SIN($C$30) + $C$32*SIN(A9)*COS($C$30)) -> 10655.035
A10: 2008 | B10: 6.3273383 | C10: 12007.476 | D10: 13680.774 | F10: =$F$27/COUNT($D$2:$D$27)+F9 -> 1.9323077 | G10: =$D$29 + (C39*COS(A10)*COS($C$30) - $C$32*SIN(A10)*SIN($C$30)) -> 14751.707 | H10: =$C$29 + ($C$31*COS(A10)*SIN($C$30) + $C$32*SIN(A10)*COS($C$30)) -> 10147.207
A11: 2009 | B11: 5.4311966 | C11: 13040.926 | D11: 14748.709 | F11: =$F$27/COUNT($D$2:$D$27)+F10 -> 2.1738462 | G11: =$D$29 + (C40*COS(A11)*COS($C$30) - $C$32*SIN(A11)*SIN($C$30)) -> 15018.559 | H11: =$C$29 + ($C$31*COS(A11)*SIN($C$30) + $C$32*SIN(A11)*COS($C$30)) -> 12159.066
A12: 2010 | B12: 7.8673212 | C12: 13033.052 | D12: 14160.709 | F12: =$F$27/COUNT($D$2:$D$27)+F11 -> 2.4153846 | G12: =$D$29 + (C41*COS(A12)*COS($C$30) - $C$32*SIN(A12)*SIN($C$30)) -> 14795.258 | H12: =$C$29 + ($C$31*COS(A12)*SIN($C$30) + $C$32*SIN(A12)*COS($C$30)) -> 14840.92
A13: 2011 | B13: 9.1153918 | C13: 12481.9 | D13: 13470.903 | F13: =$F$27/COUNT($D$2:$D$27)+F12 -> 2.6569231 | G13: =$D$29 + (C42*COS(A13)*COS($C$30) - $C$32*SIN(A13)*SIN($C$30)) -> 14287.107 | H13: =$C$29 + ($C$31*COS(A13)*SIN($C$30) + $C$32*SIN(A13)*COS($C$30)) -> 15727.083
A14: 2012 | B14: 9.8552169 | C14: 11082.801 | D14: 11903.978 | F14: =$F$27/COUNT($D$2:$D$27)+F13 -> 2.8984615 | G14: =$D$29 + (C43*COS(A14)*COS($C$30) - $C$32*SIN(A14)*SIN($C$30)) -> 13961.297 | H14: =$C$29 + ($C$31*COS(A14)*SIN($C$30) + $C$32*SIN(A14)*COS($C$30)) -> 14002.822
... A26: 2024 | B26: 4.322799 | C26: 15145.066 | D26: 16676.678 | F26: =$F$27/COUNT($D$2:$D$27)+F25 -> 5.7969231 | G26: =$D$29 + (C55*COS(A26)*COS($C$30) - $C$32*SIN(A26)*SIN($C$30)) -> 14097.254 | H26: =$C$29 + ($C$31*COS(A26)*SIN($C$30) + $C$32*SIN(A26)*COS($C$30)) -> 15255.057
A27: 2025 | B27: 4 | C27: 16279.888 | D27: 18308.679 | F27: 6.28 | G27: =$D$29 + (C56*COS(A27)*COS($C$30) - $C$32*SIN(A27)*SIN($C$30)) -> 13967.432 | H27: =$C$29 + ($C$31*COS(A27)*SIN($C$30) + $C$32*SIN(A27)*COS($C$30)) -> 12782.717
B28: USER | C28: =C27*1.1 -> 17907.877 | D28: =D27*0.9 -> 16477.811
B29: avg | C29: =AVERAGE(C2:C27) -> 12887.799 | D29: =AVERAGE(D2:D27) -> 14485.434
B30: rotation | C30: =ATAN(SLOPE(C2:C27,D2:D27)) -> 0.73315121
B31: major axis | C31: =2*_xlfn.STDEV.S(D2:D27) -> 4215.4559
B32: minor axis | C32: =C31*SQRT(1-(CORREL(C2:C27,D2:D27)^2)) -> 797.57995
B33: rad | C33: =PI()/180 -> 0.017453293
B34: dist | C34: =ABS((C28 - C29)*COS($C$30) - (D28 - D29)*SIN($C$30)) -> 2396.9383

Sheet guardrail data
A1: Year | B1: Price | C1: dP | D1: %dP | E1: Usage | F1: dU | G1: %dU | H1: Supply | I1: dS | J1: %dS | K1: Predicted Price
A2: 2000 | B2: 3.6736133 | E2: 9740.2337 | H2: 11639.346 | K2: ='Shapley Decomposition'!R2 -> 3.5006658
A3: 2001 | B3: 3.7917204 | C3: =B3-B2 -> 0.11810712 | D3: =C3/B2 -> 0.032150122 | E3: 9815.3872 | F3: =E3-E2 -> 75.153512 | G3: =F3/E2 -> 0.0077157812 | H3: 11411.799 | I3: =H3-H2 -> -227.54704 | J3: =I3/H2 -> -0.019549813 | K3: ='Shapley Decomposition'!R3 -> 3.8381102
A4: 2002 | B4: 4.3845551 | C4: =B4-B3 -> 0.59283462 | D4: =C4/B3 -> 0.15634977 | E4: 9490.9162 | F4: =E4-E3 -> -324.47106 | G4: =F4/E3 -> -0.033057387 | H4: 10577.591 | I4: =H4-H3 -> -834.20792 | J4: =I4/H3 -> -0.073100474 | K4: ='Shapley Decomposition'!R4 -> 4.7667005
A5: 2003 | B5: 4.478966 | C5: =B5-B4 -> 0.094410974 | D5: =C5/B4 -> 0.021532624 | E5: 10229.893 | F5: =E5-E4 -> 738.97673 | G5: =F5/E4 -> 0.077861475 | H5: 11187.992 | I5: =H5-H4 -> 610.40084 | J5: =I5/H4 -> 0.05770698 | K5: ='Shapley Decomposition'!R5 -> 5.1701257
A6: 2004 | B6: 3.6874 | C6: =B6-B5 -> -0.79156603 | D6: =C6/B5 -> -0.17672963 | E6: 10660.5 | F6: =E6-E5 -> 430.60718 | G6: =F6/E5 -> 0.04209303 | H6: 12774.444 | I6: =H6-H5 -> 1586.4517 | J6: =I6/H5 -> 0.1417995 | K6: ='Shapley Decomposition'!R6 -> 3.480852
A7: 2005 | B7: 3.4951185 | C7: =B7-B6 -> -0.19228145 | D7: =C7/B6 -> -0.052145536 | E7: 11267.751 | F7: =E7-E6 -> 607.2514 | G7: =F7/E6 -> 0.05696275 | H7: 13234.892 | I7: =H7-H6 -> 460.44813 | J7: =I7/H6 -> 0.036044476 | K7: ='Shapley Decomposition'!R7 -> 3.5843605
A8: 2006 | B8: 5.1895368 | C8: =B8-B7 -> 1.6944182 | D8: =C8/B7 -> 0.48479564 | E8: 11206.534 | F8: =E8-E7 -> -61.21724 | G8: =F8/E7 -> -0.0054329597 | H8: 12510.166 | I8: =H8-H7 -> -724.72551 | J8: =I8/H7 -> -0.054758704 | K8: ='Shapley Decomposition'!R8 -> 5.2577274
A9: 2007 | B9: 6.8972477 | C9: =B9-B8 -> 1.7077109 | D9: =C9/B8 -> 0.32906808 | E9: 12737.32 | F9: =E9-E8 -> 1530.7853 | G9: =F9/E8 -> 0.13659757 | H9: 14361.446 | I9: =H9-H8 -> 1851.2802 | J9: =I9/H8 -> 0.14798206 | K9: ='Shapley Decomposition'!R9 -> 6.1046139
A10: 2008 | B10: 6.3273383 | C10: =B10-B9 -> -0.5699094 | D10: =C10/B9 -> -0.082628524 | E10: 12007.476 | F10: =E10-E9 -> -729.84335 | G10: =F10/E9 -> -0.057299603 | H10: 13680.774 | I10: =H10-H9 -> -680.67272 | J10: =I10/H9 -> -0.047395833 | K10: ='Shapley Decomposition'!R10 -> 5.5293378
A11: 2009 | B11: 5.4311966 | C11: =B11-B10 -> -0.89614173 | D11: =C11/B10 -> -0.14163013 | E11: 13040.926 | F11: =E11-E10 -> 1033.4494 | G11: =F11/E10 -> 0.086067159 | H11: 14748.709 | I11: =H11-H10 -> 1067.9357 | J11: =I11/H10 -> 0.078061063 | K11: ='Shapley Decomposition'!R11 -> 5.1555
A12: 2010 | B12: 7.8673212 | C12: =B12-B11 -> 2.4361246 | D12: =C12/B11 -> 0.44854289 | E12: 13033.052 | F12: =E12-E11 -> -7.8736 | G12: =F12/E11 -> -0.00060376083 | H12: 14160.709 | I12: =H12-H11 -> -588.00045 | J12: =I12/H11 -> -0.039867925 | K12: ='Shapley Decomposition'!R12 -> 7.8566281
A13: 2011 | B13: 9.1153918 | C13: =B13-B12 -> 1.2480706 | D13: =C13/B12 -> 0.15863984 | E13: 12481.9 | F13: =E13-E12 -> -551.152 | G13: =F13/E12 -> -0.04228879 | H13: 13470.903 | I13: =H13-H12 -> -689.8061 | J13: =I13/H12 -> -0.048712681 | K13: ='Shapley Decomposition'!R13 -> 9.0771103
A14: 2012 | B14: 9.8552169 | C14: =B14-B13 -> 0.73982508 | D14: =C14/B13 -> 0.081162181 | E14: 11082.801 | F14: =E14-E13 -> -1399.0994 | G14: =F14/E13 -> -0.11209026 | H14: 11903.978 | I14: =H14-H13 -> -1566.9251 | J14: =I14/H13 -> -0.11631924 | K14: ='Shapley Decomposition'!R14 -> 9.8788926
... A27: 2025 | B27: 4 | C27: =B27-B26 -> -0.32279902 | D27: =C27/B26 -> -0.074673614 | E27: 16279.888 | F27: =E27-E26 -> 1134.822 | G27: =F27/E26 -> 0.074930141 | H27: 18308.679 | I27: =H27-H26 -> 1632.0004 | J27: =I27/H26 -> 0.09786124 | K27: ='Shapley Decomposition'!R27 -> 4.3818944
