Workbook

Sheet Charts  ST Demand & Market Tigh
A1: Year | B1: ExchangeRate (Export Competitors - Corn) | C1: Ending Stocks | D1: World: Ending Stocks | E1: World Pop (SPPOPTOTLWLD) | F1: US pop (1000s) (B230RC0A052NBEA) | G1: USGDP (GDP) | H1: PCE Index (PCEPI) | I1: Total Usage | J1: Real MYA Price | K1: Supply | L1: Supply Index | M1: Invert Supply | N1: Elasticity | O1: -0.16565854 | Q1: p^-.17 (P epsolon) | R1: A | S1: Demand Index | T1: (From earlier efforts | V1: Supply/Demand Strengh | X1: S/D Index | AD1: Sup2Usage
A2: 2000 | B2: 110.65269 | C2: 48240 | D2: 175136 | E2: 6161884811 | F2: 282398 | G2: 10250.952 | H2: 73.822 | I2: 2803.7648 | J2: 9.0152456 | K2: 3051.5275 | L2: =(K2/$K$11)*100 -> 86.845903 | M2: =100-(L2-100) -> 113.1541 | N2: inverted elasticiy | O2: =1/O1 -> -6.0365133 | P2: 2000 | Q2: =J2^$O$1 -> 0.69470401 | R2: =I2/Q2 -> 4035.9127 | S2: =(R2/$R$11)*100 -> 76.912166 | V2: =K2/R2 -> 0.75609354 | W2: =V2^$O$2 -> 5.4072998 | X2: =(W2/$W$11)*100 -> 48.033919 | AB2: =K2-I2 -> 247.76277 | AC2: =(I2/K2)*100 -> 91.880697 | AD2: =(AC2/$AC$28)*100 -> 99.148416 | AE2: 100
A3: 2001 | B3: 117.24628 | C3: 40551 | D3: 151409 | E3: 6245112906 | F3: 285225 | G3: 10581.929 | H3: 75.302 | I3: 2932.6984 | J3: 8.4303226 | K3: 3140.778 | L3: =(K3/$K$11)*100 -> 89.385954 | M3: =100-(L3-100) -> 110.61405 | P3: 2001 | Q3: =J3^$O$1 -> 0.70246712 | R3: =I3/Q3 -> 4174.8551 | S3: =(R3/$R$11)*100 -> 79.559983 | V3: =K3/R3 -> 0.75230827 | W3: =V3^$O$2 -> 5.5736307 | X3: =(W3/$W$11)*100 -> 49.511464 | AB3: =K3-I3 -> 208.07957 | AC3: =(I3/K3)*100 -> 93.374903 | AD3: =(AC3/$AC$28)*100 -> 100.76081 | AE3: 100
A4: 2002 | B4: 103.79282 | C4: 27603 | D4: 126942 | E4: 6327557399 | F4: 287955 | G4: 10929.108 | H4: 76.291 | I4: 2790.5738 | J4: 10.451116 | K4: 2968.891 | L4: =(K4/$K$11)*100 -> 84.494081 | M4: =100-(L4-100) -> 115.50592 | O4: -0.16565854 | P4: 2002 | Q4: =J4^$O$1 -> 0.67790213 | R4: =I4/Q4 -> 4116.4848 | S4: =(R4/$R$11)*100 -> 78.447623 | V4: =K4/R4 -> 0.72121995 | W4: =V4^$O$2 -> 7.1907802 | X4: =(W4/$W$11)*100 -> 63.876865 | AB4: =K4-I4 -> 178.31718 | AC4: =(I4/K4)*100 -> 93.993812 | AD4: =(AC4/$AC$28)*100 -> 101.42868 | AE4: 100
A5: 2003 | B5: 96.601189 | C5: 24337 | D5: 104701 | E5: 6409750441 | F5: 290626 | G5: 11456.45 | H5: 77.894 | I5: 2525.321 | J5: 13.584963 | K5: 2637.72 | L5: =(K5/$K$11)*100 -> 75.069017 | M5: =100-(L5-100) -> 124.93098 | O5: -0.16565854 | P5: 2003 | Q5: =J5^$O$1 -> 0.64908143 | R5: =I5/Q5 -> 3890.6074 | S5: =(R5/$R$11)*100 -> 74.14309 | V5: =K5/R5 -> 0.67797126 | W5: =V5^$O$2 -> 10.444685 | X5: =(W5/$W$11)*100 -> 92.781824 | AB5: =K5-I5 -> 112.39898 | AC5: =(I5/K5)*100 -> 95.738783 | AD5: =(AC5/$AC$28)*100 -> 103.31168 | AE5: 100
A6: 2004 | B6: 92.980888 | C6: 53697 | D6: 131156 | E6: 6492769815 | F6: 293262 | G6: 12217.196 | H6: 79.827 | I6: 2986.0503 | J6: 10.2746 | K6: 3241.7864 | L6: =(K6/$K$11)*100 -> 92.260635 | M6: =100-(L6-100) -> 107.73937 | P6: 2004 | Q6: =J6^$O$1 -> 0.67981775 | R6: =I6/Q6 -> 4392.4277 | S6: =(R6/$R$11)*100 -> 83.706252 | V6: =K6/R6 -> 0.7380398 | W6: =V6^$O$2 -> 6.2565966 | X6: =(W6/$W$11)*100 -> 55.578361 | AB6: =K6-I6 -> 255.73615 | AC6: =(I6/K6)*100 -> 92.111258 | AD6: =(AC6/$AC$28)*100 -> 99.397215 | AE6: 100
A7: 2005 | B7: 91.054237 | C7: 49968 | D7: 123418 | E7: 6575841506 | F7: 295993 | G7: 13039.197 | H7: 82.127 | I7: 2878.134 | J7: 9.8911855 | K7: 3327.4727 | L7: =(K7/$K$11)*100 -> 94.699251 | M7: =100-(L7-100) -> 105.30075 | P7: 2005 | Q7: =J7^$O$1 -> 0.68411421 | R7: =I7/Q7 -> 4207.0958 | S7: =(R7/$R$11)*100 -> 80.174393 | V7: =K7/R7 -> 0.79091917 | W7: =V7^$O$2 -> 4.1202819 | X7: =(W7/$W$11)*100 -> 36.601131 | AB7: =K7-I7 -> 449.33871 | AC7: =(I7/K7)*100 -> 86.496096 | AD7: =(AC7/$AC$28)*100 -> 93.337897 | AE7: 100
A8: 2006 | B8: 84.098709 | C8: 33114 | D8: 108756 | E8: 6659977025 | F8: 298818 | G8: 13815.583 | H8: 84.44 | I8: 3081.2899 | J8: 10.976553 | K8: 3655.1163 | L8: =(K8/$K$11)*100 -> 104.02393 | M8: =100-(L8-100) -> 95.976074 | P8: 2006 | Q8: =J8^$O$1 -> 0.67241582 | R8: =I8/Q8 -> 4582.4174 | S8: =(R8/$R$11)*100 -> 87.326876 | V8: =K8/R8 -> 0.79763932 | W8: =V8^$O$2 -> 3.9151286 | X8: =(W8/$W$11)*100 -> 34.778721 | AB8: =K8-I8 -> 573.82636 | AC8: =(I8/K8)*100 -> 84.300736 | AD8: =(AC8/$AC$28)*100 -> 90.968884 | AE8: 100
A9: 2007 | B9: 79.869598 | C9: 41255 | D9: 125362 | E9: 6744489399 | F9: 301696 | G9: 14474.227 | H9: 86.607 | I9: 3055.7898 | J9: 16.586239 | K9: 3260.8197 | L9: =(K9/$K$11)*100 -> 92.802317 | M9: =100-(L9-100) -> 107.19768 | P9: 2007 | Q9: =J9^$O$1 -> 0.62796919 | R9: =I9/Q9 -> 4866.1461 | S9: =(R9/$R$11)*100 -> 92.733877 | V9: =K9/R9 -> 0.67010312 | W9: =V9^$O$2 -> 11.20723 | X9: =(W9/$W$11)*100 -> 99.555642 | AB9: =K9-I9 -> 205.02985 | AC9: =(I9/K9)*100 -> 93.712322 | AD9: =(AC9/$AC$28)*100 -> 101.12492 | AE9: 100
A10: 2008 | B10: 84.344528 | C10: 42504 | D10: 136049 | E10: 6830513541 | F10: 304543 | G10: 14769.862 | H10: 89.17 | I10: 3047.1183 | J10: 15.537823 | K10: 3185.3114 | L10: =(K10/$K$11)*100 -> 90.653365 | M10: =100-(L10-100) -> 109.34663 | P10: 2008 | Q10: =J10^$O$1 -> 0.63479871 | R10: =I10/Q10 -> 4800.1331 | S10: =(R10/$R$11)*100 -> 91.475871 | V10: =K10/R10 -> 0.66358814 | W10: =V10^$O$2 -> 11.888071 | X10: =(W10/$W$11)*100 -> 105.60366 | AB10: =K10-I10 -> 138.19306 | AC10: =(I10/K10)*100 -> 95.661553 | AD10: =(AC10/$AC$28)*100 -> 103.22834 | AE10: 100
A11: 2009 | B11: 82.045845 | C11: 43380 | D11: 131485 | E11: 6916589116 | F11: 307240 | G11: 14478.067 | H11: 88.921 | I11: 3362.8569 | J11: 14.67188 | K11: 3513.7265 | L11: =(K11/$K$11)*100 -> 100 | M11: =100-(L11-100) -> 100 | P11: 2009 | Q11: =J11^$O$1 -> 0.64085779 | R11: =I11/Q11 -> 5247.4308 | S11: =(R11/$R$11)*100 -> 100 | T11: 100.85527 | V11: =K11/R11 -> 0.66960893 | W11: =V11^$O$2 -> 11.257253 | X11: =(W11/$W$11)*100 -> 100 | AB11: =K11-I11 -> 150.86963 | AC11: =(I11/K11)*100 -> 95.706278 | AD11: =(AC11/$AC$28)*100 -> 103.2766 | AE11: 100
A12: 2010 | B12: 78.3582 | C12: 28644 | D12: 114858 | E12: 7001266876 | F12: 309839 | G12: 15048.971 | H12: 90.514 | I12: 3281.5798 | J12: 17.162303 | K12: 3496.604 | L12: =(K12/$K$11)*100 -> 99.512695 | M12: =100-(L12-100) -> 100.4873 | P12: 2010 | Q12: =J12^$O$1 -> 0.62442748 | R12: =I12/Q12 -> 5255.3418 | S12: =(R12/$R$11)*100 -> 100.15076 | T12: 104.36824 | V12: =K12/R12 -> 0.66534283 | W12: =V12^$O$2 -> 11.700066 | X12: =(W12/$W$11)*100 -> 103.93358 | AB12: =K12-I12 -> 215.02413 | AC12: =(I12/K12)*100 -> 93.850487 | AD12: =(AC12/$AC$28)*100 -> 101.27402 | AE12: 100
A13: 2011 | B13: 83.05545 | C13: 25122 | D13: 122848 | E13: 7087120034 | F13: 312295 | G13: 15599.732 | H13: 92.804 | I13: 3158.9294 | J13: 18.318713 | K13: 3328.3178 | L13: =(K13/$K$11)*100 -> 94.723303 | M13: =100-(L13-100) -> 105.2767 | P13: 2011 | Q13: =J13^$O$1 -> 0.61771857 | R13: =I13/Q13 -> 5113.865 | S13: =(R13/$R$11)*100 -> 97.454643 | T13: 97.927618 | V13: =K13/R13 -> 0.65084195 | W13: =V13^$O$2 -> 13.364645 | X13: =(W13/$W$11)*100 -> 118.7203 | AB13: =K13-I13 -> 169.38846 | AC13: =(I13/K13)*100 -> 94.910689 | AD13: =(AC13/$AC$28)*100 -> 102.41808 | AE13: 100
A14: 2012 | B14: 83.028945 | C14: 20859 | D14: 145530 | E14: 7176929184 | F14: 314725 | G14: 16253.97 | H14: 94.534 | I14: 3111.4198 | J14: 20.59726 | K14: 3251.9644 | L14: =(K14/$K$11)*100 -> 92.550299 | M14: =100-(L14-100) -> 107.4497 | P14: 2012 | Q14: =J14^$O$1 -> 0.60583762 | R14: =I14/Q14 -> 5135.7322 | S14: =(R14/$R$11)*100 -> 97.871365 | T14: 72.56313 | V14: =K14/R14 -> 0.63320366 | W14: =V14^$O$2 -> 15.775597 | X14: =(W14/$W$11)*100 -> 140.13718 | AB14: =K14-I14 -> 140.54465 | AC14: =(I14/K14)*100 -> 95.678161 | AD14: =(AC14/$AC$28)*100 -> 103.24626 | AE14: 100
A15: 2013 | B15: 86.381657 | C15: 31292 | D15: 216040 | E15: 7265892332 | F15: 317099 | G15: 16880.683 | H15: 95.781 | I15: 3477.3135 | J15: 18.322835 | K15: 3569.3198 | L15: =(K15/$K$11)*100 -> 101.58217 | M15: =100-(L15-100) -> 98.417827 | P15: 2013 | Q15: =J15^$O$1 -> 0.61769555 | R15: =I15/Q15 -> 5629.4942 | S15: =(R15/$R$11)*100 -> 107.28096 | T15: 89.785653 | V15: =K15/R15 -> 0.63403916 | W15: =V15^$O$2 -> 15.650525 | X15: =(W15/$W$11)*100 -> 139.02615 | AB15: =K15-I15 -> 92.006225 | AC15: =(I15/K15)*100 -> 97.422304 | AD15: =(AC15/$AC$28)*100 -> 105.12836 | AE15: 100
A16: 2014 | B16: 99.928975 | C16: 43974 | D16: 279937 | E16: 7354068030 | F16: 319601 | G16: 17608.138 | H16: 97.121 | I16: 3862.6815 | J16: 13.922222 | K16: 4053.3078 | L16: =(K16/$K$11)*100 -> 115.35638 | M16: =100-(L16-100) -> 84.643619 | P16: 2014 | Q16: =J16^$O$1 -> 0.64644995 | R16: =I16/Q16 -> 5975.2212 | S16: =(R16/$R$11)*100 -> 113.86946 | T16: 87.842946 | V16: =K16/R16 -> 0.67835275 | W16: =V16^$O$2 -> 10.409277 | X16: =(W16/$W$11)*100 -> 92.467291 | AB16: =K16-I16 -> 190.62632 | AC16: =(I16/K16)*100 -> 95.297018 | AD16: =(AC16/$AC$28)*100 -> 102.83497 | AE16: 100
A17: 2015 | B17: 103.52059 | C17: 44123 | D17: 313363 | E17: 7441677465 | F17: 322113 | G17: 18295.019 | H17: 97.299 | I17: 3944.2157 | J17: 12.110529 | K17: 4140.9415 | L17: =(K17/$K$11)*100 -> 117.85042 | M17: =100-(L17-100) -> 82.14958 | P17: 2015 | Q17: =J17^$O$1 -> 0.6615532 | R17: =I17/Q17 -> 5962.0537 | S17: =(R17/$R$11)*100 -> 113.61853 | T17: 81.84277 | V17: =K17/R17 -> 0.69454951 | W17: =V17^$O$2 -> 9.0273583 | X17: =(W17/$W$11)*100 -> 80.191485 | AB17: =K17-I17 -> 196.72577 | AC17: =(I17/K17)*100 -> 95.24925 | AD17: =(AC17/$AC$28)*100 -> 102.78342 | AE17: 100
A18: 2016 | B18: 100.41136 | C18: 58253 | D18: 350824 | E18: 7528879985 | F18: 324609 | G18: 18804.913 | H18: 98.284 | I18: 4213.8777 | J18: 12.772777 | K18: 4515.47 | L18: =(K18/$K$11)*100 -> 128.50943 | M18: =100-(L18-100) -> 71.490568 | P18: 2016 | Q18: =J18^$O$1 -> 0.65574409 | R18: =I18/Q18 -> 6426.101 | S18: =(R18/$R$11)*100 -> 122.46185 | T18: 88.936169 | V18: =K18/R18 -> 0.70267648 | W18: =V18^$O$2 -> 8.4151715 | X18: =(W18/$W$11)*100 -> 74.753331 | AB18: =K18-I18 -> 301.59229 | AC18: =(I18/K18)*100 -> 93.32091 | AD18: =(AC18/$AC$28)*100 -> 100.70255 | AE18: 100
A19: 2017 | B19: 102.30157 | C19: 54367 | D19: 342235 | E19: 7614523410 | F19: 326860 | G19: 19612.103 | H19: 100 | I19: 4296.9553 | J19: 12.47651 | K19: 4735.0504 | L19: =(K19/$K$11)*100 -> 134.75865 | M19: =100-(L19-100) -> 65.241352 | P19: 2017 | Q19: =J19^$O$1 -> 0.65829842 | R19: =I19/Q19 -> 6527.3668 | S19: =(R19/$R$11)*100 -> 124.39167 | T19: 92.283147 | V19: =K19/R19 -> 0.72541509 | W19: =V19^$O$2 -> 6.9433801 | X19: =(W19/$W$11)*100 -> 61.67917 | AB19: =K19-I19 -> 438.09514 | AC19: =(I19/K19)*100 -> 90.747825 | AD19: =(AC19/$AC$28)*100 -> 97.925935 | AE19: 100
A20: 2018 | B20: 108.06282 | C20: 56823 | D20: 326775 | E20: 7697233736 | F20: 328794 | G20: 20656.516 | H20: 102.047 | I20: 3955.2756 | J20: 11.184674 | K20: 4880.335 | L20: =(K20/$K$11)*100 -> 138.89342 | M20: =100-(L20-100) -> 61.10658 | P20: 2018 | Q20: =J20^$O$1 -> 0.67032681 | R20: =I20/Q20 -> 5900.5183 | S20: =(R20/$R$11)*100 -> 112.44585 | T20: 90.264036 | V20: =K20/R20 -> 0.82710276 | W20: =V20^$O$2 -> 3.1452368 | X20: =(W20/$W$11)*100 -> 27.939647 | AB20: =K20-I20 -> 925.05939 | AC20: =(I20/K20)*100 -> 81.045166 | AD20: =(AC20/$AC$28)*100 -> 87.4558 | AE20: 100
A21: 2019 | B21: 112.25717 | C21: 50913 | D21: 314542 | E21: 7778008621 | F21: 330513 | G21: 21539.982 | H21: 103.509 | I21: 3952.9607 | J21: 11.093192 | K21: 4491.5131 | L21: =(K21/$K$11)*100 -> 127.82762 | M21: =100-(L21-100) -> 72.172376 | P21: 2019 | Q21: =J21^$O$1 -> 0.67123943 | R21: =I21/Q21 -> 5889.0473 | S21: =(R21/$R$11)*100 -> 112.22725 | T21: 87.550077 | V21: =K21/R21 -> 0.76268926 | W21: =V21^$O$2 -> 5.1310954 | X21: =(W21/$W$11)*100 -> 45.580351 | AB21: =K21-I21 -> 538.55241 | AC21: =(I21/K21)*100 -> 88.009555 | AD21: =(AC21/$AC$28)*100 -> 94.971069 | AE21: 100
A22: 2020 | B22: 110.50794 | C22: 31358 | D22: 297358 | E22: 7854748424 | F22: 331840 | G22: 21375.282 | H22: 104.666 | I22: 4517.6747 | J22: 13.5324 | K22: 4774.6601 | L22: =(K22/$K$11)*100 -> 135.88593 | M22: =100-(L22-100) -> 64.114067 | P22: 2020 | Q22: =J22^$O$1 -> 0.64949841 | R22: =I22/Q22 -> 6955.6362 | S22: =(R22/$R$11)*100 -> 132.55317 | T22: 107.31693 | V22: =K22/R22 -> 0.68644477 | W22: =V22^$O$2 -> 9.6901936 | X22: =(W22/$W$11)*100 -> 86.079558 | AB22: =K22-I22 -> 256.98544 | AC22: =(I22/K22)*100 -> 94.617723 | AD22: =(AC22/$AC$28)*100 -> 102.10194 | AE22: 100
... A26: 2024 | B26: 115.30512 | C26: 38905 | D26: 293369 | E26: 8141808945 | F26: 340212 | G26: 29298.013 | H26: 123.666 | I26: 4420.8183 | J26: 10.195281 | K26: 4745.6326 | L26: =(K26/$K$11)*100 -> 135.05982 | M26: =100-(L26-100) -> 64.940185 | P26: 2024 | Q26: =J26^$O$1 -> 0.68069108 | R26: =I26/Q26 -> 6494.6029 | S26: =(R26/$R$11)*100 -> 123.76729 | T26: 94.660708 | V26: =K26/R26 -> 0.73070404 | W26: =V26^$O$2 -> 6.6454776 | X26: =(W26/$W$11)*100 -> 59.032854 | AB26: =K26-I26 -> 324.81431 | AC26: =(I26/K26)*100 -> 93.155511 | AD26: =(AC26/$AC$28)*100 -> 100.52407 | AE26: 100
A27: 2025 | B27: 117.66338 | C27: 51534 | D27: 279151 | E27: =AVERAGE((E26-E25),(E25-E24),(E24-E23),(E23-E22))+E26 -> 8.2135741e+09 | F27: =AVERAGE((F26-F25),(F25-F24),(F24-F23),(F23-F22))+F26 -> 342305 | G27: =AVERAGE((G26-G25),(G25-G24),(G24-G23),(G23-G22))+G26 -> 31278.696 | H27: =AVERAGE((H26-H25),(H25-H24),(H24-H23),(H23-H22))+H26 -> 128.416 | I27: 4256.9781 | J27: 10.2 | K27: 4606.6679 | L27: =(K27/$K$11)*100 -> 131.10491 | M27: =100-(L27-100) -> 68.895093 | P27: 2025 | Q27: =J27^$O$1 -> 0.6806389 | R27: =I27/Q27 -> 6254.3856 | S27: =(R27/$R$11)*100 -> 119.18948 | T27: 112.57873 | V27: =K27/R27 -> 0.73655003 | W27: =V27^$O$2 -> 6.3333774 | X27: =(W27/$W$11)*100 -> 56.260417 | AB27: =K27-I27 -> 349.68979 | AC27: =(I27/K27)*100 -> 92.409051 | AD27: =(AC27/$AC$28)*100 -> 99.718564 | AE27: 100
I28: 413531 | K28: 465065 | AC28: =AVERAGE(AC2:AC27) -> 92.669858
R29: =AVERAGE(R2:R27) -> 5460.0959 | S29: =AVERAGE(S2:S27) -> 104.05275 | AD29: =MIN(AD2:AD27) -> 87.4558
S30: =STDEV(S2:S27) -> 18.856231 | AD30: =MAX(AD2:AD27) -> 105.12836
Q31: * convert prices into a quantity-equalivent reponses | R31: * clean demand-shift index
A55: Demand trendline | B55: obs | C55: trend | D55: depart from trend
A65: 2009 | B65: =S11 -> 100 | C65: =(A65-2008)*0.9785+99.104 -> 100.0825 | D65: =B65-C65 -> -0.0825 | E65: =D65*3+100 -> 99.7525 | F65: 100
A66: 2010 | B66: =S12 -> 100.15076 | C66: =(A66-2008)*0.9785+99.104 -> 101.061 | D66: =B66-C66 -> -0.91024153 | E66: =D66*3+100 -> 97.269275 | F66: 100
A67: 2011 | B67: =S13 -> 97.454643 | C67: =(A67-2008)*0.9785+99.104 -> 102.0395 | D67: =B67-C67 -> -4.5848571 | E67: =D67*3+100 -> 86.245429 | F67: 100
A68: 2012 | B68: =S14 -> 97.871365 | C68: =(A68-2008)*0.9785+99.104 -> 103.018 | D68: =B68-C68 -> -5.1466351 | E68: =D68*3+100 -> 84.560095 | F68: 100
A69: 2013 | B69: =S15 -> 107.28096 | C69: =(A69-2008)*0.9785+99.104 -> 103.9965 | D69: =B69-C69 -> 3.2844604 | E69: =D69*3+100 -> 109.85338 | F69: 100
A70: 2014 | B70: =S16 -> 113.86946 | C70: =(A70-2008)*0.9785+99.104 -> 104.975 | D70: =B70-C70 -> 8.8944614 | E70: =D70*3+100 -> 126.68338 | F70: 100
A71: 2015 | B71: =S17 -> 113.61853 | C71: =(A71-2008)*0.9785+99.104 -> 105.9535 | D71: =B71-C71 -> 7.6650291 | E71: =D71*3+100 -> 122.99509 | F71: 100
A72: 2016 | B72: =S18 -> 122.46185 | C72: =(A72-2008)*0.9785+99.104 -> 106.932 | D72: =B72-C72 -> 15.529853 | E72: =D72*3+100 -> 146.58956 | F72: 100
A73: 2017 | B73: =S19 -> 124.39167 | C73: =(A73-2008)*0.9785+99.104 -> 107.9105 | D73: =B73-C73 -> 16.48117 | E73: =D73*3+100 -> 149.44351 | F73: 100
A74: 2018 | B74: =S20 -> 112.44585 | C74: =(A74-2008)*0.9785+99.104 -> 108.889 | D74: =B74-C74 -> 3.5568513 | E74: =D74*3+100 -> 110.67055 | F74: 100
A75: 2019 | B75: =S21 -> 112.22725 | C75: =(A75-2008)*0.9785+99.104 -> 109.8675 | D75: =B75-C75 -> 2.3597499 | E75: =D75*3+100 -> 107.07925 | F75: 100
A76: 2020 | B76: =S22 -> 132.55317 | C76: =(A76-2008)*0.9785+99.104 -> 110.846 | D76: =B76-C76 -> 21.707175 | E76: =D76*3+100 -> 165.12152 | F76: 100
... A78: 2022 | B78: =S24 -> 129.37494 | C78: =(A78-2008)*0.9785+99.104 -> 112.803 | D78: =B78-C78 -> 16.57194 | E78: =D78*3+100 -> 149.71582 | F78: 100
A79: 2023 | B79: =S25 -> 119.52433 | C79: =(A79-2008)*0.9785+99.104 -> 113.7815 | D79: =B79-C79 -> 5.7428307 | E79: =D79*3+100 -> 117.22849 | F79: 100 | AL79: a
A80: 2024 | B80: =S26 -> 123.76729 | C80: =(A80-2008)*0.9785+99.104 -> 114.76 | D80: =B80-C80 -> 9.0072893 | E80: =D80*3+100 -> 127.02187 | F80: 100
A81: 2025 | B81: =S27 -> 119.18948 | C81: =(A81-2008)*0.9785+99.104 -> 115.7385 | D81: =B81-C81 -> 3.450981 | E81: =D81*3+100 -> 110.35294 | F81: 100
C82: mean | D82: =AVERAGE(D65:D81) -> 7.4360468
C83: min | D83: =MIN(D65:D82) -> -5.1466351
C84: max | D84: =MAX(D65:D81) -> 22.885239
C85: stdev | D85: =STDEV(D65:D81) -> 8.6008531
A88: Supply trend | B88: obs | C88: trend | D88: dept from trend
A98: 2009 | B98: =K11 -> 3513.7265 | C98: =(A98-2008)*5612.6+345812 -> 351424.6 | D98: =(B98/C98)-1 -> -0.99000148 | E98: =((D98*100)*3)+100 -> -197.00044 | F98: 100
A99: 2010 | B99: =K12 -> 3496.604 | C99: =(A99-2008)*5612.6+345812 -> 357037.2 | D99: =(B99/C99)-1 -> -0.99020661 | E99: =((D99*100)*3)+100 -> -197.06198 | F99: 100
A100: 2011 | B100: =K13 -> 3328.3178 | C100: =(A100-2008)*5612.6+345812 -> 362649.8 | D100: =(B100/C100)-1 -> -0.99082223 | E100: =((D100*100)*3)+100 -> -197.24667 | F100: 100
A101: 2012 | B101: =K14 -> 3251.9644 | C101: =(A101-2008)*5612.6+345812 -> 368262.4 | D101: =(B101/C101)-1 -> -0.99116944 | E101: =((D101*100)*3)+100 -> -197.35083 | F101: 100
A102: 2013 | B102: =K15 -> 3569.3198 | C102: =(A102-2008)*5612.6+345812 -> 373875 | D102: =(B102/C102)-1 -> -0.99045317 | E102: =((D102*100)*3)+100 -> -197.13595 | F102: 100
A103: 2014 | B103: =K16 -> 4053.3078 | C103: =(A103-2008)*5612.6+345812 -> 379487.6 | D103: =(B103/C103)-1 -> -0.989319 | E103: =((D103*100)*3)+100 -> -196.7957 | F103: 100
A104: 2015 | B104: =K17 -> 4140.9415 | C104: =(A104-2008)*5612.6+345812 -> 385100.2 | D104: =(B104/C104)-1 -> -0.98924711 | E104: =((D104*100)*3)+100 -> -196.77413 | F104: 100
A105: 2016 | B105: =K18 -> 4515.47 | C105: =(A105-2008)*5612.6+345812 -> 390712.8 | D105: =(B105/C105)-1 -> -0.98844299 | E105: =((D105*100)*3)+100 -> -196.5329 | F105: 100
A106: 2017 | B106: =K19 -> 4735.0504 | C106: =(A106-2008)*5612.6+345812 -> 396325.4 | D106: =(B106/C106)-1 -> -0.98805262 | E106: =((D106*100)*3)+100 -> -196.41579 | F106: 100
A107: 2018 | B107: =K20 -> 4880.335 | C107: =(A107-2008)*5612.6+345812 -> 401938 | D107: =(B107/C107)-1 -> -0.98785799 | E107: =((D107*100)*3)+100 -> -196.3574 | F107: 100
A108: 2019 | B108: =K21 -> 4491.5131 | C108: =(A108-2008)*5612.6+345812 -> 407550.6 | D108: =(B108/C108)-1 -> -0.98897925 | E108: =((D108*100)*3)+100 -> -196.69378 | F108: 100
A109: 2020 | B109: =K22 -> 4774.6601 | C109: =(A109-2008)*5612.6+345812 -> 413163.2 | D109: =(B109/C109)-1 -> -0.98844365 | E109: =((D109*100)*3)+100 -> -196.53309 | F109: 100
... A114: 2025 | B114: =K27 -> 4606.6679 | C114: =(A114-2008)*5612.6+345812 -> 441226.2 | D114: =(B114/C114)-1 -> -0.9895594 | E114: =((D114*100)*3)+100 -> -196.86782 | F114: 100
C115: mean | D115: =AVERAGE(D98:D114) -> -0.98936703
C116: min | D116: =MIN(D98:D115) -> -0.99116944
C117: max | D117: =MAX(D98:D114) -> -0.98785799
C118: stdev | D118: =STDEV(D98:D114) -> 0.0009421163

Sheet Est. Demand Index
B1: Reported Index Value | C1: Trendline Value | D1: Dep From Demand Index Trendline
A2: 2009 | B2: 100 | C2: 100.0825 | D2: =B2-C2 -> -0.0825
A3: 2010 | B3: 106.43784 | C3: 101.061 | D3: =B3-C3 -> 5.3768374
A4: 2011 | B4: 104.52059 | C4: 102.0395 | D4: =B4-C4 -> 2.4810896
A5: 2012 | B5: 94.044222 | C5: 103.018 | D5: =B5-C5 -> -8.9737782
A6: 2013 | B6: 105.77667 | C6: 103.9965 | D6: =B6-C6 -> 1.780172
A7: 2014 | B7: 104.31318 | C7: 104.975 | D7: =B7-C7 -> -0.6618225
A8: 2015 | B8: 102.90289 | C8: 105.9535 | D8: =B8-C8 -> -3.0506116
A9: 2016 | B9: 108.92479 | C9: 106.932 | D9: =B9-C9 -> 1.9927873
A10: 2017 | B10: 109.87659 | C10: 107.9105 | D10: =B10-C10 -> 1.9660932 | H10: Year | I10: Trendline Usage | J10: Dep From Demand Index Trendline | K10: Estimated Dep from Trendline
A11: 2018 | B11: 106.87481 | C11: 108.889 | D11: =B11-C11 -> -2.0141923 | H11: 2009 | I11: =E37 -> 108.11401 | J11: =D2 -> -0.0825 | K11: =$N$28+(I11*$N$29) -> 3.7286082
A12: 2019 | B12: 103.22427 | C12: 109.8675 | D12: =B12-C12 -> -6.6432317 | H12: 2010 | I12: =E38 -> 105.97622 | J12: =D3 -> 5.3768374 | K12: =$N$28+(I12*$N$29) -> 2.686064 | M12: SUMMARY OUTPUT
A13: 2020 | B13: 114.96652 | C13: 110.846 | D13: =B13-C13 -> 4.1205195 | H13: 2011 | I13: =E39 -> 99.584459 | J13: =D4 -> 2.4810896 | K13: =$N$28+(I13*$N$29) -> -0.4310352
A14: 2021 | B14: 119.98158 | C14: 111.8245 | D14: =B14-C14 -> 8.1570751 | H14: 2012 | I14: =E40 -> 86.788625 | J14: =D5 -> -8.9737782 | K14: =$N$28+(I14*$N$29) -> -6.6712356 | M14: Regression Statistics
A15: 2022 | B15: 110.26015 | C15: 112.803 | D15: =B15-C15 -> -2.5428513 | H15: 2013 | I15: =E41 -> 103.45921 | J15: =D6 -> 1.780172 | K15: =$N$28+(I15*$N$29) -> 1.458584 | M15: Multiple R | N15: 0.64521278
A16: 2023 | B16: 112.14638 | C16: 113.7815 | D16: =B16-C16 -> -1.6351181 | H16: 2014 | I16: =E42 -> 103.83582 | J16: =D7 -> -0.6618225 | K16: =$N$28+(I16*$N$29) -> 1.6422433 | M16: R Square | N16: 0.41629953
A17: 2024 | B17: 111.71477 | C17: 114.76 | D17: =B17-C17 -> -3.0452327 | H17: 2015 | I17: =E43 -> 101.38017 | J17: =D8 -> -3.0506116 | K17: =$N$28+(I17*$N$29) -> 0.44468939 | M17: Adjusted R Square | N17: 0.37738616
A18: 2025 | B18: 118.51163 | C18: 115.7385 | D18: =B18-C18 -> 2.7731288 | H18: 2016 | I18: =E44 -> 106.82035 | J18: =D9 -> 1.9927873 | K18: =$N$28+(I18*$N$29) -> 3.0977227 | M18: Standard Error | N18: 3.3833118
H19: 2017 | I19: =E45 -> 106.0861 | J19: =D10 -> 1.9660932 | K19: =$N$28+(I19*$N$29) -> 2.7396488 | M19: Observations | N19: 17
H20: 2018 | I20: =E46 -> 100.47652 | J20: =D11 -> -2.0141923 | K20: =$N$28+(I20*$N$29) -> 0.0039980421
H21: 2019 | I21: =E47 -> 95.989528 | J21: =D12 -> -6.6432317 | K21: =$N$28+(I21*$N$29) -> -2.1841908 | M21: ANOVA
H22: 2020 | I22: =E48 -> 101.52616 | J22: =D13 -> 4.1205195 | K22: =$N$28+(I22*$N$29) -> 0.51588069 | N22: df | O22: SS | P22: MS | Q22: F | R22: Significance F
H23: 2021 | I23: =E49 -> 100.04414 | J23: =D14 -> 8.1570751 | K23: =$N$28+(I23*$N$29) -> -0.20685809 | M23: Regression | N23: 1 | O23: 122.45913 | P23: 122.45913 | Q23: 10.698112 | R23: 0.005158686
H24: 2022 | I24: =E50 -> 90.593871 | J24: =D15 -> -2.5428513 | K24: =$N$28+(I24*$N$29) -> -4.8155146 | M24: Residual | N24: 15 | O24: 171.70198 | P24: 11.446798
H25: 2023 | I25: =E51 -> 97.402917 | J25: =D16 -> -1.6351181 | K25: =$N$28+(I25*$N$29) -> -1.4949174 | M25: Total | N25: 16 | O25: 294.16111
H26: 2024 | I26: =E52 -> 97.080065 | J26: =D17 -> -3.0452327 | K26: =$N$28+(I26*$N$29) -> -1.6523638
B27: Total Usage | E27: Trendline Usage | H27: 2025 | I27: =E53 -> 102.79987 | J27: =D18 -> 2.7731288 | K27: =$N$28+(I27*$N$29) -> 1.1370408 | N27: Coefficients | O27: Standard Error | P27: t Stat | Q27: P-value | R27: Lower 95% | S27: Upper 95% | T27: Lower 95.0% | U27: Upper 95.0%
A28: 2000 | B28: 247415 | C28: =(A28-1999)*5992+246476 -> 252468 | D28: =B28-C28 -> -5053 | E28: =((D28/C28)*100)+100 -> 97.998558 | M28: Intercept | N28: -48.995826 | O28: 15.002212 | P28: -3.2659069 | Q28: 0.0052106491 | R28: -80.972284 | S28: -17.019369 | T28: -80.972284 | U28: -17.019369
A29: 2001 | B29: 249324 | C29: =(A29-1999)*5992+246476 -> 258460 | D29: =B29-C29 -> -9136 | E29: =((D29/C29)*100)+100 -> 96.465217 | M29: Trendline Usage | N29: 0.4876744 | O29: 0.14909957 | P29: 3.2707968 | Q29: 0.005158686 | R29: 0.16987619 | S29: 0.80547261 | T29: 0.16987619 | U29: 0.80547261
A30: 2002 | B30: 241082 | C30: =(A30-1999)*5992+246476 -> 264452 | D30: =B30-C30 -> -23370 | E30: =((D30/C30)*100)+100 -> 91.162858
A31: 2003 | B31: 259853 | C31: =(A31-1999)*5992+246476 -> 270444 | D31: =B31-C31 -> -10591 | E31: =((D31/C31)*100)+100 -> 96.083847
A32: 2004 | B32: 270791 | C32: =(A32-1999)*5992+246476 -> 276436 | D32: =B32-C32 -> -5645 | E32: =((D32/C32)*100)+100 -> 97.957936
A33: 2005 | B33: 286216 | C33: =(A33-1999)*5992+246476 -> 282428 | D33: =B33-C33 -> 3788 | E33: =((D33/C33)*100)+100 -> 101.34123
A34: 2006 | B34: 284661 | C34: =(A34-1999)*5992+246476 -> 288420 | D34: =B34-C34 -> -3759 | E34: =((D34/C34)*100)+100 -> 98.696692
A35: 2007 | B35: 323545 | C35: =(A35-1999)*5992+246476 -> 294412 | D35: =B35-C35 -> 29133 | E35: =((D35/C35)*100)+100 -> 109.89532
A36: 2008 | B36: 305006 | C36: =(A36-1999)*5992+246476 -> 300404 | D36: =B36-C36 -> 4602 | E36: =((D36/C36)*100)+100 -> 101.53194
A37: 2009 | B37: 331257 | C37: =(A37-1999)*5992+246476 -> 306396 | D37: =B37-C37 -> 24861 | E37: =((D37/C37)*100)+100 -> 108.11401
A38: 2010 | B38: 331057 | C38: =(A38-1999)*5992+246476 -> 312388 | D38: =B38-C38 -> 18669 | E38: =((D38/C38)*100)+100 -> 105.97622
A39: 2011 | B39: 317057 | C39: =(A39-1999)*5992+246476 -> 318380 | D39: =B39-C39 -> -1323 | E39: =((D39/C39)*100)+100 -> 99.584459
A40: 2012 | B40: 281518 | C40: =(A40-1999)*5992+246476 -> 324372 | D40: =B40-C40 -> -42854 | E40: =((D40/C40)*100)+100 -> 86.788625
A41: 2013 | B41: 341792 | C41: =(A41-1999)*5992+246476 -> 330364 | D41: =B41-C41 -> 11428 | E41: =((D41/C41)*100)+100 -> 103.45921
... A53: 2025 | B53: 413531 | C53: =(A53-1999)*5992+246476 -> 402268 | D53: =B53-C53 -> 11263 | E53: =((D53/C53)*100)+100 -> 102.79987

Sheet Tool Ideas
A2: Tool #1. Estimate point price using user-inputted Supply and Usage | I2: Future Efforts
I3: --> Better demand index est (v1 in 'Est. Demand Index' worksheet | U3: Hidden calc
C4: User-input | F4: Output | I4: --> include 'is this combination of supply and usage feasible | U4: Demand Index Trend Value | V4: =C145 -> 115.7385 | X4: Trendlines Usage | Y4: ='Est. Demand Index'!$C$53 -> 402268
B5: Corn Supply | C5: 465065 | E5: Norm Demand | F5: =((((C$5/(($V6/100)*$R$75))^$O$66)/($W$75/100))*0.0323)+1.8946 -> 4.1603204 | I5: --> include a graph to show how far up/down the index/price line est are | U5: Adj | V5: =AB7+(AB8*Y5) -> 1.1370408 | X5: Trendline Usage Dep | Y5: =(C6/Y4)*100 -> 102.79987
B6: Corn Usage | C6: 413531 | U6: Assumed Demand Index | V6: =V4+V5 -> 116.87554 | AB6: FROM "Est. Demant Index" WORKSHEET
AB7: -48.995826
AB8: 0.4876744
A9: xxxx | B9: xxxxx | C9: xxxx | D9: xxxx | E9: xxxxx
A16: Tool #2. Range of Price Given Supply (unknown usage)
G18: Output
C19: User-input | G19: Avg | H19: Range | I19: Prob of Outcome
B20: Corn Supply | C20: 465065 | E20: Output | F20: Low | G20: =AVERAGE(X191) -> 3.7181196 | H20: =ROUND(MIN(U192:U197),2)&" - "&ROUND(MAX(U191:U197),2) -> 3.41 - 3.86 | I20: =AA191 -> 0.41176471
D21: Norm Demand | E21: =U199 -> 4.0247464 | F21: Mod | G21: =X192 -> 4.1760458 | H21: =ROUND(MIN(U198:U203),2)&" - "&ROUND(MAX(U198:U203),2) -> 3.96 - 4.32 | I21: =AA192 -> 0.35294118
F22: High | G22: =X193 -> 4.6630654 | H22: =ROUND(MIN(U204:U207),2)&" - "&ROUND(MAX(U204:U207),2) -> 4.35 - 5.09 | I22: =AA193 -> 0.23529412
A27: Tool #3. Source of change in price estimates (since 2004 and throughout 2025)
A28: I don't have this figure out yet
B30: Change from 2024
B32: Change in obs price | C32: =Z91-Z90 -> -0.55141881
C33: Supply | D33: Demand | H33: Change Supp | I33: change in demand
B34: 2024 | C34: =B177 -> 423610 | D34: =B144 -> 111.71477 | F34: =(((($C$34/((D34/100)*$R$75))^$O$66)/($W$75/100))*0.0324)+1.9155 -> 4.9333132
B35: 2025 | C35: =B178 -> 465065 | D35: =B145 -> 118.51163 | F35: =(((($C$35/((D35/100)*$R$75))^$O$66)/($W$75/100))*0.0324)+1.9155 -> 4.3818944 | H35: =(((($C$35/((D34/100)*$R$75))^$O$66)/($W$75/100))*0.0324)+1.9155 -> 3.6580206 | I35: =(((($C$34/((D35/100)*$R$75))^$O$66)/($W$75/100))*0.0324)+1.9155 -> 6.186966
F36: =F35-F34 -> -0.55141881 | H36: =(((($C$35/((D35/100)*$R$75))^$O$66)/($W$75/100))*0.0324)+1.9155 -> 4.3818944 | I36: =(((($C$35/((D35/100)*$R$75))^$O$66)/($W$75/100))*0.0324)+1.9155 -> 4.3818944
H37: =H35-F34 -> -1.2752926 | I37: =I35-F34 -> 1.2536528
H38: =H36-F34 -> -0.55141881 | I38: =I36-F34 -> -0.55141881
H39: =AVERAGE(H37:H38) -> -0.91335569 | I39: =AVERAGE(I37:I38) -> 0.35111699 | J39: =I39+H39 -> -0.56223871
H42: =H35-H36 -> -0.72387377 | I42: =I35-I36 -> 1.8050716 | J42: =I42+H42 -> 1.0811978
C48: Supply | D48: =(1/-0.17)*LN(C35/C34) -> -0.54919977 | E48: =EXP(D48)-1 -> -0.42258831
C49: Demand | D49: =(-1/-0.17)*LN(D35/D34) -> 0.34742463 | E49: =EXP(D49)-1 -> 0.41541762
D50: =D49+D48 -> -0.20177514
A65: Year | B65: ExchangeRate (Export Competitors - Corn) | C65: Ending Stocks | D65: World: Ending Stocks | E65: World Pop (SPPOPTOTLWLD) | F65: US pop (1000s) (B230RC0A052NBEA) | G65: USGDP (GDP) | H65: PCE Index (PCEPI) | I65: Total Usage | J65: Real MYA Price | K65: Supply | L65: Supply Index | M65: Invert Supply | N65: Elasticity | O65: -0.17 | Q65: p^-.17 (P epsolon) | R65: A | S65: Demand Index | T65: (From earlier efforts | V65: Supply/Demand Strengh | X65: S/D Index | Y65: Real MYA Price | Z65: Est
A66: 2000 | B66: 110.65269 | C66: 48240 | D66: 175136 | E66: 6161884811 | F66: 282398 | G66: 10250.952 | H66: 73.822 | I66: 247415 | J66: 3.6736133 | K66: 295655 | L66: =(K66/$K$75)*100 -> 78.917726 | M66: =100-(L66-100) -> 121.08227 | N66: inverted elasticiy | O66: =1/O65 -> -5.8823529 | P66: 2000 | Q66: =J66^$O$65 -> 0.80155645 | R66: =I66/Q66 -> 308668.22 | S66: =(R66/$R$75)*100 -> 69.886712 | V66: =K66/R66 -> 0.95784077 | W66: =V66^$O$66 -> 1.2883662 | X66: =(W66/$W$75)*100 -> 48.924871 | Y66: 3.6736133 | Z66: =X66*0.0324+1.9155 -> 3.5006658
A67: 2001 | B67: 117.24628 | C67: 40551 | D67: 151409 | E67: 6245112906 | F67: 285225 | G67: 10581.929 | H67: 75.302 | I67: 249324 | J67: 3.7917204 | K67: 289875 | L67: =(K67/$K$75)*100 -> 77.374899 | M67: =100-(L67-100) -> 122.6251 | P67: 2001 | Q67: =J67^$O$65 -> 0.79725606 | R67: =I67/Q67 -> 312727.63 | S67: =(R67/$R$75)*100 -> 70.80582 | V67: =K67/R67 -> 0.9269248 | W67: =V67^$O$66 -> 1.5626289 | X67: =(W67/$W$75)*100 -> 59.339822 | Y67: 3.7917204 | Z67: =X67*0.0324+1.9155 -> 3.8381102
A68: 2002 | B68: 103.79282 | C68: 27603 | D68: 126942 | E68: 6327557399 | F68: 287955 | G68: 10929.108 | H68: 76.291 | I68: 241082 | J68: 4.3845551 | K68: 268685 | L68: =(K68/$K$75)*100 -> 71.718757 | M68: =100-(L68-100) -> 128.28124 | O68: -0.17 | P68: 2002 | Q68: =J68^$O$65 -> 0.77780846 | R68: =I68/Q68 -> 309950.35 | S68: =(R68/$R$75)*100 -> 70.177004 | V68: =K68/R68 -> 0.86686466 | W68: =V68^$O$66 -> 2.317354 | X68: =(W68/$W$75)*100 -> 88.000016 | Y68: 4.3845551 | Z68: =X68*0.0324+1.9155 -> 4.7667005
A69: 2003 | B69: 96.601189 | C69: 24337 | D69: 104701 | E69: 6409750441 | F69: 290626 | G69: 11456.45 | H69: 77.894 | I69: 259853 | J69: 4.478966 | K69: 284190 | L69: =(K69/$K$75)*100 -> 75.85743 | M69: =100-(L69-100) -> 124.14257 | P69: 2003 | Q69: =J69^$O$65 -> 0.77499657 | R69: =I69/Q69 -> 335295.68 | S69: =(R69/$R$75)*100 -> 75.915534 | V69: =K69/R69 -> 0.84758027 | W69: =V69^$O$66 -> 2.6452436 | X69: =(W69/$W$75)*100 -> 100.45141 | Y69: 4.478966 | Z69: =X69*0.0324+1.9155 -> 5.1701257
A70: 2004 | B70: 92.980888 | C70: 53697 | D70: 131156 | E70: 6492769815 | F70: 293262 | G70: 12217.196 | H70: 79.827 | I70: 270791 | J70: 3.6874 | K70: 324488 | L70: =(K70/$K$75)*100 -> 86.613976 | M70: =100-(L70-100) -> 113.38602 | P70: 2004 | Q70: =J70^$O$65 -> 0.80104619 | R70: =I70/Q70 -> 338046.68 | S70: =(R70/$R$75)*100 -> 76.538398 | V70: =K70/R70 -> 0.95989112 | W70: =V70^$O$66 -> 1.2722622 | X70: =(W70/$W$75)*100 -> 48.313334 | Y70: 3.6874 | Z70: =X70*0.0324+1.9155 -> 3.480852
A71: 2005 | B71: 91.054237 | C71: 49968 | D71: 123418 | E71: 6575841506 | F71: 295993 | G71: 13039.197 | H71: 82.127 | I71: 286216 | J71: 3.4951185 | K71: 336184 | L71: =(K71/$K$75)*100 -> 89.735931 | M71: =100-(L71-100) -> 110.26407 | P71: 2005 | Q71: =J71^$O$65 -> 0.8083724 | R71: =I71/Q71 -> 354064.54 | S71: =(R71/$R$75)*100 -> 80.165061 | V71: =K71/R71 -> 0.94949921 | W71: =V71^$O$66 -> 1.3563903 | X71: =(W71/$W$75)*100 -> 51.508042 | Y71: 3.4951185 | Z71: =X71*0.0324+1.9155 -> 3.5843605
A72: 2006 | B72: 84.098709 | C72: 33114 | D72: 108756 | E72: 6659977025 | F72: 298818 | G72: 13815.583 | H72: 84.44 | I72: 284661 | J72: 5.1895368 | K72: 317775 | L72: =(K72/$K$75)*100 -> 84.822108 | M72: =100-(L72-100) -> 115.17789 | P72: 2006 | Q72: =J72^$O$65 -> 0.75583698 | R72: =I72/Q72 -> 376616.92 | S72: =(R72/$R$75)*100 -> 85.27123 | V72: =K72/R72 -> 0.84376187 | W72: =V72^$O$66 -> 2.7164431 | X72: =(W72/$W$75)*100 -> 103.15517 | Y72: 5.1895368 | Z72: =X72*0.0324+1.9155 -> 5.2577274
A73: 2007 | B73: 79.869598 | C73: 41255 | D73: 125362 | E73: 6744489399 | F73: 301696 | G73: 14474.227 | H73: 86.607 | I73: 323545 | J73: 6.8972477 | K73: 364800 | L73: =(K73/$K$75)*100 -> 97.374258 | M73: =100-(L73-100) -> 102.62574 | P73: 2007 | Q73: =J73^$O$65 -> 0.72015356 | R73: =I73/Q73 -> 449272.24 | S73: =(R73/$R$75)*100 -> 101.72139 | V73: =K73/R73 -> 0.81197984 | W73: =V73^$O$66 -> 3.4047622 | X73: =(W73/$W$75)*100 -> 129.29364 | Y73: 6.8972477 | Z73: =X73*0.0324+1.9155 -> 6.1046139
A74: 2008 | B74: 84.344528 | C74: 42504 | D74: 136049 | E74: 6830513541 | F74: 304543 | G74: 14769.862 | H74: 89.17 | I74: 305006 | J74: 6.3273383 | K74: 347510 | L74: =(K74/$K$75)*100 -> 92.759124 | M74: =100-(L74-100) -> 107.24088 | P74: 2008 | Q74: =J74^$O$65 -> 0.7307897 | R74: =I74/Q74 -> 417364.94 | S74: =(R74/$R$75)*100 -> 94.497139 | V74: =K74/R74 -> 0.83262864 | W74: =V74^$O$66 -> 2.9371983 | X74: =(W74/$W$75)*100 -> 111.5382 | Y74: 6.3273383 | Z74: =X74*0.0324+1.9155 -> 5.5293378
A75: 2009 | B75: 82.045845 | C75: 43380 | D75: 131485 | E75: 6916589116 | F75: 307240 | G75: 14478.067 | H75: 88.921 | I75: 331257 | J75: 5.4311966 | K75: 374637 | L75: =(K75/$K$75)*100 -> 100 | M75: =100-(L75-100) -> 100 | P75: 2009 | Q75: =J75^$O$65 -> 0.75001122 | R75: =I75/Q75 -> 441669.39 | S75: =(R75/$R$75)*100 -> 100 | T75: 100.85527 | V75: =K75/R75 -> 0.84822948 | W75: =V75^$O$66 -> 2.6333563 | X75: =(W75/$W$75)*100 -> 100 | Y75: 5.4311966 | Z75: =X75*0.0324+1.9155 -> 5.1555
A76: 2010 | B76: 78.3582 | C76: 28644 | D76: 114858 | E76: 7001266876 | F76: 309839 | G76: 15048.971 | H76: 90.514 | I76: 331057 | J76: 7.8673212 | K76: 359701 | L76: =(K76/$K$75)*100 -> 96.013207 | M76: =100-(L76-100) -> 103.98679 | P76: 2010 | Q76: =J76^$O$65 -> 0.70422174 | R76: =I76/Q76 -> 470103.35 | S76: =(R76/$R$75)*100 -> 106.43784 | T76: 104.36824 | V76: =K76/R76 -> 0.76515303 | W76: =V76^$O$66 -> 4.8287367 | X76: =(W76/$W$75)*100 -> 183.36815 | Y76: 7.8673212 | Z76: =X76*0.0324+1.9155 -> 7.8566281
A77: 2011 | B77: 83.05545 | C77: 25122 | D77: 122848 | E77: 7087120034 | F77: 312295 | G77: 15599.732 | H77: 92.804 | I77: 317057 | J77: 9.1153918 | K77: 342179 | L77: =(K77/$K$75)*100 -> 91.336147 | M77: =100-(L77-100) -> 108.66385 | P77: 2011 | Q77: =J77^$O$65 -> 0.6868125 | R77: =I77/Q77 -> 461635.45 | S77: =(R77/$R$75)*100 -> 104.52059 | T77: 97.927618 | V77: =K77/R77 -> 0.74123207 | W77: =V77^$O$66 -> 5.8207011 | X77: =(W77/$W$75)*100 -> 221.03736 | Y77: 9.1153918 | Z77: =X77*0.0324+1.9155 -> 9.0771103
A78: 2012 | B78: 83.028945 | C78: 20859 | D78: 145530 | E78: 7176929184 | F78: 314725 | G78: 16253.97 | H78: 94.534 | I78: 281518 | J78: 9.8552169 | K78: 302377 | L78: =(K78/$K$75)*100 -> 80.711996 | M78: =100-(L78-100) -> 119.288 | P78: 2012 | Q78: =J78^$O$65 -> 0.67776127 | R78: =I78/Q78 -> 415364.54 | S78: =(R78/$R$75)*100 -> 94.044222 | T78: 72.56313 | V78: =K78/R78 -> 0.72797981 | W78: =V78^$O$66 -> 6.4723612 | X78: =(W78/$W$75)*100 -> 245.78372 | Y78: 9.8552169 | Z78: =X78*0.0324+1.9155 -> 9.8788926
A79: 2013 | B79: 86.381657 | C79: 31292 | D79: 216040 | E79: 7265892332 | F79: 317099 | G79: 16880.683 | H79: 95.781 | I79: 341792 | J79: 6.2861417 | K79: 373084 | L79: =(K79/$K$75)*100 -> 99.585465 | M79: =100-(L79-100) -> 100.41453 | P79: 2013 | Q79: =J79^$O$65 -> 0.73160168 | R79: =I79/Q79 -> 467183.18 | S79: =(R79/$R$75)*100 -> 105.77667 | T79: 89.785653 | V79: =K79/R79 -> 0.79858183 | W79: =V79^$O$66 -> 3.7548417 | X79: =(W79/$W$75)*100 -> 142.58768 | Y79: 6.2861417 | Z79: =X79*0.0324+1.9155 -> 6.5353409
A80: 2014 | B80: 99.928975 | C80: 43974 | D80: 279937 | E80: 7354068030 | F80: 319601 | G80: 17608.138 | H80: 97.121 | I80: 349258 | J80: 5.10022 | K80: 393232 | L80: =(K80/$K$75)*100 -> 104.96347 | M80: =100-(L80-100) -> 95.036529 | P80: 2014 | Q80: =J80^$O$65 -> 0.758071 | R80: =I80/Q80 -> 460719.38 | S80: =(R80/$R$75)*100 -> 104.31318 | T80: 87.842946 | V80: =K80/R80 -> 0.85351739 | W80: =V80^$O$66 -> 2.5388269 | X80: =(W80/$W$75)*100 -> 96.410307 | Y80: 5.10022 | Z80: =X80*0.0324+1.9155 -> 5.039194
A81: 2015 | B81: 103.52059 | C81: 44123 | D81: 313363 | E81: 7441677465 | F81: 322113 | G81: 18295.019 | H81: 97.299 | I81: 347073 | J81: 4.8848056 | K81: 391196 | L81: =(K81/$K$75)*100 -> 104.42001 | M81: =100-(L81-100) -> 95.579988 | P81: 2015 | Q81: =J81^$O$65 -> 0.76365282 | R81: =I81/Q81 -> 454490.56 | S81: =(R81/$R$75)*100 -> 102.90289 | T81: 81.84277 | V81: =K81/R81 -> 0.86073515 | W81: =V81^$O$66 -> 2.4161304 | X81: =(W81/$W$75)*100 -> 91.750987 | Y81: 4.8848056 | Z81: =X81*0.0324+1.9155 -> 4.888232
A82: 2016 | B82: 100.41136 | C82: 58253 | D82: 350824 | E82: 7528879985 | F82: 324609 | G82: 18804.913 | H82: 98.284 | I82: 372098 | J82: 4.5318407 | K82: 430351 | L82: =(K82/$K$75)*100 -> 114.87146 | M82: =100-(L82-100) -> 85.128538 | P82: 2016 | Q82: =J82^$O$65 -> 0.7734519 | R82: =I82/Q82 -> 481087.45 | S82: =(R82/$R$75)*100 -> 108.92479 | T82: 88.936169 | V82: =K82/R82 -> 0.894538 | W82: =V82^$O$66 -> 1.9262515 | X82: =(W82/$W$75)*100 -> 73.148152 | Y82: 4.5318407 | Z82: =X82*0.0324+1.9155 -> 4.2855001
A83: 2017 | B83: 102.30157 | C83: 54367 | D83: 342235 | E83: 7614523410 | F83: 326860 | G83: 19612.103 | H83: 100 | I83: 375897 | J83: 4.4931483 | K83: 430264 | L83: =(K83/$K$75)*100 -> 114.84824 | M83: =100-(L83-100) -> 85.15176 | P83: 2017 | Q83: =J83^$O$65 -> 0.77458016 | R83: =I83/Q83 -> 485291.28 | S83: =(R83/$R$75)*100 -> 109.87659 | T83: 92.283147 | V83: =K83/R83 -> 0.88660979 | W83: =V83^$O$66 -> 2.0298117 | X83: =(W83/$W$75)*100 -> 77.080785 | Y83: 4.4931483 | Z83: =X83*0.0324+1.9155 -> 4.4129174
A84: 2018 | B84: 108.06282 | C84: 56823 | D84: 326775 | E84: 7697233736 | F84: 328794 | G84: 20656.516 | H84: 102.047 | I84: 362041 | J84: 4.7614 | K84: 418864 | L84: =(K84/$K$75)*100 -> 111.80529 | M84: =100-(L84-100) -> 88.194706 | P84: 2018 | Q84: =J84^$O$65 -> 0.76698188 | R84: =I84/Q84 -> 472033.31 | S84: =(R84/$R$75)*100 -> 106.87481 | T84: 90.264036 | V84: =K84/R84 -> 0.8873611 | W84: =V84^$O$66 -> 2.0197232 | X84: =(W84/$W$75)*100 -> 76.697679 | Y84: 4.7614 | Z84: =X84*0.0324+1.9155 -> 4.4005048
A85: 2019 | B85: 112.25717 | C85: 50913 | D85: 314542 | E85: 7778008621 | F85: 330513 | G85: 21539.982 | H85: 103.509 | I85: 351625 | J85: 4.6081405 | K85: 402538 | L85: =(K85/$K$75)*100 -> 107.44748 | M85: =100-(L85-100) -> 92.552524 | P85: 2019 | Q85: =J85^$O$65 -> 0.77125968 | R85: =I85/Q85 -> 455910 | S85: =(R85/$R$75)*100 -> 103.22427 | T85: 87.550077 | V85: =K85/R85 -> 0.88293304 | W85: =V85^$O$66 -> 2.0800413 | X85: =(W85/$W$75)*100 -> 78.98822 | Y85: 4.6081405 | Z85: =X85*0.0324+1.9155 -> 4.4747183
A86: 2020 | B86: 110.50794 | C86: 31358 | D86: 297358 | E86: 7854748424 | F86: 331840 | G86: 21375.282 | H86: 104.666 | I86: 377990 | J86: 5.67609 | K86: 409348 | L86: =(K86/$K$75)*100 -> 109.26524 | M86: =100-(L86-100) -> 90.734765 | P86: 2020 | Q86: =J86^$O$65 -> 0.74440901 | R86: =I86/Q86 -> 507771.93 | S86: =(R86/$R$75)*100 -> 114.96652 | T86: 107.31693 | V86: =K86/R86 -> 0.80616509 | W86: =V86^$O$66 -> 3.5517889 | X86: =(W86/$W$75)*100 -> 134.87688 | Y86: 5.67609 | Z86: =X86*0.0324+1.9155 -> 6.285511
... A90: 2024 | B90: 115.30512 | C90: 38905 | D90: 293369 | E90: 8141808945 | F90: 340212 | G90: 29298.013 | H90: 123.666 | I90: 384705 | J90: 4.322799 | K90: 423610 | L90: =(K90/$K$75)*100 -> 113.07212 | M90: =100-(L90-100) -> 86.92788 | P90: 2024 | Q90: =J90^$O$65 -> 0.77968637 | R90: =I90/Q90 -> 493409.93 | S90: =(R90/$R$75)*100 -> 111.71477 | T90: 94.660708 | V90: =K90/R90 -> 0.85853561 | W90: =V90^$O$66 -> 2.4527708 | X90: =(W90/$W$75)*100 -> 93.142383 | Y90: 4.322799 | Z90: =X90*0.0324+1.9155 -> 4.9333132
A91: 2025 | B91: 117.66338 | C91: 51534 | D91: 279151 | E91: =AVERAGE((E90-E89),(E89-E88),(E88-E87),(E87-E86))+E90 -> 8.2135741e+09 | F91: =AVERAGE((F90-F89),(F89-F88),(F88-F87),(F87-F86))+F90 -> 342305 | G91: =AVERAGE((G90-G89),(G89-G88),(G88-G87),(G87-G86))+G90 -> 31278.696 | H91: =AVERAGE((H90-H89),(H89-H88),(H88-H87),(H87-H86))+H90 -> 128.416 | I91: 413531 | J91: 4 | K91: 465065 | L91: =(K91/$K$75)*100 -> 124.1375 | M91: =100-(L91-100) -> 75.862502 | P91: 2025 | Q91: =J91^$O$65 -> 0.79004131 | R91: =I91/Q91 -> 523429.59 | S91: =(R91/$R$75)*100 -> 118.51163 | T91: 112.57873 | V91: =K91/R91 -> 0.88849581 | W91: =V91^$O$66 -> 2.0045973 | X91: =(W91/$W$75)*100 -> 76.123284 | Y91: 4 | Z91: =X91*0.0324+1.9155 -> 4.3818944
I92: 413531 | K92: 465065
R93: =AVERAGE(R66:R91) -> 434781.92 | S93: =AVERAGE(S66:S91) -> 98.440583
S94: =STDEV(S66:S91) -> 15.630741
Q95: * convert prices into a quantity-equalivent reponses | R95: * clean demand-shift index
I98: Total Usage | J98: Real MYA Price | K98: Supply | M98: A | P98: Supply/Demand Strenght
H99: 2009 | I99: 331257 | J99: 5.4311966 | K99: 374637 | M99: =I99/(J99^$O$65) -> 441669.39 | N99: =(M99/$M$99)*100 -> 100 | P99: =(K99/M99)^$O$66 -> 2.6333563 | Q99: =(P99/$P$99)*100 -> 100
H100: 2010 | I100: 331057 | J100: 7.8673212 | K100: 359701 | M100: =I100/(J100^$O$65) -> 470103.35 | N100: =(M100/$M$99)*100 -> 106.43784 | P100: =(K100/M100)^$O$66 -> 4.8287367 | Q100: =(P100/$P$99)*100 -> 183.36815
H101: 2011 | I101: 317057 | J101: 9.1153918 | K101: 342179 | M101: =I101/(J101^$O$65) -> 461635.45 | N101: =(M101/$M$99)*100 -> 104.52059 | P101: =(K101/M101)^$O$66 -> 5.8207011 | Q101: =(P101/$P$99)*100 -> 221.03736
H102: 2012 | I102: 281518 | J102: 9.8552169 | K102: 302377 | M102: =I102/(J102^$O$65) -> 415364.54 | N102: =(M102/$M$99)*100 -> 94.044222 | P102: =(K102/M102)^$O$66 -> 6.4723612 | Q102: =(P102/$P$99)*100 -> 245.78372
H103: 2013 | I103: 341792 | J103: 6.2861417 | K103: 373084 | M103: =I103/(J103^$O$65) -> 467183.18 | N103: =(M103/$M$99)*100 -> 105.77667 | P103: =(K103/M103)^$O$66 -> 3.7548417 | Q103: =(P103/$P$99)*100 -> 142.58768
H104: 2014 | I104: 349258 | J104: 5.10022 | K104: 393232 | M104: =I104/(J104^$O$65) -> 460719.38 | N104: =(M104/$M$99)*100 -> 104.31318 | P104: =(K104/M104)^$O$66 -> 2.5388269 | Q104: =(P104/$P$99)*100 -> 96.410307
H105: 2015 | I105: 347073 | J105: 4.8848056 | K105: 391196 | M105: =I105/(J105^$O$65) -> 454490.56 | N105: =(M105/$M$99)*100 -> 102.90289 | P105: =(K105/M105)^$O$66 -> 2.4161304 | Q105: =(P105/$P$99)*100 -> 91.750987
H106: 2016 | I106: 372098 | J106: 4.5318407 | K106: 430351 | M106: =I106/(J106^$O$65) -> 481087.45 | N106: =(M106/$M$99)*100 -> 108.92479 | P106: =(K106/M106)^$O$66 -> 1.9262515 | Q106: =(P106/$P$99)*100 -> 73.148152
H107: 2017 | I107: 375897 | J107: 4.4931483 | K107: 430264 | M107: =I107/(J107^$O$65) -> 485291.28 | N107: =(M107/$M$99)*100 -> 109.87659 | P107: =(K107/M107)^$O$66 -> 2.0298117 | Q107: =(P107/$P$99)*100 -> 77.080785
H108: 2018 | I108: 362041 | J108: 4.7614 | K108: 418864 | M108: =I108/(J108^$O$65) -> 472033.31 | N108: =(M108/$M$99)*100 -> 106.87481 | P108: =(K108/M108)^$O$66 -> 2.0197232 | Q108: =(P108/$P$99)*100 -> 76.697679
H109: 2019 | I109: 351625 | J109: 4.6081405 | K109: 402538 | M109: =I109/(J109^$O$65) -> 455910 | N109: =(M109/$M$99)*100 -> 103.22427 | P109: =(K109/M109)^$O$66 -> 2.0800413 | Q109: =(P109/$P$99)*100 -> 78.98822
H110: 2020 | I110: 377990 | J110: 5.67609 | K110: 409348 | M110: =I110/(J110^$O$65) -> 507771.93 | N110: =(M110/$M$99)*100 -> 114.96652 | P110: =(K110/M110)^$O$66 -> 3.5517889 | Q110: =(P110/$P$99)*100 -> 134.87688
... H115: 2025 | I115: 413531 | J115: 4 | K115: 465065 | M115: =I115/(J115^$O$65) -> 523429.59 | N115: =(M115/$M$99)*100 -> 118.51163 | P115: =(K115/M115)^$O$66 -> 2.0045973 | Q115: =(P115/$P$99)*100 -> 76.123284
H116: 2020X | I116: =I115 -> 413531 | N116: =N114 -> 111.71477
A119: Demand trendline | B119: obs | C119: trend | D119: depart from trend | H119: Change from last year
AL120: Assumed usage
T121: -17.890884 | U121: -9.8241139 | V121: -5.6447846 | W121: -2.7555614 | X121: -1.2736648 | Y121: -1.2299332 | Z121: -1.176974 | AA121: -0.92341235 | AB121: -0.21156804 | AC121: 0.74608472 | AD121: 1.5829127 | AE121: 3.6218311 | AF121: 4.2110972 | AG121: 5.4028523 | AH121: 6.6052291 | AI121: 8.5633169 | AJ121: 10.145099 | AM121: -17.116884 | AN121: -11.121336 | AO121: -10.447244 | AP121: -7.8971419 | AQ121: -4.5716392 | AR121: -3.691073 | AS121: -2.086987 | AT121: -1.9956955 | AU121: -1.4802269 | AV121: 0.5413458 | AW121: 2.0197252 | AX121: 2.2641063 | AY121: 4.108475 | AZ121: 4.7103851 | BA121: 8.6299215 | BB121: 9.3641887 | BC121: 10.394361
T122: =$C$178*(1+(T121/100)) -> 362286.93 | U122: =$C$178*(1+(U121/100)) -> 397879.64 | V122: =$C$178*(1+(V121/100)) -> 416319.93 | W122: =$C$178*(1+(W121/100)) -> 429067.94 | X122: =$C$178*(1+(X121/100)) -> 435606.46 | Y122: =$C$178*(1+(Y121/100)) -> 435799.41 | Z122: =$C$178*(1+(Z121/100)) -> 436033.08 | AA122: =$C$178*(1+(AA121/100)) -> 437151.86 | ... AJ122: =$C$178*(1+(AJ121/100)) -> 485989.03 | AM122: =$C$184*(1+(T121/100)) -> 366286.14 | AN122: =$C$184*(1+(U121/100)) -> 402271.74 | AO122: =$C$184*(1+(V121/100)) -> 420915.6 | AP122: =$C$184*(1+(W121/100)) -> 433804.33 | AQ122: =$C$184*(1+(X121/100)) -> 440415.02 | AR122: =$C$184*(1+(Y121/100)) -> 440610.11 | AS122: =$C$184*(1+(Z121/100)) -> 440846.36 | AT122: =$C$184*(1+(AA121/100)) -> 441977.49 | ... BC122: =$C$184*(1+(AJ121/100)) -> 491353.76
L123: Usage | M123: Supply | N123: Demand Index | O123: Est Price | Q123: -8.9737782 | R123: =$C$145+Q123 -> 106.76472 | S123: =(((($M$124/((R123/100)*$R$75))^$O$66)/($W$75/100))*0.0324)+1.9155 -> 3.25024 | T123: =((((T$122/(($R123/100)*$R$75))^$O$66)/($W$75/100))*0.0323)+1.8946 -> 7.6763593 | U123: =((((U$122/(($R123/100)*$R$75))^$O$66)/($W$75/100))*0.0323)+1.8946 -> 5.2262078 | V123: =((((V$122/(($R123/100)*$R$75))^$O$66)/($W$75/100))*0.0323)+1.8946 -> 4.4468057 | W123: =((((W$122/(($R123/100)*$R$75))^$O$66)/($W$75/100))*0.0323)+1.8946 -> 4.0318904 | X123: =((((X$122/(($R123/100)*$R$75))^$O$66)/($W$75/100))*0.0323)+1.8946 -> 3.8499604 | Y123: =((((Y$122/(($R123/100)*$R$75))^$O$66)/($W$75/100))*0.0323)+1.8946 -> 3.8448732 | Z123: =((((Z$122/(($R123/100)*$R$75))^$O$66)/($W$75/100))*0.0323)+1.8946 -> 3.8387333 | AA123: =((((AA$122/(($R123/100)*$R$75))^$O$66)/($W$75/100))*0.0323)+1.8946 -> 3.8096478 | ... AJ123: =((((AJ$122/(($R123/100)*$R$75))^$O$66)/($W$75/100))*0.0323)+1.8946 -> 2.9217311 | AL123: =R123 -> 106.76472 | AM123: =(T123^$O$65)*(($AL123/100)*$R$75) -> 333463.79 | AN123: =(U123^$O$65)*(($AL123/100)*$R$75) -> 355986.35 | AO123: =(V123^$O$65)*(($AL123/100)*$R$75) -> 365895.35 | AP123: =(W123^$O$65)*(($AL123/100)*$R$75) -> 372039.11 | AQ123: =(X123^$O$65)*(($AL123/100)*$R$75) -> 374970.85 | AR123: =(Y123^$O$65)*(($AL123/100)*$R$75) -> 375055.15 | AS123: =(Z123^$O$65)*(($AL123/100)*$R$75) -> 375157.06 | AT123: =(AA123^$O$65)*(($AL123/100)*$R$75) -> 375642.44 | ... BC123: =(AJ123^$O$65)*(($AL123/100)*$R$75) -> 392976.19 | BE123: =((AM123/AM$122*100)/88.9428348*100) -> 102.35692 | BF123: =((AN123/AN$122*100)/88.9428348*100) -> 99.495365 | BG123: =((AO123/AO$122*100)/88.9428348*100) -> 97.735177 | BH123: =((AP123/AP$122*100)/88.9428348*100) -> 96.423689 | BI123: =((AQ123/AQ$122*100)/88.9428348*100) -> 95.724789 | BJ123: =((AR123/AR$122*100)/88.9428348*100) -> 95.703916 | BK123: =((AS123/AS$122*100)/88.9428348*100) -> 95.67862 | BL123: =((AT123/AT$122*100)/88.9428348*100) -> 95.557227 | ... BU123: =((BC123/BC$122*100)/88.9428348*100) -> 89.92097
L124: xxxx | M124: =K91 -> 465065 | N124: 118.51163 | Q124: -6.6432317 | R124: =$C$145+Q124 -> 109.09527 | S124: =(((($M$124/((R124/100)*$R$75))^$O$66)/($W$75/100))*0.0324)+1.9155 -> 3.4310219 | T124: =((((T$122/(($R124/100)*$R$75))^$O$66)/($W$75/100))*0.0323)+1.8946 -> 8.4594612 | U124: =((((U$122/(($R124/100)*$R$75))^$O$66)/($W$75/100))*0.0323)+1.8946 -> 5.6774525 | V124: =((((V$122/(($R124/100)*$R$75))^$O$66)/($W$75/100))*0.0323)+1.8946 -> 4.7924855 | W124: =((((W$122/(($R124/100)*$R$75))^$O$66)/($W$75/100))*0.0323)+1.8946 -> 4.3213726 | X124: =((((X$122/(($R124/100)*$R$75))^$O$66)/($W$75/100))*0.0323)+1.8946 -> 4.1148014 | Y124: =((((Y$122/(($R124/100)*$R$75))^$O$66)/($W$75/100))*0.0323)+1.8946 -> 4.1090251 | Z124: =((((Z$122/(($R124/100)*$R$75))^$O$66)/($W$75/100))*0.0323)+1.8946 -> 4.1020536 | AA124: =((((AA$122/(($R124/100)*$R$75))^$O$66)/($W$75/100))*0.0323)+1.8946 -> 4.0690286 | ... AJ124: =((((AJ$122/(($R124/100)*$R$75))^$O$66)/($W$75/100))*0.0323)+1.8946 -> 3.0608493 | AL124: =R124 -> 109.09527 | AM124: =(T124^$O$65)*(($AL124/100)*$R$75) -> 335162.14 | AN124: =(U124^$O$65)*(($AL124/100)*$R$75) -> 358671.71 | AO124: =(V124^$O$65)*(($AL124/100)*$R$75) -> 369154.26 | AP124: =(W124^$O$65)*(($AL124/100)*$R$75) -> 375705.48 | AQ124: =(X124^$O$65)*(($AL124/100)*$R$75) -> 378847.05 | AR124: =(Y124^$O$65)*(($AL124/100)*$R$75) -> 378937.53 | AS124: =(Z124^$O$65)*(($AL124/100)*$R$75) -> 379046.94 | AT124: =(AA124^$O$65)*(($AL124/100)*$R$75) -> 379568.17 | ... BC124: =(AJ124^$O$65)*(($AL124/100)*$R$75) -> 398391.52 | BE124: =((AM124/AM$122*100)/88.9428348*100) -> 102.87824 | BF124: =((AN124/AN$122*100)/88.9428348*100) -> 100.2459 | BG124: =((AO124/AO$122*100)/88.9428348*100) -> 98.605672 | BH124: =((AP124/AP$122*100)/88.9428348*100) -> 97.373925 | BI124: =((AQ124/AQ$122*100)/88.9428348*100) -> 96.714328 | BJ124: =((AR124/AR$122*100)/88.9428348*100) -> 96.694595 | BK124: =((AS124/AS$122*100)/88.9428348*100) -> 96.670679 | BL124: =((AT124/AT$122*100)/88.9428348*100) -> 96.555869 | ... BU124: =((BC124/BC$122*100)/88.9428348*100) -> 91.160108
Q125: -3.0506116 | R125: =$C$145+Q125 -> 112.68789 | S125: =(((($M$124/((R125/100)*$R$75))^$O$66)/($W$75/100))*0.0324)+1.9155 -> 3.7492272 | T125: =((((T$122/(($R125/100)*$R$75))^$O$66)/($W$75/100))*0.0323)+1.8946 -> 9.8378467 | U125: =((((U$122/(($R125/100)*$R$75))^$O$66)/($W$75/100))*0.0323)+1.8946 -> 6.471716 | V125: =((((V$122/(($R125/100)*$R$75))^$O$66)/($W$75/100))*0.0323)+1.8946 -> 5.4009376 | W125: =((((W$122/(($R125/100)*$R$75))^$O$66)/($W$75/100))*0.0323)+1.8946 -> 4.8309079 | X125: =((((X$122/(($R125/100)*$R$75))^$O$66)/($W$75/100))*0.0323)+1.8946 -> 4.5809641 | Y125: =((((Y$122/(($R125/100)*$R$75))^$O$66)/($W$75/100))*0.0323)+1.8946 -> 4.573975 | Z125: =((((Z$122/(($R125/100)*$R$75))^$O$66)/($W$75/100))*0.0323)+1.8946 -> 4.5655398 | AA125: =((((AA$122/(($R125/100)*$R$75))^$O$66)/($W$75/100))*0.0323)+1.8946 -> 4.5255807 | ... AJ125: =((((AJ$122/(($R125/100)*$R$75))^$O$66)/($W$75/100))*0.0323)+1.8946 -> 3.3057199 | AL125: =R125 -> 112.68789 | AM125: =(T125^$O$65)*(($AL125/100)*$R$75) -> 337428.32 | AN125: =(U125^$O$65)*(($AL125/100)*$R$75) -> 362327.45 | AO125: =(V125^$O$65)*(($AL125/100)*$R$75) -> 373641.23 | AP125: =(W125^$O$65)*(($AL125/100)*$R$75) -> 380793.61 | AQ125: =(X125^$O$65)*(($AL125/100)*$R$75) -> 384248.23 | AR125: =(Y125^$O$65)*(($AL125/100)*$R$75) -> 384347.98 | AS125: =(Z125^$O$65)*(($AL125/100)*$R$75) -> 384468.61 | AT125: =(AA125^$O$65)*(($AL125/100)*$R$75) -> 385043.6 | ... BC125: =(AJ125^$O$65)*(($AL125/100)*$R$75) -> 406162.02 | BE125: =((AM125/AM$122*100)/88.9428348*100) -> 103.57384 | BF125: =((AN125/AN$122*100)/88.9428348*100) -> 101.26765 | BG125: =((AO125/AO$122*100)/88.9428348*100) -> 99.804196 | BH125: =((AP125/AP$122*100)/88.9428348*100) -> 98.692649 | BI125: =((AQ125/AQ$122*100)/88.9428348*100) -> 98.093173 | BJ125: =((AR125/AR$122*100)/88.9428348*100) -> 98.075194 | BK125: =((AS125/AS$122*100)/88.9428348*100) -> 98.0534 | BL125: =((AT125/AT$122*100)/88.9428348*100) -> 97.948727 | ... BU125: =((BC125/BC$122*100)/88.9428348*100) -> 92.938158
M126: A | N126: =(N124/100)*R75 -> 523429.59 | Q126: -3.0452327 | R126: =$C$145+Q126 -> 112.69327 | S126: =(((($M$124/((R126/100)*$R$75))^$O$66)/($W$75/100))*0.0324)+1.9155 -> 3.7497421 | T126: =((((T$122/(($R126/100)*$R$75))^$O$66)/($W$75/100))*0.0323)+1.8946 -> 9.8400773 | U126: =((((U$122/(($R126/100)*$R$75))^$O$66)/($W$75/100))*0.0323)+1.8946 -> 6.4730013 | V126: =((((V$122/(($R126/100)*$R$75))^$O$66)/($W$75/100))*0.0323)+1.8946 -> 5.4019222 | W126: =((((W$122/(($R126/100)*$R$75))^$O$66)/($W$75/100))*0.0323)+1.8946 -> 4.8317324 | X126: =((((X$122/(($R126/100)*$R$75))^$O$66)/($W$75/100))*0.0323)+1.8946 -> 4.5817184 | Y126: =((((Y$122/(($R126/100)*$R$75))^$O$66)/($W$75/100))*0.0323)+1.8946 -> 4.5747274 | Z126: =((((Z$122/(($R126/100)*$R$75))^$O$66)/($W$75/100))*0.0323)+1.8946 -> 4.5662898 | AA126: =((((AA$122/(($R126/100)*$R$75))^$O$66)/($W$75/100))*0.0323)+1.8946 -> 4.5263195 | ... AJ126: =((((AJ$122/(($R126/100)*$R$75))^$O$66)/($W$75/100))*0.0323)+1.8946 -> 3.3061162 | AL126: =R126 -> 112.69327 | AM126: =(T126^$O$65)*(($AL126/100)*$R$75) -> 337431.43 | AN126: =(U126^$O$65)*(($AL126/100)*$R$75) -> 362332.51 | AO126: =(V126^$O$65)*(($AL126/100)*$R$75) -> 373647.48 | AP126: =(W126^$O$65)*(($AL126/100)*$R$75) -> 380800.74 | AQ126: =(X126^$O$65)*(($AL126/100)*$R$75) -> 384255.81 | AR126: =(Y126^$O$65)*(($AL126/100)*$R$75) -> 384355.58 | AS126: =(Z126^$O$65)*(($AL126/100)*$R$75) -> 384476.22 | AT126: =(AA126^$O$65)*(($AL126/100)*$R$75) -> 385051.29 | ... BC126: =(AJ126^$O$65)*(($AL126/100)*$R$75) -> 406173.13 | BE126: =((AM126/AM$122*100)/88.9428348*100) -> 103.57479 | BF126: =((AN126/AN$122*100)/88.9428348*100) -> 101.26907 | BG126: =((AO126/AO$122*100)/88.9428348*100) -> 99.805867 | BH126: =((AP126/AP$122*100)/88.9428348*100) -> 98.694497 | BI126: =((AQ126/AQ$122*100)/88.9428348*100) -> 98.095109 | BJ126: =((AR126/AR$122*100)/88.9428348*100) -> 98.077133 | BK126: =((AS126/AS$122*100)/88.9428348*100) -> 98.055342 | BL126: =((AT126/AT$122*100)/88.9428348*100) -> 97.950684 | ... BU126: =((BC126/BC$122*100)/88.9428348*100) -> 92.940701
M127: Supp/dem | N127: =(M124/N126)^O66 -> 2.0045973 | Q127: -2.5428513 | R127: =$C$145+Q127 -> 113.19565 | S127: =(((($M$124/((R127/100)*$R$75))^$O$66)/($W$75/100))*0.0324)+1.9155 -> 3.7983684 | T127: =((((T$122/(($R127/100)*$R$75))^$O$66)/($W$75/100))*0.0323)+1.8946 -> 10.050714 | U127: =((((U$122/(($R127/100)*$R$75))^$O$66)/($W$75/100))*0.0323)+1.8946 -> 6.594376 | V127: =((((V$122/(($R127/100)*$R$75))^$O$66)/($W$75/100))*0.0323)+1.8946 -> 5.4949023 | W127: =((((W$122/(($R127/100)*$R$75))^$O$66)/($W$75/100))*0.0323)+1.8946 -> 4.9095967 | X127: =((((X$122/(($R127/100)*$R$75))^$O$66)/($W$75/100))*0.0323)+1.8946 -> 4.6529547 | Y127: =((((Y$122/(($R127/100)*$R$75))^$O$66)/($W$75/100))*0.0323)+1.8946 -> 4.6457784 | Z127: =((((Z$122/(($R127/100)*$R$75))^$O$66)/($W$75/100))*0.0323)+1.8946 -> 4.6371171 | AA127: =((((AA$122/(($R127/100)*$R$75))^$O$66)/($W$75/100))*0.0323)+1.8946 -> 4.5960872 | ... AJ127: =((((AJ$122/(($R127/100)*$R$75))^$O$66)/($W$75/100))*0.0323)+1.8946 -> 3.3435359 | AL127: =R127 -> 113.19565 | AM127: =(T127^$O$65)*(($AL127/100)*$R$75) -> 337717.49 | AN127: =(U127^$O$65)*(($AL127/100)*$R$75) -> 362800.19 | AO127: =(V127^$O$65)*(($AL127/100)*$R$75) -> 374225.9 | AP127: =(W127^$O$65)*(($AL127/100)*$R$75) -> 381460.21 | AQ127: =(X127^$O$65)*(($AL127/100)*$R$75) -> 384957.81 | AR127: =(Y127^$O$65)*(($AL127/100)*$R$75) -> 385058.83 | AS127: =(Z127^$O$65)*(($AL127/100)*$R$75) -> 385181.01 | AT127: =(AA127^$O$65)*(($AL127/100)*$R$75) -> 385763.41 | ... BC127: =(AJ127^$O$65)*(($AL127/100)*$R$75) -> 407203.98 | BE127: =((AM127/AM$122*100)/88.9428348*100) -> 103.6626 | BF127: =((AN127/AN$122*100)/88.9428348*100) -> 101.39978 | BG127: =((AO127/AO$122*100)/88.9428348*100) -> 99.96037 | BH127: =((AP127/AP$122*100)/88.9428348*100) -> 98.865416 | BI127: =((AQ127/AQ$122*100)/88.9428348*100) -> 98.274319 | BJ127: =((AR127/AR$122*100)/88.9428348*100) -> 98.256586 | BK127: =((AS127/AS$122*100)/88.9428348*100) -> 98.235089 | BL127: =((AT127/AT$122*100)/88.9428348*100) -> 98.131834 | ... BU127: =((BC127/BC$122*100)/88.9428348*100) -> 93.17658
M128: Index | N128: =N127/(W75/100) -> 76.123284 | O128: =((N128*0.0323)+1.8946) -> 4.3533821 | Q128: -2.0141923 | R128: =$C$145+Q128 -> 113.72431 | S128: =(((($M$124/((R128/100)*$R$75))^$O$66)/($W$75/100))*0.0324)+1.9155 -> 3.8506887 | T128: =((((T$122/(($R128/100)*$R$75))^$O$66)/($W$75/100))*0.0323)+1.8946 -> 10.277353 | U128: =((((U$122/(($R128/100)*$R$75))^$O$66)/($W$75/100))*0.0323)+1.8946 -> 6.7249712 | V128: =((((V$122/(($R128/100)*$R$75))^$O$66)/($W$75/100))*0.0323)+1.8946 -> 5.5949459 | W128: =((((W$122/(($R128/100)*$R$75))^$O$66)/($W$75/100))*0.0323)+1.8946 -> 4.993376 | X128: =((((X$122/(($R128/100)*$R$75))^$O$66)/($W$75/100))*0.0323)+1.8946 -> 4.7296026 | Y128: =((((Y$122/(($R128/100)*$R$75))^$O$66)/($W$75/100))*0.0323)+1.8946 -> 4.7222269 | Z128: =((((Z$122/(($R128/100)*$R$75))^$O$66)/($W$75/100))*0.0323)+1.8946 -> 4.7133249 | AA128: =((((AA$122/(($R128/100)*$R$75))^$O$66)/($W$75/100))*0.0323)+1.8946 -> 4.6711549 | ... AJ128: =((((AJ$122/(($R128/100)*$R$75))^$O$66)/($W$75/100))*0.0323)+1.8946 -> 3.3837982 | AL128: =R128 -> 113.72431 | AM128: =(T128^$O$65)*(($AL128/100)*$R$75) -> 338010.97 | AN128: =(U128^$O$65)*(($AL128/100)*$R$75) -> 363281.46 | AO128: =(V128^$O$65)*(($AL128/100)*$R$75) -> 374822.2 | AP128: =(W128^$O$65)*(($AL128/100)*$R$75) -> 382140.95 | AQ128: =(X128^$O$65)*(($AL128/100)*$R$75) -> 385682.93 | AR128: =(Y128^$O$65)*(($AL128/100)*$R$75) -> 385785.27 | AS128: =(Z128^$O$65)*(($AL128/100)*$R$75) -> 385909.04 | AT128: =(AA128^$O$65)*(($AL128/100)*$R$75) -> 386499.09 | ... BC128: =(AJ128^$O$65)*(($AL128/100)*$R$75) -> 408274.12 | BE128: =((AM128/AM$122*100)/88.9428348*100) -> 103.75268 | BF128: =((AN128/AN$122*100)/88.9428348*100) -> 101.53429 | BG128: =((AO128/AO$122*100)/88.9428348*100) -> 100.11965 | BH128: =((AP128/AP$122*100)/88.9428348*100) -> 99.041847 | BI128: =((AQ128/AQ$122*100)/88.9428348*100) -> 98.459431 | BJ128: =((AR128/AR$122*100)/88.9428348*100) -> 98.441952 | BK128: =((AS128/AS$122*100)/88.9428348*100) -> 98.420763 | BL128: =((AT128/AT$122*100)/88.9428348*100) -> 98.31898 | ... BU128: =((BC128/BC$122*100)/88.9428348*100) -> 93.421448
A129: 2009 | B129: =S75 -> 100 | C129: ='Charts ST Demand & Market Tigh'!C65 -> 100.0825 | D129: =B129-C129 -> -0.0825 | E129: =D129*3+100 -> 99.7525 | F129: 100 | I129: -8.9737782 | Q129: -1.6351181 | R129: =$C$145+Q129 -> 114.10338 | S129: =(((($M$124/((R129/100)*$R$75))^$O$66)/($W$75/100))*0.0324)+1.9155 -> 3.888943 | T129: =((((T$122/(($R129/100)*$R$75))^$O$66)/($W$75/100))*0.0323)+1.8946 -> 10.443061 | U129: =((((U$122/(($R129/100)*$R$75))^$O$66)/($W$75/100))*0.0323)+1.8946 -> 6.8204567 | V129: =((((V$122/(($R129/100)*$R$75))^$O$66)/($W$75/100))*0.0323)+1.8946 -> 5.6680933 | W129: =((((W$122/(($R129/100)*$R$75))^$O$66)/($W$75/100))*0.0323)+1.8946 -> 5.0546318 | X129: =((((X$122/(($R129/100)*$R$75))^$O$66)/($W$75/100))*0.0323)+1.8946 -> 4.7856442 | Y129: =((((Y$122/(($R129/100)*$R$75))^$O$66)/($W$75/100))*0.0323)+1.8946 -> 4.7781226 | Z129: =((((Z$122/(($R129/100)*$R$75))^$O$66)/($W$75/100))*0.0323)+1.8946 -> 4.7690446 | AA129: =((((AA$122/(($R129/100)*$R$75))^$O$66)/($W$75/100))*0.0323)+1.8946 -> 4.7260411 | ... AJ129: =((((AJ$122/(($R129/100)*$R$75))^$O$66)/($W$75/100))*0.0323)+1.8946 -> 3.4132363 | AL129: =R129 -> 114.10338 | AM129: =(T129^$O$65)*(($AL129/100)*$R$75) -> 338216.74 | AN129: =(U129^$O$65)*(($AL129/100)*$R$75) -> 363619.81 | AO129: =(V129^$O$65)*(($AL129/100)*$R$75) -> 375242.08 | AP129: =(W129^$O$65)*(($AL129/100)*$R$75) -> 382620.82 | AQ129: =(X129^$O$65)*(($AL129/100)*$R$75) -> 386194.38 | AR129: =(Y129^$O$65)*(($AL129/100)*$R$75) -> 386297.66 | AS129: =(Z129^$O$65)*(($AL129/100)*$R$75) -> 386422.57 | AT129: =(AA129^$O$65)*(($AL129/100)*$R$75) -> 387018.07 | ... BC129: =(AJ129^$O$65)*(($AL129/100)*$R$75) -> 409032.24 | BE129: =((AM129/AM$122*100)/88.9428348*100) -> 103.81585 | BF129: =((AN129/AN$122*100)/88.9428348*100) -> 101.62886 | BG129: =((AO129/AO$122*100)/88.9428348*100) -> 100.2318 | BH129: =((AP129/AP$122*100)/88.9428348*100) -> 99.166218 | BI129: =((AQ129/AQ$122*100)/88.9428348*100) -> 98.589998 | BJ129: =((AR129/AR$122*100)/88.9428348*100) -> 98.572701 | BK129: =((AS129/AS$122*100)/88.9428348*100) -> 98.551732 | BL129: =((AT129/AT$122*100)/88.9428348*100) -> 98.451 | ... BU129: =((BC129/BC$122*100)/88.9428348*100) -> 93.594922
A130: 2010 | B130: =S76 -> 106.43784 | C130: ='Charts ST Demand & Market Tigh'!C66 -> 101.061 | D130: =B130-C130 -> 5.3768374 | E130: =D130*3+100 -> 116.13051 | F130: 100 | I130: -6.6432317 | Q130: -0.66182254 | R130: =$C$145+Q130 -> 115.07668 | S130: =(((($M$124/((R130/100)*$R$75))^$O$66)/($W$75/100))*0.0324)+1.9155 -> 3.9900475 | T130: =((((T$122/(($R130/100)*$R$75))^$O$66)/($W$75/100))*0.0323)+1.8946 -> 10.88102 | U130: =((((U$122/(($R130/100)*$R$75))^$O$66)/($W$75/100))*0.0323)+1.8946 -> 7.072821 | V130: =((((V$122/(($R130/100)*$R$75))^$O$66)/($W$75/100))*0.0323)+1.8946 -> 5.8614191 | W130: =((((W$122/(($R130/100)*$R$75))^$O$66)/($W$75/100))*0.0323)+1.8946 -> 5.2165283 | X130: =((((X$122/(($R130/100)*$R$75))^$O$66)/($W$75/100))*0.0323)+1.8946 -> 4.9337598 | Y130: =((((Y$122/(($R130/100)*$R$75))^$O$66)/($W$75/100))*0.0323)+1.8946 -> 4.9258529 | Z130: =((((Z$122/(($R130/100)*$R$75))^$O$66)/($W$75/100))*0.0323)+1.8946 -> 4.9163098 | AA130: =((((AA$122/(($R130/100)*$R$75))^$O$66)/($W$75/100))*0.0323)+1.8946 -> 4.8711031 | ... AJ130: =((((AJ$122/(($R130/100)*$R$75))^$O$66)/($W$75/100))*0.0323)+1.8946 -> 3.49104 | AL130: =R130 -> 115.07668 | AM130: =(T130^$O$65)*(($AL130/100)*$R$75) -> 338727.75 | AN130: =(U130^$O$65)*(($AL130/100)*$R$75) -> 364463.35 | AO130: =(V130^$O$65)*(($AL130/100)*$R$75) -> 376291.27 | AP130: =(W130^$O$65)*(($AL130/100)*$R$75) -> 383821.9 | AQ130: =(X130^$O$65)*(($AL130/100)*$R$75) -> 387475.6 | AR130: =(Y130^$O$65)*(($AL130/100)*$R$75) -> 387581.26 | AS130: =(Z130^$O$65)*(($AL130/100)*$R$75) -> 387709.06 | AT130: =(AA130^$O$65)*(($AL130/100)*$R$75) -> 388318.4 | ... BC130: =(AJ130^$O$65)*(($AL130/100)*$R$75) -> 410943.67 | BE130: =((AM130/AM$122*100)/88.9428348*100) -> 103.9727 | BF130: =((AN130/AN$122*100)/88.9428348*100) -> 101.86462 | BG130: =((AO130/AO$122*100)/88.9428348*100) -> 100.51206 | BH130: =((AP130/AP$122*100)/88.9428348*100) -> 99.477509 | BI130: =((AQ130/AQ$122*100)/88.9428348*100) -> 98.917075 | BJ130: =((AR130/AR$122*100)/88.9428348*100) -> 98.900241 | BK130: =((AS130/AS$122*100)/88.9428348*100) -> 98.879833 | BL130: =((AT130/AT$122*100)/88.9428348*100) -> 98.781782 | ... BU130: =((BC130/BC$122*100)/88.9428348*100) -> 94.032297
A131: 2011 | B131: =S77 -> 104.52059 | C131: ='Charts ST Demand & Market Tigh'!C67 -> 102.0395 | D131: =B131-C131 -> 2.4810896 | E131: =D131*3+100 -> 107.44327 | F131: 100 | I131: -3.0506116 | M131: trendline supp/dem | Q131: -0.0825 | R131: =$C$145+Q131 -> 115.656 | S131: =(((($M$124/((R131/100)*$R$75))^$O$66)/($W$75/100))*0.0324)+1.9155 -> 4.0522413 | T131: =((((T$122/(($R131/100)*$R$75))^$O$66)/($W$75/100))*0.0323)+1.8946 -> 11.150428 | U131: =((((U$122/(($R131/100)*$R$75))^$O$66)/($W$75/100))*0.0323)+1.8946 -> 7.2280611 | V131: =((((V$122/(($R131/100)*$R$75))^$O$66)/($W$75/100))*0.0323)+1.8946 -> 5.980342 | W131: =((((W$122/(($R131/100)*$R$75))^$O$66)/($W$75/100))*0.0323)+1.8946 -> 5.3161178 | X131: =((((X$122/(($R131/100)*$R$75))^$O$66)/($W$75/100))*0.0323)+1.8946 -> 5.0248721 | Y131: =((((Y$122/(($R131/100)*$R$75))^$O$66)/($W$75/100))*0.0323)+1.8946 -> 5.0167282 | Z131: =((((Z$122/(($R131/100)*$R$75))^$O$66)/($W$75/100))*0.0323)+1.8946 -> 5.006899 | AA131: =((((AA$122/(($R131/100)*$R$75))^$O$66)/($W$75/100))*0.0323)+1.8946 -> 4.9603369 | ... AJ131: =((((AJ$122/(($R131/100)*$R$75))^$O$66)/($W$75/100))*0.0323)+1.8946 -> 3.5389003 | AL131: =R131 -> 115.656 | AM131: =(T131^$O$65)*(($AL131/100)*$R$75) -> 339020.46 | AN131: =(U131^$O$65)*(($AL131/100)*$R$75) -> 364948.65 | AO131: =(V131^$O$65)*(($AL131/100)*$R$75) -> 376896.45 | AP131: =(W131^$O$65)*(($AL131/100)*$R$75) -> 384515.98 | AQ131: =(X131^$O$65)*(($AL131/100)*$R$75) -> 388216.71 | AR131: =(Y131^$O$65)*(($AL131/100)*$R$75) -> 388323.77 | AS131: =(Z131^$O$65)*(($AL131/100)*$R$75) -> 388453.26 | AT131: =(AA131^$O$65)*(($AL131/100)*$R$75) -> 389070.74 | ... BC131: =(AJ131^$O$65)*(($AL131/100)*$R$75) -> 412057.53 | BE131: =((AM131/AM$122*100)/88.9428348*100) -> 104.06255 | BF131: =((AN131/AN$122*100)/88.9428348*100) -> 102.00026 | BG131: =((AO131/AO$122*100)/88.9428348*100) -> 100.67371 | BH131: =((AP131/AP$122*100)/88.9428348*100) -> 99.657397 | BI131: =((AQ131/AQ$122*100)/88.9428348*100) -> 99.106269 | BJ131: =((AR131/AR$122*100)/88.9428348*100) -> 99.089709 | BK131: =((AS131/AS$122*100)/88.9428348*100) -> 99.069631 | BL131: =((AT131/AT$122*100)/88.9428348*100) -> 98.973164 | ... BU131: =((BC131/BC$122*100)/88.9428348*100) -> 94.28717
A132: 2012 | B132: =S78 -> 94.044222 | C132: ='Charts ST Demand & Market Tigh'!C68 -> 103.018 | D132: =B132-C132 -> -8.9737782 | E132: =D132*3+100 -> 73.078665 | F132: 100 | I132: -3.0452327 | M132: a | N132: =O128^O65 -> 0.77875249 | Q132: 1.780172 | R132: =$C$145+Q132 -> 117.51867 | S132: =(((($M$124/((R132/100)*$R$75))^$O$66)/($W$75/100))*0.0324)+1.9155 -> 4.262796 | T132: =((((T$122/(($R132/100)*$R$75))^$O$66)/($W$75/100))*0.0323)+1.8946 -> 12.062498 | U132: =((((U$122/(($R132/100)*$R$75))^$O$66)/($W$75/100))*0.0323)+1.8946 -> 7.753621 | V132: =((((V$122/(($R132/100)*$R$75))^$O$66)/($W$75/100))*0.0323)+1.8946 -> 6.3829516 | W132: =((((W$122/(($R132/100)*$R$75))^$O$66)/($W$75/100))*0.0323)+1.8946 -> 5.6532746 | X132: =((((X$122/(($R132/100)*$R$75))^$O$66)/($W$75/100))*0.0323)+1.8946 -> 5.3333295 | Y132: =((((Y$122/(($R132/100)*$R$75))^$O$66)/($W$75/100))*0.0323)+1.8946 -> 5.324383 | Z132: =((((Z$122/(($R132/100)*$R$75))^$O$66)/($W$75/100))*0.0323)+1.8946 -> 5.3135853 | AA132: =((((AA$122/(($R132/100)*$R$75))^$O$66)/($W$75/100))*0.0323)+1.8946 -> 5.262435 | ... AJ132: =((((AJ$122/(($R132/100)*$R$75))^$O$66)/($W$75/100))*0.0323)+1.8946 -> 3.7009299 | AL132: =R132 -> 117.51867 | AM132: =(T132^$O$65)*(($AL132/100)*$R$75) -> 339906.79 | AN132: =(U132^$O$65)*(($AL132/100)*$R$75) -> 366427.79 | AO132: =(V132^$O$65)*(($AL132/100)*$R$75) -> 378748.15 | AP132: =(W132^$O$65)*(($AL132/100)*$R$75) -> 386645.68 | AQ132: =(X132^$O$65)*(($AL132/100)*$R$75) -> 390494.07 | AR132: =(Y132^$O$65)*(($AL132/100)*$R$75) -> 390605.54 | AS132: =(Z132^$O$65)*(($AL132/100)*$R$75) -> 390740.36 | AT132: =(AA132^$O$65)*(($AL132/100)*$R$75) -> 391383.43 | ... BC132: =(AJ132^$O$65)*(($AL132/100)*$R$75) -> 415519.43 | BE132: =((AM132/AM$122*100)/88.9428348*100) -> 104.33461 | BF132: =((AN132/AN$122*100)/88.9428348*100) -> 102.41366 | BG132: =((AO132/AO$122*100)/88.9428348*100) -> 101.16832 | BH132: =((AP132/AP$122*100)/88.9428348*100) -> 100.20937 | BI132: =((AQ132/AQ$122*100)/88.9428348*100) -> 99.68765 | BJ132: =((AR132/AR$122*100)/88.9428348*100) -> 99.671955 | BK132: =((AS132/AS$122*100)/88.9428348*100) -> 99.652926 | BL132: =((AT132/AT$122*100)/88.9428348*100) -> 99.561474 | ... BU132: =((BC132/BC$122*100)/88.9428348*100) -> 95.079323
A133: 2013 | B133: =S79 -> 105.77667 | C133: ='Charts ST Demand & Market Tigh'!C69 -> 103.9965 | D133: =B133-C133 -> 1.780172 | E133: =D133*3+100 -> 105.34052 | F133: 100 | I133: -2.5428513 | M133: Implied usage | N133: =N132*N126 -> 407622.1 | Q133: 1.9660932 | R133: =$C$145+Q133 -> 117.70459 | S133: =(((($M$124/((R133/100)*$R$75))^$O$66)/($W$75/100))*0.0324)+1.9155 -> 4.284725 | T133: =((((T$122/(($R133/100)*$R$75))^$O$66)/($W$75/100))*0.0323)+1.8946 -> 12.157489 | U133: =((((U$122/(($R133/100)*$R$75))^$O$66)/($W$75/100))*0.0323)+1.8946 -> 7.8083574 | V133: =((((V$122/(($R133/100)*$R$75))^$O$66)/($W$75/100))*0.0323)+1.8946 -> 6.4248828 | W133: =((((W$122/(($R133/100)*$R$75))^$O$66)/($W$75/100))*0.0323)+1.8946 -> 5.688389 | X133: =((((X$122/(($R133/100)*$R$75))^$O$66)/($W$75/100))*0.0323)+1.8946 -> 5.3654549 | Y133: =((((Y$122/(($R133/100)*$R$75))^$O$66)/($W$75/100))*0.0323)+1.8946 -> 5.3564249 | Z133: =((((Z$122/(($R133/100)*$R$75))^$O$66)/($W$75/100))*0.0323)+1.8946 -> 5.3455263 | AA133: =((((AA$122/(($R133/100)*$R$75))^$O$66)/($W$75/100))*0.0323)+1.8946 -> 5.2938981 | ... AJ133: =((((AJ$122/(($R133/100)*$R$75))^$O$66)/($W$75/100))*0.0323)+1.8946 -> 3.717805 | AL133: =R133 -> 117.70459 | AM133: =(T133^$O$65)*(($AL133/100)*$R$75) -> 339990.87 | AN133: =(U133^$O$65)*(($AL133/100)*$R$75) -> 366568.86 | AO133: =(V133^$O$65)*(($AL133/100)*$R$75) -> 378925.32 | AP133: =(W133^$O$65)*(($AL133/100)*$R$75) -> 386849.94 | AQ133: =(X133^$O$65)*(($AL133/100)*$R$75) -> 390712.77 | AR133: =(Y133^$O$65)*(($AL133/100)*$R$75) -> 390824.66 | AS133: =(Z133^$O$65)*(($AL133/100)*$R$75) -> 390960.01 | AT133: =(AA133^$O$65)*(($AL133/100)*$R$75) -> 391605.57 | ... BC133: =(AJ133^$O$65)*(($AL133/100)*$R$75) -> 415855.06 | BE133: =((AM133/AM$122*100)/88.9428348*100) -> 104.36042 | BF133: =((AN133/AN$122*100)/88.9428348*100) -> 102.45309 | BG133: =((AO133/AO$122*100)/88.9428348*100) -> 101.21564 | BH133: =((AP133/AP$122*100)/88.9428348*100) -> 100.26231 | BI133: =((AQ133/AQ$122*100)/88.9428348*100) -> 99.743478 | BJ133: =((AR133/AR$122*100)/88.9428348*100) -> 99.727869 | BK133: =((AS133/AS$122*100)/88.9428348*100) -> 99.708943 | BL133: =((AT133/AT$122*100)/88.9428348*100) -> 99.617984 | ... BU133: =((BC133/BC$122*100)/88.9428348*100) -> 95.156123
A134: 2014 | B134: =S80 -> 104.31318 | C134: ='Charts ST Demand & Market Tigh'!C70 -> 104.975 | D134: =B134-C134 -> -0.66182254 | E134: =D134*3+100 -> 98.014532 | F134: 100 | I134: -2.0141923 | Q134: 1.9927873 | R134: =$C$145+Q134 -> 117.73129 | S134: =(((($M$124/((R134/100)*$R$75))^$O$66)/($W$75/100))*0.0324)+1.9155 -> 4.2878874 | T134: =((((T$122/(($R134/100)*$R$75))^$O$66)/($W$75/100))*0.0323)+1.8946 -> 12.171188 | U134: =((((U$122/(($R134/100)*$R$75))^$O$66)/($W$75/100))*0.0323)+1.8946 -> 7.816251 | V134: =((((V$122/(($R134/100)*$R$75))^$O$66)/($W$75/100))*0.0323)+1.8946 -> 6.4309298 | W134: =((((W$122/(($R134/100)*$R$75))^$O$66)/($W$75/100))*0.0323)+1.8946 -> 5.6934529 | X134: =((((X$122/(($R134/100)*$R$75))^$O$66)/($W$75/100))*0.0323)+1.8946 -> 5.3700878 | Y134: =((((Y$122/(($R134/100)*$R$75))^$O$66)/($W$75/100))*0.0323)+1.8946 -> 5.3610457 | Z134: =((((Z$122/(($R134/100)*$R$75))^$O$66)/($W$75/100))*0.0323)+1.8946 -> 5.3501325 | AA134: =((((AA$122/(($R134/100)*$R$75))^$O$66)/($W$75/100))*0.0323)+1.8946 -> 5.2984355 | ... AJ134: =((((AJ$122/(($R134/100)*$R$75))^$O$66)/($W$75/100))*0.0323)+1.8946 -> 3.7202386 | AL134: =R134 -> 117.73129 | AM134: =(T134^$O$65)*(($AL134/100)*$R$75) -> 340002.88 | AN134: =(U134^$O$65)*(($AL134/100)*$R$75) -> 366589.02 | AO134: =(V134^$O$65)*(($AL134/100)*$R$75) -> 378950.65 | AP134: =(W134^$O$65)*(($AL134/100)*$R$75) -> 386879.15 | AQ134: =(X134^$O$65)*(($AL134/100)*$R$75) -> 390744.04 | AR134: =(Y134^$O$65)*(($AL134/100)*$R$75) -> 390856 | AS134: =(Z134^$O$65)*(($AL134/100)*$R$75) -> 390991.42 | AT134: =(AA134^$O$65)*(($AL134/100)*$R$75) -> 391637.34 | ... BC134: =(AJ134^$O$65)*(($AL134/100)*$R$75) -> 415903.1 | BE134: =((AM134/AM$122*100)/88.9428348*100) -> 104.3641 | BF134: =((AN134/AN$122*100)/88.9428348*100) -> 102.45873 | BG134: =((AO134/AO$122*100)/88.9428348*100) -> 101.22241 | BH134: =((AP134/AP$122*100)/88.9428348*100) -> 100.26987 | BI134: =((AQ134/AQ$122*100)/88.9428348*100) -> 99.751462 | BJ134: =((AR134/AR$122*100)/88.9428348*100) -> 99.735865 | BK134: =((AS134/AS$122*100)/88.9428348*100) -> 99.716953 | BL134: =((AT134/AT$122*100)/88.9428348*100) -> 99.626066 | ... BU134: =((BC134/BC$122*100)/88.9428348*100) -> 95.167116
A135: 2015 | B135: =S81 -> 102.90289 | C135: ='Charts ST Demand & Market Tigh'!C71 -> 105.9535 | D135: =B135-C135 -> -3.0506116 | E135: =D135*3+100 -> 90.848165 | F135: 100 | I135: -1.6351181 | Q135: 2.4810896 | R135: =$C$145+Q135 -> 118.21959 | S135: =(((($M$124/((R135/100)*$R$75))^$O$66)/($W$75/100))*0.0324)+1.9155 -> 4.3463573 | T135: =((((T$122/(($R135/100)*$R$75))^$O$66)/($W$75/100))*0.0323)+1.8946 -> 12.424465 | U135: =((((U$122/(($R135/100)*$R$75))^$O$66)/($W$75/100))*0.0323)+1.8946 -> 7.962196 | V135: =((((V$122/(($R135/100)*$R$75))^$O$66)/($W$75/100))*0.0323)+1.8946 -> 6.5427322 | W135: =((((W$122/(($R135/100)*$R$75))^$O$66)/($W$75/100))*0.0323)+1.8946 -> 5.7870795 | X135: =((((X$122/(($R135/100)*$R$75))^$O$66)/($W$75/100))*0.0323)+1.8946 -> 5.4557446 | Y135: =((((Y$122/(($R135/100)*$R$75))^$O$66)/($W$75/100))*0.0323)+1.8946 -> 5.4464797 | Z135: =((((Z$122/(($R135/100)*$R$75))^$O$66)/($W$75/100))*0.0323)+1.8946 -> 5.4352976 | AA135: =((((AA$122/(($R135/100)*$R$75))^$O$66)/($W$75/100))*0.0323)+1.8946 -> 5.3823264 | ... AJ135: =((((AJ$122/(($R135/100)*$R$75))^$O$66)/($W$75/100))*0.0323)+1.8946 -> 3.7652333 | AL135: =R135 -> 118.21959 | AM135: =(T135^$O$65)*(($AL135/100)*$R$75) -> 340219.77 | AN135: =(U135^$O$65)*(($AL135/100)*$R$75) -> 366953.61 | AO135: =(V135^$O$65)*(($AL135/100)*$R$75) -> 379409.06 | AP135: =(W135^$O$65)*(($AL135/100)*$R$75) -> 387408.05 | AQ135: =(X135^$O$65)*(($AL135/100)*$R$75) -> 391310.56 | AR135: =(Y135^$O$65)*(($AL135/100)*$R$75) -> 391423.64 | AS135: =(Z135^$O$65)*(($AL135/100)*$R$75) -> 391560.42 | AT135: =(AA135^$O$65)*(($AL135/100)*$R$75) -> 392212.87 | ... BC135: =(AJ135^$O$65)*(($AL135/100)*$R$75) -> 416775.45 | BE135: =((AM135/AM$122*100)/88.9428348*100) -> 104.43068 | BF135: =((AN135/AN$122*100)/88.9428348*100) -> 102.56063 | BG135: =((AO135/AO$122*100)/88.9428348*100) -> 101.34486 | BH135: =((AP135/AP$122*100)/88.9428348*100) -> 100.40695 | BI135: =((AQ135/AQ$122*100)/88.9428348*100) -> 99.896086 | BJ135: =((AR135/AR$122*100)/88.9428348*100) -> 99.880711 | BK135: =((AS135/AS$122*100)/88.9428348*100) -> 99.862069 | BL135: =((AT135/AT$122*100)/88.9428348*100) -> 99.772471 | ... BU135: =((BC135/BC$122*100)/88.9428348*100) -> 95.366727
A136: 2016 | B136: =S82 -> 108.92479 | C136: ='Charts ST Demand & Market Tigh'!C72 -> 106.932 | D136: =B136-C136 -> 1.9927873 | E136: =D136*3+100 -> 105.97836 | F136: 100 | I136: -0.66182254 | Q136: 2.7731288 | R136: =$C$145+Q136 -> 118.51163 | S136: =(((($M$124/((R136/100)*$R$75))^$O$66)/($W$75/100))*0.0324)+1.9155 -> 4.3818944 | T136: =((((T$122/(($R136/100)*$R$75))^$O$66)/($W$75/100))*0.0323)+1.8946 -> 12.578403 | U136: =((((U$122/(($R136/100)*$R$75))^$O$66)/($W$75/100))*0.0323)+1.8946 -> 8.0508992 | V136: =((((V$122/(($R136/100)*$R$75))^$O$66)/($W$75/100))*0.0323)+1.8946 -> 6.6106839 | W136: =((((W$122/(($R136/100)*$R$75))^$O$66)/($W$75/100))*0.0323)+1.8946 -> 5.8439842 | X136: =((((X$122/(($R136/100)*$R$75))^$O$66)/($W$75/100))*0.0323)+1.8946 -> 5.5078056 | Y136: =((((Y$122/(($R136/100)*$R$75))^$O$66)/($W$75/100))*0.0323)+1.8946 -> 5.4984052 | Z136: =((((Z$122/(($R136/100)*$R$75))^$O$66)/($W$75/100))*0.0323)+1.8946 -> 5.4870596 | AA136: =((((AA$122/(($R136/100)*$R$75))^$O$66)/($W$75/100))*0.0323)+1.8946 -> 5.433314 | ... AJ136: =((((AJ$122/(($R136/100)*$R$75))^$O$66)/($W$75/100))*0.0323)+1.8946 -> 3.7925804 | AL136: =R136 -> 118.51163 | AM136: =(T136^$O$65)*(($AL136/100)*$R$75) -> 340347.01 | AN136: =(U136^$O$65)*(($AL136/100)*$R$75) -> 367167.92 | AO136: =(V136^$O$65)*(($AL136/100)*$R$75) -> 379678.83 | AP136: =(W136^$O$65)*(($AL136/100)*$R$75) -> 387719.58 | AQ136: =(X136^$O$65)*(($AL136/100)*$R$75) -> 391644.39 | AR136: =(Y136^$O$65)*(($AL136/100)*$R$75) -> 391758.14 | AS136: =(Z136^$O$65)*(($AL136/100)*$R$75) -> 391895.72 | AT136: =(AA136^$O$65)*(($AL136/100)*$R$75) -> 392552.05 | ... BC136: =(AJ136^$O$65)*(($AL136/100)*$R$75) -> 417291.32 | BE136: =((AM136/AM$122*100)/88.9428348*100) -> 104.46973 | BF136: =((AN136/AN$122*100)/88.9428348*100) -> 102.62052 | BG136: =((AO136/AO$122*100)/88.9428348*100) -> 101.41692 | BH136: =((AP136/AP$122*100)/88.9428348*100) -> 100.4877 | BI136: =((AQ136/AQ$122*100)/88.9428348*100) -> 99.981309 | BJ136: =((AR136/AR$122*100)/88.9428348*100) -> 99.966066 | BK136: =((AS136/AS$122*100)/88.9428348*100) -> 99.947584 | BL136: =((AT136/AT$122*100)/88.9428348*100) -> 99.858753 | ... BU136: =((BC136/BC$122*100)/88.9428348*100) -> 95.484769
A137: 2017 | B137: =S83 -> 109.87659 | C137: ='Charts ST Demand & Market Tigh'!C73 -> 107.9105 | D137: =B137-C137 -> 1.9660932 | E137: =D137*3+100 -> 105.89828 | F137: 100 | I137: -0.0825 | Q137: 4.1205195 | R137: =$C$145+Q137 -> 119.85902 | S137: =(((($M$124/((R137/100)*$R$75))^$O$66)/($W$75/100))*0.0324)+1.9155 -> 4.551488 | T137: =((((T$122/(($R137/100)*$R$75))^$O$66)/($W$75/100))*0.0323)+1.8946 -> 13.31304 | U137: =((((U$122/(($R137/100)*$R$75))^$O$66)/($W$75/100))*0.0323)+1.8946 -> 8.4742171 | V137: =((((V$122/(($R137/100)*$R$75))^$O$66)/($W$75/100))*0.0323)+1.8946 -> 6.9349701 | W137: =((((W$122/(($R137/100)*$R$75))^$O$66)/($W$75/100))*0.0323)+1.8946 -> 6.1155508 | X137: =((((X$122/(($R137/100)*$R$75))^$O$66)/($W$75/100))*0.0323)+1.8946 -> 5.7562559 | Y137: =((((Y$122/(($R137/100)*$R$75))^$O$66)/($W$75/100))*0.0323)+1.8946 -> 5.7462092 | Z137: =((((Z$122/(($R137/100)*$R$75))^$O$66)/($W$75/100))*0.0323)+1.8946 -> 5.7340834 | AA137: =((((AA$122/(($R137/100)*$R$75))^$O$66)/($W$75/100))*0.0323)+1.8946 -> 5.6766422 | ... AJ137: =((((AJ$122/(($R137/100)*$R$75))^$O$66)/($W$75/100))*0.0323)+1.8946 -> 3.9230889 | AL137: =R137 -> 119.85902 | AM137: =(T137^$O$65)*(($AL137/100)*$R$75) -> 340910.91 | AN137: =(U137^$O$65)*(($AL137/100)*$R$75) -> 368121.42 | AO137: =(V137^$O$65)*(($AL137/100)*$R$75) -> 380881.99 | AP137: =(W137^$O$65)*(($AL137/100)*$R$75) -> 389111.42 | AQ137: =(X137^$O$65)*(($AL137/100)*$R$75) -> 393137.26 | AR137: =(Y137^$O$65)*(($AL137/100)*$R$75) -> 393254.03 | AS137: =(Z137^$O$65)*(($AL137/100)*$R$75) -> 393395.28 | AT137: =(AA137^$O$65)*(($AL137/100)*$R$75) -> 394069.18 | ... BC137: =(AJ137^$O$65)*(($AL137/100)*$R$75) -> 419615.23 | BE137: =((AM137/AM$122*100)/88.9428348*100) -> 104.64282 | BF137: =((AN137/AN$122*100)/88.9428348*100) -> 102.88702 | BG137: =((AO137/AO$122*100)/88.9428348*100) -> 101.7383 | BH137: =((AP137/AP$122*100)/88.9428348*100) -> 100.84843 | BI137: =((AQ137/AQ$122*100)/88.9428348*100) -> 100.36242 | BJ137: =((AR137/AR$122*100)/88.9428348*100) -> 100.34778 | BK137: =((AS137/AS$122*100)/88.9428348*100) -> 100.33002 | BL137: =((AT137/AT$122*100)/88.9428348*100) -> 100.24468 | ... BU137: =((BC137/BC$122*100)/88.9428348*100) -> 96.016526
A138: 2018 | B138: =S84 -> 106.87481 | C138: ='Charts ST Demand & Market Tigh'!C74 -> 108.889 | D138: =B138-C138 -> -2.0141923 | E138: =D138*3+100 -> 93.957423 | F138: 100 | I138: 1.780172 | Q138: 5.3768374 | R138: =$C$145+Q138 -> 121.11534 | S138: =(((($M$124/((R138/100)*$R$75))^$O$66)/($W$75/100))*0.0324)+1.9155 -> 4.7182297 | T138: =((((T$122/(($R138/100)*$R$75))^$O$66)/($W$75/100))*0.0323)+1.8946 -> 14.035323 | U138: =((((U$122/(($R138/100)*$R$75))^$O$66)/($W$75/100))*0.0323)+1.8946 -> 8.8904163 | V138: =((((V$122/(($R138/100)*$R$75))^$O$66)/($W$75/100))*0.0323)+1.8946 -> 7.253803 | W138: =((((W$122/(($R138/100)*$R$75))^$O$66)/($W$75/100))*0.0323)+1.8946 -> 6.3825507 | X138: =((((X$122/(($R138/100)*$R$75))^$O$66)/($W$75/100))*0.0323)+1.8946 -> 6.0005282 | Y138: =((((Y$122/(($R138/100)*$R$75))^$O$66)/($W$75/100))*0.0323)+1.8946 -> 5.989846 | Z138: =((((Z$122/(($R138/100)*$R$75))^$O$66)/($W$75/100))*0.0323)+1.8946 -> 5.9769532 | AA138: =((((AA$122/(($R138/100)*$R$75))^$O$66)/($W$75/100))*0.0323)+1.8946 -> 5.9158785 | ... AJ138: =((((AJ$122/(($R138/100)*$R$75))^$O$66)/($W$75/100))*0.0323)+1.8946 -> 4.0514026 | AL138: =R138 -> 121.11534 | AM138: =(T138^$O$65)*(($AL138/100)*$R$75) -> 341404.03 | AN138: =(U138^$O$65)*(($AL138/100)*$R$75) -> 368960.34 | AO138: =(V138^$O$65)*(($AL138/100)*$R$75) -> 381944.51 | AP138: =(W138^$O$65)*(($AL138/100)*$R$75) -> 390343.92 | AQ138: =(X138^$O$65)*(($AL138/100)*$R$75) -> 394461.15 | AR138: =(Y138^$O$65)*(($AL138/100)*$R$75) -> 394580.65 | AS138: =(Z138^$O$65)*(($AL138/100)*$R$75) -> 394725.22 | AT138: =(AA138^$O$65)*(($AL138/100)*$R$75) -> 395415.03 | ... BC138: =(AJ138^$O$65)*(($AL138/100)*$R$75) -> 421699.93 | BE138: =((AM138/AM$122*100)/88.9428348*100) -> 104.79419 | BF138: =((AN138/AN$122*100)/88.9428348*100) -> 103.12149 | BG138: =((AO138/AO$122*100)/88.9428348*100) -> 102.02211 | BH138: =((AP138/AP$122*100)/88.9428348*100) -> 101.16786 | BI138: =((AQ138/AQ$122*100)/88.9428348*100) -> 100.70039 | BJ138: =((AR138/AR$122*100)/88.9428348*100) -> 100.6863 | BK138: =((AS138/AS$122*100)/88.9428348*100) -> 100.66921 | BL138: =((AT138/AT$122*100)/88.9428348*100) -> 100.58705 | ... BU138: =((BC138/BC$122*100)/88.9428348*100) -> 96.493548
A139: 2019 | B139: =S85 -> 103.22427 | C139: ='Charts ST Demand & Market Tigh'!C75 -> 109.8675 | D139: =B139-C139 -> -6.6432317 | E139: =D139*3+100 -> 80.070305 | F139: 100 | I139: 1.9660932 | Q139: 8.1570751 | R139: =$C$145+Q139 -> 123.89558 | S139: =(((($M$124/((R139/100)*$R$75))^$O$66)/($W$75/100))*0.0324)+1.9155 -> 5.1185338 | T139: =((((T$122/(($R139/100)*$R$75))^$O$66)/($W$75/100))*0.0323)+1.8946 -> 15.76934 | U139: =((((U$122/(($R139/100)*$R$75))^$O$66)/($W$75/100))*0.0323)+1.8946 -> 9.8896044 | V139: =((((V$122/(($R139/100)*$R$75))^$O$66)/($W$75/100))*0.0323)+1.8946 -> 8.0192393 | W139: =((((W$122/(($R139/100)*$R$75))^$O$66)/($W$75/100))*0.0323)+1.8946 -> 7.023549 | X139: =((((X$122/(($R139/100)*$R$75))^$O$66)/($W$75/100))*0.0323)+1.8946 -> 6.5869637 | Y139: =((((Y$122/(($R139/100)*$R$75))^$O$66)/($W$75/100))*0.0323)+1.8946 -> 6.5747557 | Z139: =((((Z$122/(($R139/100)*$R$75))^$O$66)/($W$75/100))*0.0323)+1.8946 -> 6.5600215 | AA139: =((((AA$122/(($R139/100)*$R$75))^$O$66)/($W$75/100))*0.0323)+1.8946 -> 6.4902237 | ... AJ139: =((((AJ$122/(($R139/100)*$R$75))^$O$66)/($W$75/100))*0.0323)+1.8946 -> 4.3594513 | AL139: =R139 -> 123.89558 | AM139: =(T139^$O$65)*(($AL139/100)*$R$75) -> 342392.94 | AN139: =(U139^$O$65)*(($AL139/100)*$R$75) -> 370657.41 | AO139: =(V139^$O$65)*(($AL139/100)*$R$75) -> 384105.44 | AP139: =(W139^$O$65)*(($AL139/100)*$R$75) -> 392860.6 | AQ139: =(X139^$O$65)*(($AL139/100)*$R$75) -> 397170.15 | AR139: =(Y139^$O$65)*(($AL139/100)*$R$75) -> 397295.42 | AS139: =(Z139^$O$65)*(($AL139/100)*$R$75) -> 397446.98 | AT139: =(AA139^$O$65)*(($AL139/100)*$R$75) -> 398170.39 | ... BC139: =(AJ139^$O$65)*(($AL139/100)*$R$75) -> 426039.33 | BE139: =((AM139/AM$122*100)/88.9428348*100) -> 105.09773 | BF139: =((AN139/AN$122*100)/88.9428348*100) -> 103.59581 | BG139: =((AO139/AO$122*100)/88.9428348*100) -> 102.59932 | BH139: =((AP139/AP$122*100)/88.9428348*100) -> 101.82012 | BI139: =((AQ139/AQ$122*100)/88.9428348*100) -> 101.39196 | BJ139: =((AR139/AR$122*100)/88.9428348*100) -> 101.37903 | BK139: =((AS139/AS$122*100)/88.9428348*100) -> 101.36336 | BL139: =((AT139/AT$122*100)/88.9428348*100) -> 101.28796 | ... BU139: =((BC139/BC$122*100)/88.9428348*100) -> 97.486491
A140: 2020 | B140: =S86 -> 114.96652 | C140: ='Charts ST Demand & Market Tigh'!C76 -> 110.846 | D140: =B140-C140 -> 4.1205195 | E140: =D140*3+100 -> 112.36156 | F140: 100 | I140: 1.9927873 | T140: =((((T$122/(($R140/100)*$R$75))^$O$66)/($W$75/100))*0.0324)+1.9155 -> #DIV/0! | U140: =((((U$122/(($R140/100)*$R$75))^$O$66)/($W$75/100))*0.0324)+1.9155 -> #DIV/0! | V140: =((((V$122/(($R140/100)*$R$75))^$O$66)/($W$75/100))*0.0324)+1.9155 -> #DIV/0! | W140: =((((W$122/(($R140/100)*$R$75))^$O$66)/($W$75/100))*0.0324)+1.9155 -> #DIV/0! | X140: =((((X$122/(($R140/100)*$R$75))^$O$66)/($W$75/100))*0.0324)+1.9155 -> #DIV/0! | Y140: =((((Y$122/(($R140/100)*$R$75))^$O$66)/($W$75/100))*0.0324)+1.9155 -> #DIV/0! | Z140: =((((Z$122/(($R140/100)*$R$75))^$O$66)/($W$75/100))*0.0324)+1.9155 -> #DIV/0! | AA140: =((((AA$122/(($R140/100)*$R$75))^$O$66)/($W$75/100))*0.0324)+1.9155 -> #DIV/0! | ... AJ140: =((((AJ$122/(($R140/100)*$R$75))^$O$66)/($W$75/100))*0.0324)+1.9155 -> #DIV/0! | AL140: =R140 -> 0 | AM140: =(T140^$O$65)*(($AL140/100)*$R$75) -> #DIV/0! | AN140: =(U140^$O$65)*(($AL140/100)*$R$75) -> #DIV/0! | AO140: =(V140^$O$65)*(($AL140/100)*$R$75) -> #DIV/0! | AP140: =(W140^$O$65)*(($AL140/100)*$R$75) -> #DIV/0! | AQ140: =(X140^$O$65)*(($AL140/100)*$R$75) -> #DIV/0! | AR140: =(Y140^$O$65)*(($AL140/100)*$R$75) -> #DIV/0! | AS140: =(Z140^$O$65)*(($AL140/100)*$R$75) -> #DIV/0! | AT140: =(AA140^$O$65)*(($AL140/100)*$R$75) -> #DIV/0! | ... BC140: =(AJ140^$O$65)*(($AL140/100)*$R$75) -> #DIV/0! | BE140: =((AM140/AM$122*100)/88.9428348*100) -> #DIV/0! | BF140: =((AN140/AN$122*100)/88.9428348*100) -> #DIV/0! | BG140: =((AO140/AO$122*100)/88.9428348*100) -> #DIV/0! | BH140: =((AP140/AP$122*100)/88.9428348*100) -> #DIV/0! | BI140: =((AQ140/AQ$122*100)/88.9428348*100) -> #DIV/0! | BJ140: =((AR140/AR$122*100)/88.9428348*100) -> #DIV/0! | BK140: =((AS140/AS$122*100)/88.9428348*100) -> #DIV/0! | BL140: =((AT140/AT$122*100)/88.9428348*100) -> #DIV/0! | ... BU140: =((BC140/BC$122*100)/88.9428348*100) -> #DIV/0!
A141: 2021 | B141: =S87 -> 119.98158 | C141: ='Charts ST Demand & Market Tigh'!C77 -> 111.8245 | D141: =B141-C141 -> 8.1570751 | E141: =D141*3+100 -> 124.47123 | F141: 100 | I141: 2.4810896 | T141: =((((T$122/(($R141/100)*$R$75))^$O$66)/($W$75/100))*0.0324)+1.9155 -> #DIV/0! | U141: =((((U$122/(($R141/100)*$R$75))^$O$66)/($W$75/100))*0.0324)+1.9155 -> #DIV/0! | V141: =((((V$122/(($R141/100)*$R$75))^$O$66)/($W$75/100))*0.0324)+1.9155 -> #DIV/0! | W141: =((((W$122/(($R141/100)*$R$75))^$O$66)/($W$75/100))*0.0324)+1.9155 -> #DIV/0! | X141: =((((X$122/(($R141/100)*$R$75))^$O$66)/($W$75/100))*0.0324)+1.9155 -> #DIV/0! | Y141: =((((Y$122/(($R141/100)*$R$75))^$O$66)/($W$75/100))*0.0324)+1.9155 -> #DIV/0! | Z141: =((((Z$122/(($R141/100)*$R$75))^$O$66)/($W$75/100))*0.0324)+1.9155 -> #DIV/0! | AA141: =((((AA$122/(($R141/100)*$R$75))^$O$66)/($W$75/100))*0.0324)+1.9155 -> #DIV/0! | ... AJ141: =((((AJ$122/(($R141/100)*$R$75))^$O$66)/($W$75/100))*0.0324)+1.9155 -> #DIV/0! | AL141: =R141 -> 0 | AM141: =(T141^$O$65)*(($AL141/100)*$R$75) -> #DIV/0! | AN141: =(U141^$O$65)*(($AL141/100)*$R$75) -> #DIV/0! | AO141: =(V141^$O$65)*(($AL141/100)*$R$75) -> #DIV/0! | AP141: =(W141^$O$65)*(($AL141/100)*$R$75) -> #DIV/0! | AQ141: =(X141^$O$65)*(($AL141/100)*$R$75) -> #DIV/0! | AR141: =(Y141^$O$65)*(($AL141/100)*$R$75) -> #DIV/0! | AS141: =(Z141^$O$65)*(($AL141/100)*$R$75) -> #DIV/0! | AT141: =(AA141^$O$65)*(($AL141/100)*$R$75) -> #DIV/0! | ... BC141: =(AJ141^$O$65)*(($AL141/100)*$R$75) -> #DIV/0! | BE141: =((AM141/AM$122*100)/88.9428348*100) -> #DIV/0! | BF141: =((AN141/AN$122*100)/88.9428348*100) -> #DIV/0! | BG141: =((AO141/AO$122*100)/88.9428348*100) -> #DIV/0! | BH141: =((AP141/AP$122*100)/88.9428348*100) -> #DIV/0! | BI141: =((AQ141/AQ$122*100)/88.9428348*100) -> #DIV/0! | BJ141: =((AR141/AR$122*100)/88.9428348*100) -> #DIV/0! | BK141: =((AS141/AS$122*100)/88.9428348*100) -> #DIV/0! | BL141: =((AT141/AT$122*100)/88.9428348*100) -> #DIV/0! | ... BU141: =((BC141/BC$122*100)/88.9428348*100) -> #DIV/0!
A142: 2022 | B142: =S88 -> 110.26015 | C142: ='Charts ST Demand & Market Tigh'!C78 -> 112.803 | D142: =B142-C142 -> -2.5428513 | E142: =D142*3+100 -> 92.371446 | F142: 100 | I142: 2.7731288 | T142: =((((T$122/(($R142/100)*$R$75))^$O$66)/($W$75/100))*0.0324)+1.9155 -> #DIV/0! | U142: =((((U$122/(($R142/100)*$R$75))^$O$66)/($W$75/100))*0.0324)+1.9155 -> #DIV/0! | V142: =((((V$122/(($R142/100)*$R$75))^$O$66)/($W$75/100))*0.0324)+1.9155 -> #DIV/0! | W142: =((((W$122/(($R142/100)*$R$75))^$O$66)/($W$75/100))*0.0324)+1.9155 -> #DIV/0! | X142: =((((X$122/(($R142/100)*$R$75))^$O$66)/($W$75/100))*0.0324)+1.9155 -> #DIV/0! | Y142: =((((Y$122/(($R142/100)*$R$75))^$O$66)/($W$75/100))*0.0324)+1.9155 -> #DIV/0! | Z142: =((((Z$122/(($R142/100)*$R$75))^$O$66)/($W$75/100))*0.0324)+1.9155 -> #DIV/0! | AA142: =((((AA$122/(($R142/100)*$R$75))^$O$66)/($W$75/100))*0.0324)+1.9155 -> #DIV/0! | ... AJ142: =((((AJ$122/(($R142/100)*$R$75))^$O$66)/($W$75/100))*0.0324)+1.9155 -> #DIV/0! | AL142: =R142 -> 0 | AM142: =(T142^$O$65)*(($AL142/100)*$R$75) -> #DIV/0! | AN142: =(U142^$O$65)*(($AL142/100)*$R$75) -> #DIV/0! | AO142: =(V142^$O$65)*(($AL142/100)*$R$75) -> #DIV/0! | AP142: =(W142^$O$65)*(($AL142/100)*$R$75) -> #DIV/0! | AQ142: =(X142^$O$65)*(($AL142/100)*$R$75) -> #DIV/0! | AR142: =(Y142^$O$65)*(($AL142/100)*$R$75) -> #DIV/0! | AS142: =(Z142^$O$65)*(($AL142/100)*$R$75) -> #DIV/0! | AT142: =(AA142^$O$65)*(($AL142/100)*$R$75) -> #DIV/0! | ... BC142: =(AJ142^$O$65)*(($AL142/100)*$R$75) -> #DIV/0! | BE142: =((AM142/AM$122*100)/88.9428348*100) -> #DIV/0! | BF142: =((AN142/AN$122*100)/88.9428348*100) -> #DIV/0! | BG142: =((AO142/AO$122*100)/88.9428348*100) -> #DIV/0! | BH142: =((AP142/AP$122*100)/88.9428348*100) -> #DIV/0! | BI142: =((AQ142/AQ$122*100)/88.9428348*100) -> #DIV/0! | BJ142: =((AR142/AR$122*100)/88.9428348*100) -> #DIV/0! | BK142: =((AS142/AS$122*100)/88.9428348*100) -> #DIV/0! | BL142: =((AT142/AT$122*100)/88.9428348*100) -> #DIV/0! | ... BU142: =((BC142/BC$122*100)/88.9428348*100) -> #DIV/0!
A143: 2023 | B143: =S89 -> 112.14638 | C143: ='Charts ST Demand & Market Tigh'!C79 -> 113.7815 | D143: =B143-C143 -> -1.6351181 | E143: =D143*3+100 -> 95.094646 | F143: 100 | I143: 4.1205195 | T143: =((((T$122/(($R143/100)*$R$75))^$O$66)/($W$75/100))*0.0324)+1.9155 -> #DIV/0! | U143: =((((U$122/(($R143/100)*$R$75))^$O$66)/($W$75/100))*0.0324)+1.9155 -> #DIV/0! | V143: =((((V$122/(($R143/100)*$R$75))^$O$66)/($W$75/100))*0.0324)+1.9155 -> #DIV/0! | W143: =((((W$122/(($R143/100)*$R$75))^$O$66)/($W$75/100))*0.0324)+1.9155 -> #DIV/0! | X143: =((((X$122/(($R143/100)*$R$75))^$O$66)/($W$75/100))*0.0324)+1.9155 -> #DIV/0! | Y143: =((((Y$122/(($R143/100)*$R$75))^$O$66)/($W$75/100))*0.0324)+1.9155 -> #DIV/0! | Z143: =((((Z$122/(($R143/100)*$R$75))^$O$66)/($W$75/100))*0.0324)+1.9155 -> #DIV/0! | AA143: =((((AA$122/(($R143/100)*$R$75))^$O$66)/($W$75/100))*0.0324)+1.9155 -> #DIV/0! | ... AJ143: =((((AJ$122/(($R143/100)*$R$75))^$O$66)/($W$75/100))*0.0324)+1.9155 -> #DIV/0! | AL143: =R143 -> 0 | AM143: =(T143^$O$65)*(($AL143/100)*$R$75) -> #DIV/0! | AN143: =(U143^$O$65)*(($AL143/100)*$R$75) -> #DIV/0! | AO143: =(V143^$O$65)*(($AL143/100)*$R$75) -> #DIV/0! | AP143: =(W143^$O$65)*(($AL143/100)*$R$75) -> #DIV/0! | AQ143: =(X143^$O$65)*(($AL143/100)*$R$75) -> #DIV/0! | AR143: =(Y143^$O$65)*(($AL143/100)*$R$75) -> #DIV/0! | AS143: =(Z143^$O$65)*(($AL143/100)*$R$75) -> #DIV/0! | AT143: =(AA143^$O$65)*(($AL143/100)*$R$75) -> #DIV/0! | ... BC143: =(AJ143^$O$65)*(($AL143/100)*$R$75) -> #DIV/0! | BE143: =((AM143/AM$122*100)/88.9428348*100) -> #DIV/0! | BF143: =((AN143/AN$122*100)/88.9428348*100) -> #DIV/0! | BG143: =((AO143/AO$122*100)/88.9428348*100) -> #DIV/0! | BH143: =((AP143/AP$122*100)/88.9428348*100) -> #DIV/0! | BI143: =((AQ143/AQ$122*100)/88.9428348*100) -> #DIV/0! | BJ143: =((AR143/AR$122*100)/88.9428348*100) -> #DIV/0! | BK143: =((AS143/AS$122*100)/88.9428348*100) -> #DIV/0! | BL143: =((AT143/AT$122*100)/88.9428348*100) -> #DIV/0! | ... BU143: =((BC143/BC$122*100)/88.9428348*100) -> #DIV/0!
A144: 2024 | B144: =S90 -> 111.71477 | C144: ='Charts ST Demand & Market Tigh'!C80 -> 114.76 | D144: =B144-C144 -> -3.0452327 | E144: =D144*3+100 -> 90.864302 | F144: 100 | I144: 5.3768374 | T144: =((((T$122/(($R144/100)*$R$75))^$O$66)/($W$75/100))*0.0324)+1.9155 -> #DIV/0! | U144: =((((U$122/(($R144/100)*$R$75))^$O$66)/($W$75/100))*0.0324)+1.9155 -> #DIV/0! | V144: =((((V$122/(($R144/100)*$R$75))^$O$66)/($W$75/100))*0.0324)+1.9155 -> #DIV/0! | W144: =((((W$122/(($R144/100)*$R$75))^$O$66)/($W$75/100))*0.0324)+1.9155 -> #DIV/0! | X144: =((((X$122/(($R144/100)*$R$75))^$O$66)/($W$75/100))*0.0324)+1.9155 -> #DIV/0! | Y144: =((((Y$122/(($R144/100)*$R$75))^$O$66)/($W$75/100))*0.0324)+1.9155 -> #DIV/0! | Z144: =((((Z$122/(($R144/100)*$R$75))^$O$66)/($W$75/100))*0.0324)+1.9155 -> #DIV/0! | AA144: =((((AA$122/(($R144/100)*$R$75))^$O$66)/($W$75/100))*0.0324)+1.9155 -> #DIV/0! | ... AJ144: =((((AJ$122/(($R144/100)*$R$75))^$O$66)/($W$75/100))*0.0324)+1.9155 -> #DIV/0! | AL144: =R144 -> 0 | AM144: =(T144^$O$65)*(($AL144/100)*$R$75) -> #DIV/0! | AN144: =(U144^$O$65)*(($AL144/100)*$R$75) -> #DIV/0! | AO144: =(V144^$O$65)*(($AL144/100)*$R$75) -> #DIV/0! | AP144: =(W144^$O$65)*(($AL144/100)*$R$75) -> #DIV/0! | AQ144: =(X144^$O$65)*(($AL144/100)*$R$75) -> #DIV/0! | AR144: =(Y144^$O$65)*(($AL144/100)*$R$75) -> #DIV/0! | AS144: =(Z144^$O$65)*(($AL144/100)*$R$75) -> #DIV/0! | AT144: =(AA144^$O$65)*(($AL144/100)*$R$75) -> #DIV/0! | ... BC144: =(AJ144^$O$65)*(($AL144/100)*$R$75) -> #DIV/0! | BE144: =((AM144/AM$122*100)/88.9428348*100) -> #DIV/0! | BF144: =((AN144/AN$122*100)/88.9428348*100) -> #DIV/0! | BG144: =((AO144/AO$122*100)/88.9428348*100) -> #DIV/0! | BH144: =((AP144/AP$122*100)/88.9428348*100) -> #DIV/0! | BI144: =((AQ144/AQ$122*100)/88.9428348*100) -> #DIV/0! | BJ144: =((AR144/AR$122*100)/88.9428348*100) -> #DIV/0! | BK144: =((AS144/AS$122*100)/88.9428348*100) -> #DIV/0! | BL144: =((AT144/AT$122*100)/88.9428348*100) -> #DIV/0! | ... BU144: =((BC144/BC$122*100)/88.9428348*100) -> #DIV/0!
A145: 2025 | B145: =S91 -> 118.51163 | C145: ='Charts ST Demand & Market Tigh'!C81 -> 115.7385 | D145: =B145-C145 -> 2.7731288 | E145: =D145*3+100 -> 108.31939 | F145: 100 | I145: 8.1570751 | T145: =((((T$122/(($R145/100)*$R$75))^$O$66)/($W$75/100))*0.0324)+1.9155 -> #DIV/0! | U145: =((((U$122/(($R145/100)*$R$75))^$O$66)/($W$75/100))*0.0324)+1.9155 -> #DIV/0! | V145: =((((V$122/(($R145/100)*$R$75))^$O$66)/($W$75/100))*0.0324)+1.9155 -> #DIV/0! | W145: =((((W$122/(($R145/100)*$R$75))^$O$66)/($W$75/100))*0.0324)+1.9155 -> #DIV/0! | X145: =((((X$122/(($R145/100)*$R$75))^$O$66)/($W$75/100))*0.0324)+1.9155 -> #DIV/0! | Y145: =((((Y$122/(($R145/100)*$R$75))^$O$66)/($W$75/100))*0.0324)+1.9155 -> #DIV/0! | Z145: =((((Z$122/(($R145/100)*$R$75))^$O$66)/($W$75/100))*0.0324)+1.9155 -> #DIV/0! | AA145: =((((AA$122/(($R145/100)*$R$75))^$O$66)/($W$75/100))*0.0324)+1.9155 -> #DIV/0! | ... AJ145: =((((AJ$122/(($R145/100)*$R$75))^$O$66)/($W$75/100))*0.0324)+1.9155 -> #DIV/0! | AL145: =R145 -> 0 | AM145: =(T145^$O$65)*(($AL145/100)*$R$75) -> #DIV/0! | AN145: =(U145^$O$65)*(($AL145/100)*$R$75) -> #DIV/0! | AO145: =(V145^$O$65)*(($AL145/100)*$R$75) -> #DIV/0! | AP145: =(W145^$O$65)*(($AL145/100)*$R$75) -> #DIV/0! | AQ145: =(X145^$O$65)*(($AL145/100)*$R$75) -> #DIV/0! | AR145: =(Y145^$O$65)*(($AL145/100)*$R$75) -> #DIV/0! | AS145: =(Z145^$O$65)*(($AL145/100)*$R$75) -> #DIV/0! | AT145: =(AA145^$O$65)*(($AL145/100)*$R$75) -> #DIV/0! | ... BC145: =(AJ145^$O$65)*(($AL145/100)*$R$75) -> #DIV/0! | BE145: =((AM145/AM$122*100)/88.9428348*100) -> #DIV/0! | BF145: =((AN145/AN$122*100)/88.9428348*100) -> #DIV/0! | BG145: =((AO145/AO$122*100)/88.9428348*100) -> #DIV/0! | BH145: =((AP145/AP$122*100)/88.9428348*100) -> #DIV/0! | BI145: =((AQ145/AQ$122*100)/88.9428348*100) -> #DIV/0! | BJ145: =((AR145/AR$122*100)/88.9428348*100) -> #DIV/0! | BK145: =((AS145/AS$122*100)/88.9428348*100) -> #DIV/0! | BL145: =((AT145/AT$122*100)/88.9428348*100) -> #DIV/0! | ... BU145: =((BC145/BC$122*100)/88.9428348*100) -> #DIV/0!
C146: mean | D146: =AVERAGE(D129:D145) -> -9.6220433e-05 | T146: =((((T$122/(($R146/100)*$R$75))^$O$66)/($W$75/100))*0.0324)+1.9155 -> #DIV/0! | U146: =((((U$122/(($R146/100)*$R$75))^$O$66)/($W$75/100))*0.0324)+1.9155 -> #DIV/0! | V146: =((((V$122/(($R146/100)*$R$75))^$O$66)/($W$75/100))*0.0324)+1.9155 -> #DIV/0! | W146: =((((W$122/(($R146/100)*$R$75))^$O$66)/($W$75/100))*0.0324)+1.9155 -> #DIV/0! | X146: =((((X$122/(($R146/100)*$R$75))^$O$66)/($W$75/100))*0.0324)+1.9155 -> #DIV/0! | Y146: =((((Y$122/(($R146/100)*$R$75))^$O$66)/($W$75/100))*0.0324)+1.9155 -> #DIV/0! | Z146: =((((Z$122/(($R146/100)*$R$75))^$O$66)/($W$75/100))*0.0324)+1.9155 -> #DIV/0! | AA146: =((((AA$122/(($R146/100)*$R$75))^$O$66)/($W$75/100))*0.0324)+1.9155 -> #DIV/0! | ... AJ146: =((((AJ$122/(($R146/100)*$R$75))^$O$66)/($W$75/100))*0.0324)+1.9155 -> #DIV/0! | AL146: =R146 -> 0 | AM146: =(T146^$O$65)*(($AL146/100)*$R$75) -> #DIV/0! | AN146: =(U146^$O$65)*(($AL146/100)*$R$75) -> #DIV/0! | AO146: =(V146^$O$65)*(($AL146/100)*$R$75) -> #DIV/0! | AP146: =(W146^$O$65)*(($AL146/100)*$R$75) -> #DIV/0! | AQ146: =(X146^$O$65)*(($AL146/100)*$R$75) -> #DIV/0! | AR146: =(Y146^$O$65)*(($AL146/100)*$R$75) -> #DIV/0! | AS146: =(Z146^$O$65)*(($AL146/100)*$R$75) -> #DIV/0! | AT146: =(AA146^$O$65)*(($AL146/100)*$R$75) -> #DIV/0! | ... BC146: =(AJ146^$O$65)*(($AL146/100)*$R$75) -> #DIV/0! | BE146: =((AM146/AM$122*100)/88.9428348*100) -> #DIV/0! | BF146: =((AN146/AN$122*100)/88.9428348*100) -> #DIV/0! | BG146: =((AO146/AO$122*100)/88.9428348*100) -> #DIV/0! | BH146: =((AP146/AP$122*100)/88.9428348*100) -> #DIV/0! | BI146: =((AQ146/AQ$122*100)/88.9428348*100) -> #DIV/0! | BJ146: =((AR146/AR$122*100)/88.9428348*100) -> #DIV/0! | BK146: =((AS146/AS$122*100)/88.9428348*100) -> #DIV/0! | BL146: =((AT146/AT$122*100)/88.9428348*100) -> #DIV/0! | ... BU146: =((BC146/BC$122*100)/88.9428348*100) -> #DIV/0!
...

Sheet Scoring.Eval
A1: Year | B1: ExchangeRate (Export Competitors - Corn) | C1: Ending Stocks | D1: World: Ending Stocks | E1: World Pop (SPPOPTOTLWLD) | F1: US pop (1000s) (B230RC0A052NBEA) | G1: USGDP (GDP) | H1: PCE Index (PCEPI) | I1: Total Usage | J1: Real MYA Price | K1: Supply | L1: Supply Index | M1: Invert Supply | N1: Elasticity | O1: -0.17 | Q1: p^-.17 (P epsolon) | R1: A | S1: Demand Index | T1: (From earlier efforts | V1: Supply/Demand Strengh | X1: S/D Index
A2: 2000 | B2: 110.65269 | C2: 48240 | D2: 175136 | E2: 6161884811 | F2: 282398 | G2: 10250.952 | H2: 73.822 | I2: 247415 | J2: 3.6736133 | K2: 295655 | L2: =(K2/$K$11)*100 -> 78.917726 | M2: =100-(L2-100) -> 121.08227 | N2: inverted elasticiy | O2: =1/O1 -> -5.8823529 | P2: 2000 | Q2: =J2^$O$1 -> 0.80155645 | R2: =I2/Q2 -> 308668.22 | S2: =(R2/$R$28)*100 -> 70.993801 | V2: =K2/R2 -> 0.95784077 | W2: =V2^$O$2 -> 1.2883662 | X2: =(W2/$W$11)*100 -> 48.924871
A3: 2001 | B3: 117.24628 | C3: 40551 | D3: 151409 | E3: 6245112906 | F3: 285225 | G3: 10581.929 | H3: 75.302 | I3: 249324 | J3: 3.7917204 | K3: 289875 | L3: =(K3/$K$11)*100 -> 77.374899 | M3: =100-(L3-100) -> 122.6251 | P3: 2001 | Q3: =J3^$O$1 -> 0.79725606 | R3: =I3/Q3 -> 312727.63 | S3: =(R3/$R$28)*100 -> 71.927469 | V3: =K3/R3 -> 0.9269248 | W3: =V3^$O$2 -> 1.5626289 | X3: =(W3/$W$11)*100 -> 59.339822
A4: 2002 | B4: 103.79282 | C4: 27603 | D4: 126942 | E4: 6327557399 | F4: 287955 | G4: 10929.108 | H4: 76.291 | I4: 241082 | J4: 4.3845551 | K4: 268685 | L4: =(K4/$K$11)*100 -> 71.718757 | M4: =100-(L4-100) -> 128.28124 | P4: 2002 | Q4: =J4^$O$1 -> 0.77780846 | R4: =I4/Q4 -> 309950.35 | S4: =(R4/$R$28)*100 -> 71.288692 | V4: =K4/R4 -> 0.86686466 | W4: =V4^$O$2 -> 2.317354 | X4: =(W4/$W$11)*100 -> 88.000016
A5: 2003 | B5: 96.601189 | C5: 24337 | D5: 104701 | E5: 6409750441 | F5: 290626 | G5: 11456.45 | H5: 77.894 | I5: 259853 | J5: 4.478966 | K5: 284190 | L5: =(K5/$K$11)*100 -> 75.85743 | M5: =100-(L5-100) -> 124.14257 | P5: 2003 | Q5: =J5^$O$1 -> 0.77499657 | R5: =I5/Q5 -> 335295.68 | S5: =(R5/$R$28)*100 -> 77.118128 | V5: =K5/R5 -> 0.84758027 | W5: =V5^$O$2 -> 2.6452436 | X5: =(W5/$W$11)*100 -> 100.45141
A6: 2004 | B6: 92.980888 | C6: 53697 | D6: 131156 | E6: 6492769815 | F6: 293262 | G6: 12217.196 | H6: 79.827 | I6: 270791 | J6: 3.6874 | K6: 324488 | L6: =(K6/$K$11)*100 -> 86.613976 | M6: =100-(L6-100) -> 113.38602 | P6: 2004 | Q6: =J6^$O$1 -> 0.80104619 | R6: =I6/Q6 -> 338046.68 | S6: =(R6/$R$28)*100 -> 77.750858 | V6: =K6/R6 -> 0.95989112 | W6: =V6^$O$2 -> 1.2722622 | X6: =(W6/$W$11)*100 -> 48.313334
A7: 2005 | B7: 91.054237 | C7: 49968 | D7: 123418 | E7: 6575841506 | F7: 295993 | G7: 13039.197 | H7: 82.127 | I7: 286216 | J7: 3.4951185 | K7: 336184 | L7: =(K7/$K$11)*100 -> 89.735931 | M7: =100-(L7-100) -> 110.26407 | P7: 2005 | Q7: =J7^$O$1 -> 0.8083724 | R7: =I7/Q7 -> 354064.54 | S7: =(R7/$R$28)*100 -> 81.434972 | V7: =K7/R7 -> 0.94949921 | W7: =V7^$O$2 -> 1.3563903 | X7: =(W7/$W$11)*100 -> 51.508042
A8: 2006 | B8: 84.098709 | C8: 33114 | D8: 108756 | E8: 6659977025 | F8: 298818 | G8: 13815.583 | H8: 84.44 | I8: 284661 | J8: 5.1895368 | K8: 317775 | L8: =(K8/$K$11)*100 -> 84.822108 | M8: =100-(L8-100) -> 115.17789 | P8: 2006 | Q8: =J8^$O$1 -> 0.75583698 | R8: =I8/Q8 -> 376616.92 | S8: =(R8/$R$28)*100 -> 86.622029 | V8: =K8/R8 -> 0.84376187 | W8: =V8^$O$2 -> 2.7164431 | X8: =(W8/$W$11)*100 -> 103.15517
A9: 2007 | B9: 79.869598 | C9: 41255 | D9: 125362 | E9: 6744489399 | F9: 301696 | G9: 14474.227 | H9: 86.607 | I9: 323545 | J9: 6.8972477 | K9: 364800 | L9: =(K9/$K$11)*100 -> 97.374258 | M9: =100-(L9-100) -> 102.62574 | P9: 2007 | Q9: =J9^$O$1 -> 0.72015356 | R9: =I9/Q9 -> 449272.24 | S9: =(R9/$R$28)*100 -> 103.33278 | V9: =K9/R9 -> 0.81197984 | W9: =V9^$O$2 -> 3.4047622 | X9: =(W9/$W$11)*100 -> 129.29364
A10: 2008 | B10: 84.344528 | C10: 42504 | D10: 136049 | E10: 6830513541 | F10: 304543 | G10: 14769.862 | H10: 89.17 | I10: 305006 | J10: 6.3273383 | K10: 347510 | L10: =(K10/$K$11)*100 -> 92.759124 | M10: =100-(L10-100) -> 107.24088 | P10: 2008 | Q10: =J10^$O$1 -> 0.7307897 | R10: =I10/Q10 -> 417364.94 | S10: =(R10/$R$28)*100 -> 95.994087 | V10: =K10/R10 -> 0.83262864 | W10: =V10^$O$2 -> 2.9371983 | X10: =(W10/$W$11)*100 -> 111.5382
A11: 2009 | B11: 82.045845 | C11: 43380 | D11: 131485 | E11: 6916589116 | F11: 307240 | G11: 14478.067 | H11: 88.921 | I11: 331257 | J11: 5.4311966 | K11: 374637 | L11: =(K11/$K$11)*100 -> 100 | M11: =100-(L11-100) -> 100 | P11: 2009 | Q11: =J11^$O$1 -> 0.75001122 | R11: =I11/Q11 -> 441669.39 | S11: =(R11/$R$28)*100 -> 101.58412 | T11: 100.85527 | V11: =K11/R11 -> 0.84822948 | W11: =V11^$O$2 -> 2.6333563 | X11: =(W11/$W$11)*100 -> 100
A12: 2010 | B12: 78.3582 | C12: 28644 | D12: 114858 | E12: 7001266876 | F12: 309839 | G12: 15048.971 | H12: 90.514 | I12: 331057 | J12: 7.8673212 | K12: 359701 | L12: =(K12/$K$11)*100 -> 96.013207 | M12: =100-(L12-100) -> 103.98679 | P12: 2010 | Q12: =J12^$O$1 -> 0.70422174 | R12: =I12/Q12 -> 470103.35 | S12: =(R12/$R$28)*100 -> 108.12394 | T12: 104.36824 | V12: =K12/R12 -> 0.76515303 | W12: =V12^$O$2 -> 4.8287367 | X12: =(W12/$W$11)*100 -> 183.36815
A13: 2011 | B13: 83.05545 | C13: 25122 | D13: 122848 | E13: 7087120034 | F13: 312295 | G13: 15599.732 | H13: 92.804 | I13: 317057 | J13: 9.1153918 | K13: 342179 | L13: =(K13/$K$11)*100 -> 91.336147 | M13: =100-(L13-100) -> 108.66385 | P13: 2011 | Q13: =J13^$O$1 -> 0.6868125 | R13: =I13/Q13 -> 461635.45 | S13: =(R13/$R$28)*100 -> 106.17632 | T13: 97.927618 | V13: =K13/R13 -> 0.74123207 | W13: =V13^$O$2 -> 5.8207011 | X13: =(W13/$W$11)*100 -> 221.03736
A14: 2012 | B14: 83.028945 | C14: 20859 | D14: 145530 | E14: 7176929184 | F14: 314725 | G14: 16253.97 | H14: 94.534 | I14: 281518 | J14: 9.8552169 | K14: 302377 | L14: =(K14/$K$11)*100 -> 80.711996 | M14: =100-(L14-100) -> 119.288 | P14: 2012 | Q14: =J14^$O$1 -> 0.67776127 | R14: =I14/Q14 -> 415364.54 | S14: =(R14/$R$28)*100 -> 95.533995 | T14: 72.56313 | V14: =K14/R14 -> 0.72797981 | W14: =V14^$O$2 -> 6.4723612 | X14: =(W14/$W$11)*100 -> 245.78372
A15: 2013 | B15: 86.381657 | C15: 31292 | D15: 216040 | E15: 7265892332 | F15: 317099 | G15: 16880.683 | H15: 95.781 | I15: 341792 | J15: 6.2861417 | K15: 373084 | L15: =(K15/$K$11)*100 -> 99.585465 | M15: =100-(L15-100) -> 100.41453 | P15: 2013 | Q15: =J15^$O$1 -> 0.73160168 | R15: =I15/Q15 -> 467183.18 | S15: =(R15/$R$28)*100 -> 107.4523 | T15: 89.785653 | V15: =K15/R15 -> 0.79858183 | W15: =V15^$O$2 -> 3.7548417 | X15: =(W15/$W$11)*100 -> 142.58768
A16: 2014 | B16: 99.928975 | C16: 43974 | D16: 279937 | E16: 7354068030 | F16: 319601 | G16: 17608.138 | H16: 97.121 | I16: 349258 | J16: 5.10022 | K16: 393232 | L16: =(K16/$K$11)*100 -> 104.96347 | M16: =100-(L16-100) -> 95.036529 | P16: 2014 | Q16: =J16^$O$1 -> 0.758071 | R16: =I16/Q16 -> 460719.38 | S16: =(R16/$R$28)*100 -> 105.96562 | T16: 87.842946 | V16: =K16/R16 -> 0.85351739 | W16: =V16^$O$2 -> 2.5388269 | X16: =(W16/$W$11)*100 -> 96.410307
A17: 2015 | B17: 103.52059 | C17: 44123 | D17: 313363 | E17: 7441677465 | F17: 322113 | G17: 18295.019 | H17: 97.299 | I17: 347073 | J17: 4.8848056 | K17: 391196 | L17: =(K17/$K$11)*100 -> 104.42001 | M17: =100-(L17-100) -> 95.579988 | P17: 2015 | Q17: =J17^$O$1 -> 0.76365282 | R17: =I17/Q17 -> 454490.56 | S17: =(R17/$R$28)*100 -> 104.53299 | T17: 81.84277 | V17: =K17/R17 -> 0.86073515 | W17: =V17^$O$2 -> 2.4161304 | X17: =(W17/$W$11)*100 -> 91.750987
A18: 2016 | B18: 100.41136 | C18: 58253 | D18: 350824 | E18: 7528879985 | F18: 324609 | G18: 18804.913 | H18: 98.284 | I18: 372098 | J18: 4.5318407 | K18: 430351 | L18: =(K18/$K$11)*100 -> 114.87146 | M18: =100-(L18-100) -> 85.128538 | P18: 2016 | Q18: =J18^$O$1 -> 0.7734519 | R18: =I18/Q18 -> 481087.45 | S18: =(R18/$R$28)*100 -> 110.65029 | T18: 88.936169 | V18: =K18/R18 -> 0.894538 | W18: =V18^$O$2 -> 1.9262515 | X18: =(W18/$W$11)*100 -> 73.148152
A19: 2017 | B19: 102.30157 | C19: 54367 | D19: 342235 | E19: 7614523410 | F19: 326860 | G19: 19612.103 | H19: 100 | I19: 375897 | J19: 4.4931483 | K19: 430264 | L19: =(K19/$K$11)*100 -> 114.84824 | M19: =100-(L19-100) -> 85.15176 | P19: 2017 | Q19: =J19^$O$1 -> 0.77458016 | R19: =I19/Q19 -> 485291.28 | S19: =(R19/$R$28)*100 -> 111.61717 | T19: 92.283147 | V19: =K19/R19 -> 0.88660979 | W19: =V19^$O$2 -> 2.0298117 | X19: =(W19/$W$11)*100 -> 77.080785
A20: 2018 | B20: 108.06282 | C20: 56823 | D20: 326775 | E20: 7697233736 | F20: 328794 | G20: 20656.516 | H20: 102.047 | I20: 362041 | J20: 4.7614 | K20: 418864 | L20: =(K20/$K$11)*100 -> 111.80529 | M20: =100-(L20-100) -> 88.194706 | P20: 2018 | Q20: =J20^$O$1 -> 0.76698188 | R20: =I20/Q20 -> 472033.31 | S20: =(R20/$R$28)*100 -> 108.56783 | T20: 90.264036 | V20: =K20/R20 -> 0.8873611 | W20: =V20^$O$2 -> 2.0197232 | X20: =(W20/$W$11)*100 -> 76.697679
A21: 2019 | B21: 112.25717 | C21: 50913 | D21: 314542 | E21: 7778008621 | F21: 330513 | G21: 21539.982 | H21: 103.509 | I21: 351625 | J21: 4.6081405 | K21: 402538 | L21: =(K21/$K$11)*100 -> 107.44748 | M21: =100-(L21-100) -> 92.552524 | P21: 2019 | Q21: =J21^$O$1 -> 0.77125968 | R21: =I21/Q21 -> 455910 | S21: =(R21/$R$28)*100 -> 104.85946 | T21: 87.550077 | V21: =K21/R21 -> 0.88293304 | W21: =V21^$O$2 -> 2.0800413 | X21: =(W21/$W$11)*100 -> 78.98822
A22: 2020 | B22: 110.50794 | C22: 31358 | D22: 297358 | E22: 7854748424 | F22: 331840 | G22: 21375.282 | H22: 104.666 | I22: 377990 | J22: 5.67609 | K22: 409348 | L22: =(K22/$K$11)*100 -> 109.26524 | M22: =100-(L22-100) -> 90.734765 | P22: 2020 | Q22: =J22^$O$1 -> 0.74440901 | R22: =I22/Q22 -> 507771.93 | S22: =(R22/$R$28)*100 -> 116.78773 | T22: 107.31693 | V22: =K22/R22 -> 0.80616509 | W22: =V22^$O$2 -> 3.5517889 | X22: =(W22/$W$11)*100 -> 134.87688
... A26: 2024 | B26: 115.30512 | C26: 38905 | D26: 293369 | E26: 8141808945 | F26: 340212 | G26: 29298.013 | H26: 123.666 | I26: 384705 | J26: 4.322799 | K26: 423610 | L26: =(K26/$K$11)*100 -> 113.07212 | M26: =100-(L26-100) -> 86.92788 | P26: 2024 | Q26: =J26^$O$1 -> 0.77968637 | R26: =I26/Q26 -> 493409.93 | S26: =(R26/$R$28)*100 -> 113.48446 | T26: 94.660708 | V26: =K26/R26 -> 0.85853561 | W26: =V26^$O$2 -> 2.4527708 | X26: =(W26/$W$11)*100 -> 93.142383
A27: 2025 | B27: 117.66338 | C27: 51534 | D27: 279151 | E27: =AVERAGE((E26-E25),(E25-E24),(E24-E23),(E23-E22))+E26 -> 8.2135741e+09 | F27: =AVERAGE((F26-F25),(F25-F24),(F24-F23),(F23-F22))+F26 -> 342305 | G27: =AVERAGE((G26-G25),(G25-G24),(G24-G23),(G23-G22))+G26 -> 31278.696 | H27: =AVERAGE((H26-H25),(H25-H24),(H24-H23),(H23-H22))+H26 -> 128.416 | I27: 413531 | J27: 4 | K27: 465065 | L27: =(K27/$K$11)*100 -> 124.1375 | M27: =100-(L27-100) -> 75.862502 | P27: 2025 | Q27: =J27^$O$1 -> 0.79004131 | R27: =I27/Q27 -> 523429.59 | S27: =(R27/$R$28)*100 -> 120.389 | T27: 112.57873 | V27: =K27/R27 -> 0.88849581 | W27: =V27^$O$2 -> 2.0045973 | X27: =(W27/$W$11)*100 -> 76.123284
I28: 413531 | K28: 465065 | R28: =AVERAGE(R2:R27) -> 434781.92 | S28: =(R28/$R$11)*100 -> 98.440583
T29: =CORREL(T11:T27,S11:S27) -> 0.75680497
V30: =CORREL(V2:V27,J2:J27) -> -0.92954898 | W30: =CORREL(W2:W27,J2:J27) -> 0.97634636 | X30: =CORREL(J2:J27,X2:X27) -> 0.97634636
Q31: * convert prices into a quantity-equalivent reponses | R31: * clean demand-shift index | V31: =CORREL(V2:V28,J2:J27) -> #N/A
O35: New Tool with demand known | Y35: S2U model
P37: S/D Index | Q37: Real MYA Price | R37: Est | S37: Error | Z37: S2U | AA37: Real MYA Price | AC37: Est | AD37: Error
O47: 2009 | P47: =X11 -> 100 | Q47: =J11 -> 5.4311966 | R47: =0.0323*P47+1.8946 -> 5.1246 | S47: =(R47-Q47) -> -0.30659658 | Y47: 2009 | Z47: =C11/I11 -> 0.13095572 | AA47: =J11 -> 5.4311966 | AC47: =-34.762*Z47+9.8197 -> 5.2674172 | AD47: =(AC47-AA47) -> -0.16377943
O48: 2010 | P48: =X12 -> 183.36815 | Q48: =J12 -> 7.8673212 | R48: =0.0323*P48+1.8946 -> 7.8173913 | S48: =(R48-Q48) -> -0.049929944 | Y48: 2010 | Z48: =C12/I12 -> 0.086522865 | AA48: =J12 -> 7.8673212 | AC48: =-34.762*Z48+9.8197 -> 6.8119922 | AD48: =(AC48-AA48) -> -1.055329
O49: 2011 | P49: =X13 -> 221.03736 | Q49: =J13 -> 9.1153918 | R49: =0.0323*P49+1.8946 -> 9.0341066 | S49: =(R49-Q49) -> -0.081285215 | Y49: 2011 | Z49: =C13/I13 -> 0.079234964 | AA49: =J13 -> 9.1153918 | AC49: =-34.762*Z49+9.8197 -> 7.0653342 | AD49: =(AC49-AA49) -> -2.0500576
O50: 2012 | P50: =X14 -> 245.78372 | Q50: =J14 -> 9.8552169 | R50: =0.0323*P50+1.8946 -> 9.8334143 | S50: =(R50-Q50) -> -0.021802637 | Y50: 2012 | Z50: =C14/I14 -> 0.074094729 | AA50: =J14 -> 9.8552169 | AC50: =-34.762*Z50+9.8197 -> 7.244019 | AD50: =(AC50-AA50) -> -2.6111979
O51: 2013 | P51: =X15 -> 142.58768 | Q51: =J15 -> 6.2861417 | R51: =0.0323*P51+1.8946 -> 6.5001821 | S51: =(R51-Q51) -> 0.2140404 | Y51: 2013 | Z51: =C15/I15 -> 0.091552757 | AA51: =J15 -> 6.2861417 | AC51: =-34.762*Z51+9.8197 -> 6.6371431 | AD51: =(AC51-AA51) -> 0.35100132
O52: 2014 | P52: =X16 -> 96.410307 | Q52: =J16 -> 5.10022 | R52: =0.0323*P52+1.8946 -> 5.0086529 | S52: =(R52-Q52) -> -0.091567093 | Y52: 2014 | Z52: =C16/I16 -> 0.12590692 | AA52: =J16 -> 5.10022 | AC52: =-34.762*Z52+9.8197 -> 5.4429236 | AD52: =(AC52-AA52) -> 0.34270353
O53: 2015 | P53: =X17 -> 91.750987 | Q53: =J17 -> 4.8848056 | R53: =0.0323*P53+1.8946 -> 4.8581569 | S53: =(R53-Q53) -> -0.026648728 | Y53: 2015 | Z53: =C17/I17 -> 0.12712887 | AA53: =J17 -> 4.8848056 | AC53: =-34.762*Z53+9.8197 -> 5.4004461 | AD53: =(AC53-AA53) -> 0.51564043
O54: 2016 | P54: =X18 -> 73.148152 | Q54: =J18 -> 4.5318407 | R54: =0.0323*P54+1.8946 -> 4.2572853 | S54: =(R54-Q54) -> -0.27455538 | Y54: 2016 | Z54: =C18/I18 -> 0.15655284 | AA54: =J18 -> 4.5318407 | AC54: =-34.762*Z54+9.8197 -> 4.3776101 | AD54: =(AC54-AA54) -> -0.15423064
O55: 2017 | P55: =X19 -> 77.080785 | Q55: =J19 -> 4.4931483 | R55: =0.0323*P55+1.8946 -> 4.3843094 | S55: =(R55-Q55) -> -0.10883899 | Y55: 2017 | Z55: =C19/I19 -> 0.14463271 | AA55: =J19 -> 4.4931483 | AC55: =-34.762*Z55+9.8197 -> 4.7919779 | AD55: =(AC55-AA55) -> 0.29882955
O56: 2018 | P56: =X20 -> 76.697679 | Q56: =J20 -> 4.7614 | R56: =0.0323*P56+1.8946 -> 4.371935 | S56: =(R56-Q56) -> -0.38946498 | Y56: 2018 | Z56: =C20/I20 -> 0.15695184 | AA56: =J20 -> 4.7614 | AC56: =-34.762*Z56+9.8197 -> 4.3637402 | AD56: =(AC56-AA56) -> -0.39765976
O57: 2019 | P57: =X21 -> 78.98822 | Q57: =J21 -> 4.6081405 | R57: =0.0323*P57+1.8946 -> 4.4459195 | S57: =(R57-Q57) -> -0.16222099 | Y57: 2019 | Z57: =C21/I21 -> 0.14479346 | AA57: =J21 -> 4.6081405 | AC57: =-34.762*Z57+9.8197 -> 4.7863898 | AD57: =(AC57-AA57) -> 0.17824928
O58: 2020 | P58: =X22 -> 134.87688 | Q58: =J22 -> 5.67609 | R58: =0.0323*P58+1.8946 -> 6.2511233 | S58: =(R58-Q58) -> 0.57503328 | Y58: 2020 | Z58: =C22/I22 -> 0.082959867 | AA58: =J22 -> 5.67609 | AC58: =-34.762*Z58+9.8197 -> 6.9358491 | AD58: =(AC58-AA58) -> 1.2597591
... O62: 2024 | P62: =X26 -> 93.142383 | Q62: =J26 -> 4.322799 | R62: =0.0323*P62+1.8946 -> 4.903099 | S62: =(R62-Q62) -> 0.58029994 | Y62: 2024 | Z62: =C26/I26 -> 0.10112944 | AA62: =J26 -> 4.322799 | AC62: =-34.762*Z62+9.8197 -> 6.3042385 | AD62: =(AC62-AA62) -> 1.9814395
O63: 2025 | P63: =X27 -> 76.123284 | Q63: =J27 -> 4 | R63: =0.0323*P63+1.8946 -> 4.3533821 | S63: =(R63-Q63) -> 0.35338207 | T63: total abs error divided by #years (avg annual error) | Y63: 2025 | Z63: =C27/I27 -> 0.12461944 | AA63: =J27 -> 4 | AC63: =-34.762*Z63+9.8197 -> 5.4876792 | AD63: =(AC63-AA63) -> 1.4876792 | AE63: total abs error divided by #years (avg annual error)
S64: {=SUM(ABS(S38:S63))} -> 3.7186814 | T64: =S64/COUNT(O38:O63) -> 0.21874597 | AD64: {=SUM(ABS(AD38:AD63))} -> 15.29487 | AE64: =AD64/COUNT(Z38:Z63) -> 0.89969822
P67: 2025 base | Q67: unchanged usage | R67: unchanged supply
P68: 4.35 | Q68: 3.5 | R68: 6.1528825
O71: New Tool w/out tool known | Y71: Dep from trendline | AA71: New Tool w/ directional demand
M72: Trendline Demand Index | P72: Est Price | Q72: Real MYA Price | S72: Error | AB72: Est Price | AC72: Real MYA Price | AE72: Error
M73: 100.0825 | O73: 2009 | P73: =((((K11/((M73/100)*$R$11))^$O$2)/$W$11)*100)*0.0323+1.8946 -> 5.1403066 | Q73: =J11 -> 5.4311966 | S73: =Q73-P73 -> 0.29088998 | Y73: 8.063 | Z73: =M73+IF(Y73<0,$Y$92,$Y$95) -> 106.13247 | AA73: 2009 | AB73: =((((K11/((Z73/100)*$R$11))^$O$2)/$W$11)*100)*0.0323+1.8946 -> 6.47867 | AC73: =J11 -> 5.4311966 | AE73: =AC73-AB73 -> -1.0474734
M74: 101.061 | O74: 2010 | P74: =((((K12/((M74/100)*$R$11))^$O$2)/$W$11)*100)*0.0323+1.8946 -> 6.260766 | Q74: =J12 -> 7.8673212 | S74: =Q74-P74 -> 1.6065552 | Y74: 12.642537 | Z74: =M74+IF(Y74<0,$Y$92,$Y$95) -> 107.11097 | AA74: 2010 | AB74: =((((K12/((Z74/100)*$R$11))^$O$2)/$W$11)*100)*0.0323+1.8946 -> 8.0411559 | AC74: =J12 -> 7.8673212 | AE74: =AC74-AB74 -> -0.17383474
M75: 102.0395 | O75: 2011 | P75: =((((K13/((M75/100)*$R$11))^$O$2)/$W$11)*100)*0.0323+1.8946 -> 8.0932127 | Q75: =J13 -> 9.1153918 | S75: =Q75-P75 -> 1.0221791 | Y75: 8.8669896 | Z75: =M75+IF(Y75<0,$Y$92,$Y$95) -> 108.08947 | AA75: 2011 | AB75: =((((K13/((Z75/100)*$R$11))^$O$2)/$W$11)*100)*0.0323+1.8946 -> 10.593053 | AC75: =J13 -> 9.1153918 | AE75: =AC75-AB75 -> -1.4776608
M76: 103.018 | O76: 2012 | P76: =((((K14/((M76/100)*$R$11))^$O$2)/$W$11)*100)*0.0323+1.8946 -> 15.464762 | Q76: =J14 -> 9.8552169 | S76: =Q76-P76 -> -5.6095452 | Y76: -3.4676782 | Z76: =M76+IF(Y76<0,$Y$92,$Y$95) -> 98.564164 | AA76: 2012 | AB76: =((((K14/((Z76/100)*$R$11))^$O$2)/$W$11)*100)*0.0323+1.8946 -> 12.358142 | AC76: =J14 -> 9.8552169 | AE76: =AC76-AB76 -> -2.5029254
M77: 103.9965 | O77: 2013 | P77: =((((K15/((M77/100)*$R$11))^$O$2)/$W$11)*100)*0.0323+1.8946 -> 6.0625709 | Q77: =J15 -> 6.2861417 | S77: =Q77-P77 -> 0.22357086 | Y77: 6.406472 | Z77: =M77+IF(Y77<0,$Y$92,$Y$95) -> 110.04647 | AA77: 2013 | AB77: =((((K15/((Z77/100)*$R$11))^$O$2)/$W$11)*100)*0.0323+1.8946 -> 7.7073277 | AC77: =J15 -> 6.2861417 | AE77: =AC77-AB77 -> -1.421186
M78: 104.975 | O78: 2014 | P78: =((((K16/((M78/100)*$R$11))^$O$2)/$W$11)*100)*0.0323+1.8946 -> 5.1266874 | Q78: =J16 -> 5.10022 | S78: =Q78-P78 -> -0.026467408 | Y78: 3.0846775 | Z78: =M78+IF(Y78<0,$Y$92,$Y$95) -> 111.02497 | AA78: 2014 | AB78: =((((K16/((Z78/100)*$R$11))^$O$2)/$W$11)*100)*0.0323+1.8946 -> 6.3885571 | AC78: =J16 -> 5.10022 | AE78: =AC78-AB78 -> -1.2883371
M79: 105.9535 | O79: 2015 | P79: =((((K17/((M79/100)*$R$11))^$O$2)/$W$11)*100)*0.0323+1.8946 -> 5.4138251 | Q79: =J17 -> 4.8848056 | S79: =Q79-P79 -> -0.52901948 | Y79: -0.18391161 | Z79: =M79+IF(Y79<0,$Y$92,$Y$95) -> 101.49966 | AA79: 2015 | AB79: =((((K17/((Z79/100)*$R$11))^$O$2)/$W$11)*100)*0.0323+1.8946 -> 4.628213 | AC79: =J17 -> 4.8848056 | AE79: =AC79-AB79 -> 0.25659261
M80: 106.932 | O80: 2016 | P80: =((((K18/((M80/100)*$R$11))^$O$2)/$W$11)*100)*0.0323+1.8946 -> 4.0141083 | Q80: =J18 -> 4.5318407 | S80: =Q80-P80 -> 0.51773243 | Y80: 3.9796873 | Z80: =M80+IF(Y80<0,$Y$92,$Y$95) -> 112.98197 | AA80: 2016 | AB80: =((((K18/((Z80/100)*$R$11))^$O$2)/$W$11)*100)*0.0323+1.8946 -> 4.8243594 | AC80: =J18 -> 4.5318407 | AE80: =AC80-AB80 -> -0.29251867
M81: 107.9105 | O81: 2017 | P81: =((((K19/((M81/100)*$R$11))^$O$2)/$W$11)*100)*0.0323+1.8946 -> 4.1334361 | Q81: =J19 -> 4.4931483 | S81: =Q81-P81 -> 0.35971227 | Y81: 3.0731932 | Z81: =M81+IF(Y81<0,$Y$92,$Y$95) -> 113.96047 | AA81: 2017 | AB81: =((((K19/((Z81/100)*$R$11))^$O$2)/$W$11)*100)*0.0323+1.8946 -> 4.9804754 | AC81: =J19 -> 4.4931483 | AE81: =AC81-AB81 -> -0.48732708
M82: 108.889 | O82: 2018 | P82: =((((K20/((M82/100)*$R$11))^$O$2)/$W$11)*100)*0.0323+1.8946 -> 4.6595212 | Q82: =J20 -> 4.7614 | S82: =Q82-P82 -> 0.10187878 | Y82: -1.7868923 | Z82: =M82+IF(Y82<0,$Y$92,$Y$95) -> 104.43516 | AA82: 2018 | AB82: =((((K20/((Z82/100)*$R$11))^$O$2)/$W$11)*100)*0.0323+1.8946 -> 4.0572838 | AC82: =J20 -> 4.7614 | AE82: =AC82-AB82 -> 0.70411623
M83: 109.8675 | O83: 2019 | P83: =((((K21/((M83/100)*$R$11))^$O$2)/$W$11)*100)*0.0323+1.8946 -> 5.5767601 | Q83: =J21 -> 4.6081405 | S83: =Q83-P83 -> -0.96861962 | Y83: -7.2957317 | Z83: =M83+IF(Y83<0,$Y$92,$Y$95) -> 105.41366 | AA83: 2019 | AB83: =((((K21/((Z83/100)*$R$11))^$O$2)/$W$11)*100)*0.0323+1.8946 -> 4.7811764 | AC83: =J21 -> 4.6081405 | AE83: =AC83-AB83 -> -0.17303595
M84: 110.846 | O84: 2020 | P84: =((((K22/((M84/100)*$R$11))^$O$2)/$W$11)*100)*0.0323+1.8946 -> 5.4093688 | Q84: =J22 -> 5.67609 | S84: =Q84-P84 -> 0.26672124 | Y84: 2.5882195 | Z84: =M84+IF(Y84<0,$Y$92,$Y$95) -> 116.89597 | AA84: 2020 | AB84: =((((K22/((Z84/100)*$R$11))^$O$2)/$W$11)*100)*0.0323+1.8946 -> 6.6992157 | AC84: =J22 -> 5.67609 | AE84: =AC84-AB84 -> -1.0231257
... M88: 114.76 | O88: 2024 | P88: =((((K26/((M88/100)*$R$11))^$O$2)/$W$11)*100)*0.0323+1.8946 -> 5.4187589 | Q88: =J26 -> 4.322799 | S88: =Q88-P88 -> -1.0959599 | Y88: -8.0967327 | Z88: =M88+IF(Y88<0,$Y$92,$Y$95) -> 110.30616 | AA88: 2024 | AB88: =((((K26/((Z88/100)*$R$11))^$O$2)/$W$11)*100)*0.0323+1.8946 -> 4.6867155 | AC88: =J26 -> 4.322799 | AE88: =AC88-AB88 -> -0.36391647
M89: 115.7385 | O89: 2025 | P89: =((((K27/((M89/100)*$R$11))^$O$2)/$W$11)*100)*0.0323+1.8946 -> 4.0337001 | Q89: =J27 -> 4 | S89: =Q89-P89 -> -0.033700115 | T89: total abs error divided by #years (avg annual error) | Y89: -3.1581712 | Z89: =M89+IF(Y89<0,$Y$92,$Y$95) -> 111.28466 | AA89: 2025 | AB89: =((((K27/((Z89/100)*$R$11))^$O$2)/$W$11)*100)*0.0323+1.8946 -> 3.5927691 | AC89: =J27 -> 4 | AE89: =AC89-AB89 -> 0.4072309 | AF89: total abs error divided by #years (avg annual error)
S90: {=SUM(ABS(S73:S89))} -> 15.433919 | T90: =S90/COUNT(O73:O89) -> 0.9078776 | Y90: =COUNTIF(Y73:Y89, "<0") -> 8 | AE90: {=SUM(ABS(AE73:AE89))} -> 13.194322 | AF90: =AE90/COUNT(AA73:AA89) -> 0.7761366
Y91: =SUMIF(Y73:Y89, "<0") -> -35.630687
Y92: =Y91/Y90 -> -4.4538359
Y93: =COUNTIF(Y73:Y89, ">0") -> 9
Y94: =SUMIF(Y73:Y89, ">0") -> 54.449751
Y95: =Y94/Y93 -> 6.0499724
O97: New Tool with simple est of demand
L98: Est Demand Adj | M98: Trendline Demand Index | P98: Est Price | Q98: Real MYA Price | S98: Error
L99: 3.7286082 | M99: 100.0825 | N99: =M99+L99 -> 103.81111 | O99: 2009 | P99: =((((K11/((N99/100)*$R$11))^$O$2)/$W$11)*100)*0.0323+1.8946 -> 5.919494 | Q99: =J11 -> 5.4311966 | S99: =Q99-P99 -> -0.48829742
L100: 2.686064 | M100: 101.061 | N100: =M100+L100 -> 103.74706 | O100: 2010 | P100: =((((K12/((N100/100)*$R$11))^$O$2)/$W$11)*100)*0.0323+1.8946 -> 6.989238 | Q100: =J12 -> 7.8673212 | S100: =Q100-P100 -> 0.87808323
L101: -0.4310352 | M101: 102.0395 | N101: =M101+L101 -> 101.60846 | O101: 2011 | P101: =((((K13/((N101/100)*$R$11))^$O$2)/$W$11)*100)*0.0323+1.8946 -> 7.9407678 | Q101: =J13 -> 9.1153918 | S101: =Q101-P101 -> 1.1746241
L102: -6.6712356 | M102: 103.018 | N102: =M102+L102 -> 96.346764 | O102: 2012 | P102: =((((K14/((N102/100)*$R$11))^$O$2)/$W$11)*100)*0.0323+1.8946 -> 11.047313 | Q102: =J14 -> 9.8552169 | S102: =Q102-P102 -> -1.1920965
L103: 1.458584 | M103: 103.9965 | N103: =M103+L103 -> 105.45508 | O103: 2013 | P103: =((((K15/((N103/100)*$R$11))^$O$2)/$W$11)*100)*0.0323+1.8946 -> 6.4184255 | Q103: =J15 -> 6.2861417 | S103: =Q103-P103 -> -0.13228377
L104: 1.6422433 | M104: 104.975 | N104: =M104+L104 -> 106.61724 | O104: 2014 | P104: =((((K16/((N104/100)*$R$11))^$O$2)/$W$11)*100)*0.0323+1.8946 -> 5.4357096 | Q104: =J16 -> 5.10022 | S104: =Q104-P104 -> -0.33548958
L105: 0.44468939 | M105: 105.9535 | N105: =M105+L105 -> 106.39819 | O105: 2015 | P105: =((((K17/((N105/100)*$R$11))^$O$2)/$W$11)*100)*0.0323+1.8946 -> 5.5016041 | Q105: =J17 -> 4.8848056 | S105: =Q105-P105 -> -0.61679847
L106: 3.0977227 | M106: 106.932 | N106: =M106+L106 -> 110.02972 | O106: 2016 | P106: =((((K18/((N106/100)*$R$11))^$O$2)/$W$11)*100)*0.0323+1.8946 -> 4.4018058 | Q106: =J18 -> 4.5318407 | S106: =Q106-P106 -> 0.13003487
L107: 2.7396488 | M107: 107.9105 | N107: =M107+L107 -> 110.65015 | O107: 2017 | P107: =((((K19/((N107/100)*$R$11))^$O$2)/$W$11)*100)*0.0323+1.8946 -> 4.4892041 | Q107: =J19 -> 4.4931483 | S107: =Q107-P107 -> 0.0039442226
L108: 0.0039980421 | M108: 108.889 | N108: =M108+L108 -> 108.893 | O108: 2018 | P108: =((((K20/((N108/100)*$R$11))^$O$2)/$W$11)*100)*0.0323+1.8946 -> 4.6601184 | Q108: =J20 -> 4.7614 | S108: =Q108-P108 -> 0.10128156
L109: -2.1841908 | M109: 109.8675 | N109: =M109+L109 -> 107.68331 | O109: 2019 | P109: =((((K21/((N109/100)*$R$11))^$O$2)/$W$11)*100)*0.0323+1.8946 -> 5.1665266 | Q109: =J21 -> 4.6081405 | S109: =Q109-P109 -> -0.55838613
L110: 0.51588069 | M110: 110.846 | N110: =M110+L110 -> 111.36188 | O110: 2020 | P110: =((((K22/((N110/100)*$R$11))^$O$2)/$W$11)*100)*0.0323+1.8946 -> 5.5066912 | Q110: =J22 -> 5.67609 | S110: =Q110-P110 -> 0.16939882
... L114: -1.6523638 | M114: 114.76 | N114: =M114+L114 -> 113.10764 | O114: 2024 | P114: =((((K26/((N114/100)*$R$11))^$O$2)/$W$11)*100)*0.0323+1.8946 -> 5.1305724 | Q114: =J26 -> 4.322799 | S114: =Q114-P114 -> -0.80777342
L115: 1.1370408 | M115: 115.7385 | N115: =M115+L115 -> 116.87554 | O115: 2025 | P115: =((((K27/((N115/100)*$R$11))^$O$2)/$W$11)*100)*0.0323+1.8946 -> 4.1603204 | Q115: =J27 -> 4 | S115: =Q115-P115 -> -0.16032038 | T115: total abs error divided by #years (avg annual error)
S116: {=SUM(ABS(S99:S115))} -> 9.666786 | T116: =S116/COUNT(O99:O115) -> 0.56863447
